sample_id,class_name,class_index,source_dataset,filename,relative_path,recording_id,split
SMP_00001,glass_break,1,esc50,esc50_1-20133-A-39.wav,data/raw_categorized/1_glass_break/esc50_1-20133-A-39.wav,esc50_20133,train
SMP_00002,glass_break,1,esc50,esc50_1-84536-A-39.wav,data/raw_categorized/1_glass_break/esc50_1-84536-A-39.wav,esc50_84536,train
SMP_00003,glass_break,1,esc50,esc50_1-84704-A-39.wav,data/raw_categorized/1_glass_break/esc50_1-84704-A-39.wav,esc50_84704,train
SMP_00004,glass_break,1,esc50,esc50_1-84705-A-39.wav,data/raw_categorized/1_glass_break/esc50_1-84705-A-39.wav,esc50_84705,train
SMP_00005,glass_break,1,esc50,esc50_1-85168-A-39.wav,data/raw_categorized/1_glass_break/esc50_1-85168-A-39.wav,esc50_85168,train
SMP_00006,glass_break,1,esc50,esc50_1-85184-A-39.wav,data/raw_categorized/1_glass_break/esc50_1-85184-A-39.wav,esc50_85184,val
SMP_00007,glass_break,1,esc50,esc50_1-88807-A-39.wav,data/raw_categorized/1_glass_break/esc50_1-88807-A-39.wav,esc50_88807,train
SMP_00008,glass_break,1,esc50,esc50_1-977-A-39.wav,data/raw_categorized/1_glass_break/esc50_1-977-A-39.wav,esc50_977,train
SMP_00009,glass_break,1,esc50,esc50_2-106881-A-39.wav,data/raw_categorized/1_glass_break/esc50_2-106881-A-39.wav,esc50_106881,train
SMP_00010,glass_break,1,esc50,esc50_2-112213-A-39.wav,data/raw_categorized/1_glass_break/esc50_2-112213-A-39.wav,esc50_112213,test
SMP_00011,glass_break,1,esc50,esc50_2-112213-B-39.wav,data/raw_categorized/1_glass_break/esc50_2-112213-B-39.wav,esc50_112213,test
SMP_00012,glass_break,1,esc50,esc50_2-141563-A-39.wav,data/raw_categorized/1_glass_break/esc50_2-141563-A-39.wav,esc50_141563,train
SMP_00013,glass_break,1,esc50,esc50_2-173559-A-39.wav,data/raw_categorized/1_glass_break/esc50_2-173559-A-39.wav,esc50_173559,train
SMP_00014,glass_break,1,esc50,esc50_2-173607-A-39.wav,data/raw_categorized/1_glass_break/esc50_2-173607-A-39.wav,esc50_173607,train
SMP_00015,glass_break,1,esc50,esc50_2-173618-A-39.wav,data/raw_categorized/1_glass_break/esc50_2-173618-A-39.wav,esc50_173618,train
SMP_00016,glass_break,1,esc50,esc50_2-250710-A-39.wav,data/raw_categorized/1_glass_break/esc50_2-250710-A-39.wav,esc50_250710,train
SMP_00017,glass_break,1,esc50,esc50_3-203371-A-39.wav,data/raw_categorized/1_glass_break/esc50_3-203371-A-39.wav,esc50_203371,val
SMP_00018,glass_break,1,esc50,esc50_3-203373-A-39.wav,data/raw_categorized/1_glass_break/esc50_3-203373-A-39.wav,esc50_203373,val
SMP_00019,glass_break,1,esc50,esc50_3-203374-A-39.wav,data/raw_categorized/1_glass_break/esc50_3-203374-A-39.wav,esc50_203374,train
SMP_00020,glass_break,1,esc50,esc50_3-203375-A-39.wav,data/raw_categorized/1_glass_break/esc50_3-203375-A-39.wav,esc50_203375,train
SMP_00021,glass_break,1,esc50,esc50_3-203377-A-39.wav,data/raw_categorized/1_glass_break/esc50_3-203377-A-39.wav,esc50_203377,train
SMP_00022,glass_break,1,esc50,esc50_3-216280-A-39.wav,data/raw_categorized/1_glass_break/esc50_3-216280-A-39.wav,esc50_216280,train
SMP_00023,glass_break,1,esc50,esc50_3-216281-A-39.wav,data/raw_categorized/1_glass_break/esc50_3-216281-A-39.wav,esc50_216281,train
SMP_00024,glass_break,1,esc50,esc50_3-216284-A-39.wav,data/raw_categorized/1_glass_break/esc50_3-216284-A-39.wav,esc50_216284,test
SMP_00025,glass_break,1,esc50,esc50_4-204115-A-39.wav,data/raw_categorized/1_glass_break/esc50_4-204115-A-39.wav,esc50_204115,train
SMP_00026,glass_break,1,esc50,esc50_4-204119-A-39.wav,data/raw_categorized/1_glass_break/esc50_4-204119-A-39.wav,esc50_204119,val
SMP_00027,glass_break,1,esc50,esc50_4-204121-A-39.wav,data/raw_categorized/1_glass_break/esc50_4-204121-A-39.wav,esc50_204121,test
SMP_00028,glass_break,1,esc50,esc50_4-204123-A-39.wav,data/raw_categorized/1_glass_break/esc50_4-204123-A-39.wav,esc50_204123,train
SMP_00029,glass_break,1,esc50,esc50_4-204777-A-39.wav,data/raw_categorized/1_glass_break/esc50_4-204777-A-39.wav,esc50_204777,train
SMP_00030,glass_break,1,esc50,esc50_4-204777-B-39.wav,data/raw_categorized/1_glass_break/esc50_4-204777-B-39.wav,esc50_204777,train
SMP_00031,glass_break,1,esc50,esc50_4-204777-C-39.wav,data/raw_categorized/1_glass_break/esc50_4-204777-C-39.wav,esc50_204777,train
SMP_00032,glass_break,1,esc50,esc50_4-212698-A-39.wav,data/raw_categorized/1_glass_break/esc50_4-212698-A-39.wav,esc50_212698,val
SMP_00033,glass_break,1,esc50,esc50_5-221528-A-39.wav,data/raw_categorized/1_glass_break/esc50_5-221528-A-39.wav,esc50_221528,test
SMP_00034,glass_break,1,esc50,esc50_5-221529-A-39.wav,data/raw_categorized/1_glass_break/esc50_5-221529-A-39.wav,esc50_221529,train
SMP_00035,glass_break,1,esc50,esc50_5-233605-A-39.wav,data/raw_categorized/1_glass_break/esc50_5-233605-A-39.wav,esc50_233605,train
SMP_00036,glass_break,1,esc50,esc50_5-233607-A-39.wav,data/raw_categorized/1_glass_break/esc50_5-233607-A-39.wav,esc50_233607,train
SMP_00037,glass_break,1,esc50,esc50_5-257642-A-39.wav,data/raw_categorized/1_glass_break/esc50_5-257642-A-39.wav,esc50_257642,train
SMP_00038,glass_break,1,esc50,esc50_5-260432-A-39.wav,data/raw_categorized/1_glass_break/esc50_5-260432-A-39.wav,esc50_260432,train
SMP_00039,glass_break,1,esc50,esc50_5-260433-A-39.wav,data/raw_categorized/1_glass_break/esc50_5-260433-A-39.wav,esc50_260433,train
SMP_00040,glass_break,1,esc50,esc50_5-260434-A-39.wav,data/raw_categorized/1_glass_break/esc50_5-260434-A-39.wav,esc50_260434,train
SMP_00041,door_forced,3,esc50,esc50_1-101336-A-30.wav,data/raw_categorized/3_door_forced/esc50_1-101336-A-30.wav,esc50_101336,train
SMP_00042,door_forced,3,esc50,esc50_1-103995-A-30.wav,data/raw_categorized/3_door_forced/esc50_1-103995-A-30.wav,esc50_103995,test
SMP_00043,door_forced,3,esc50,esc50_1-103999-A-30.wav,data/raw_categorized/3_door_forced/esc50_1-103999-A-30.wav,esc50_103999,train
SMP_00044,door_forced,3,esc50,esc50_1-26188-A-30.wav,data/raw_categorized/3_door_forced/esc50_1-26188-A-30.wav,esc50_26188,val
SMP_00045,door_forced,3,esc50,esc50_1-52290-A-30.wav,data/raw_categorized/3_door_forced/esc50_1-52290-A-30.wav,esc50_52290,train
SMP_00046,door_forced,3,esc50,esc50_1-81001-A-30.wav,data/raw_categorized/3_door_forced/esc50_1-81001-A-30.wav,esc50_81001,train
SMP_00047,door_forced,3,esc50,esc50_1-81001-B-30.wav,data/raw_categorized/3_door_forced/esc50_1-81001-B-30.wav,esc50_81001,train
SMP_00048,door_forced,3,esc50,esc50_1-82817-A-30.wav,data/raw_categorized/3_door_forced/esc50_1-82817-A-30.wav,esc50_82817,train
SMP_00049,door_forced,3,esc50,esc50_2-114254-A-30.wav,data/raw_categorized/3_door_forced/esc50_2-114254-A-30.wav,esc50_114254,train
SMP_00050,door_forced,3,esc50,esc50_2-118624-A-30.wav,data/raw_categorized/3_door_forced/esc50_2-118624-A-30.wav,esc50_118624,train
SMP_00051,door_forced,3,esc50,esc50_2-118625-A-30.wav,data/raw_categorized/3_door_forced/esc50_2-118625-A-30.wav,esc50_118625,train
SMP_00052,door_forced,3,esc50,esc50_2-120218-A-30.wav,data/raw_categorized/3_door_forced/esc50_2-120218-A-30.wav,esc50_120218,test
SMP_00053,door_forced,3,esc50,esc50_2-120218-B-30.wav,data/raw_categorized/3_door_forced/esc50_2-120218-B-30.wav,esc50_120218,test
SMP_00054,door_forced,3,esc50,esc50_2-133889-A-30.wav,data/raw_categorized/3_door_forced/esc50_2-133889-A-30.wav,esc50_133889,train
SMP_00055,door_forced,3,esc50,esc50_2-134915-A-30.wav,data/raw_categorized/3_door_forced/esc50_2-134915-A-30.wav,esc50_134915,val
SMP_00056,door_forced,3,esc50,esc50_2-140841-A-30.wav,data/raw_categorized/3_door_forced/esc50_2-140841-A-30.wav,esc50_140841,train
SMP_00057,door_forced,3,esc50,esc50_3-144510-A-30.wav,data/raw_categorized/3_door_forced/esc50_3-144510-A-30.wav,esc50_144510,test
SMP_00058,door_forced,3,esc50,esc50_3-151089-A-30.wav,data/raw_categorized/3_door_forced/esc50_3-151089-A-30.wav,esc50_151089,train
SMP_00059,door_forced,3,esc50,esc50_3-152594-A-30.wav,data/raw_categorized/3_door_forced/esc50_3-152594-A-30.wav,esc50_152594,train
SMP_00060,door_forced,3,esc50,esc50_3-154378-A-30.wav,data/raw_categorized/3_door_forced/esc50_3-154378-A-30.wav,esc50_154378,train
SMP_00061,door_forced,3,esc50,esc50_3-170574-A-30.wav,data/raw_categorized/3_door_forced/esc50_3-170574-A-30.wav,esc50_170574,train
SMP_00062,door_forced,3,esc50,esc50_3-180147-A-30.wav,data/raw_categorized/3_door_forced/esc50_3-180147-A-30.wav,esc50_180147,train
SMP_00063,door_forced,3,esc50,esc50_3-182023-A-30.wav,data/raw_categorized/3_door_forced/esc50_3-182023-A-30.wav,esc50_182023,train
SMP_00064,door_forced,3,esc50,esc50_3-182025-A-30.wav,data/raw_categorized/3_door_forced/esc50_3-182025-A-30.wav,esc50_182025,train
SMP_00065,door_forced,3,esc50,esc50_4-182034-A-30.wav,data/raw_categorized/3_door_forced/esc50_4-182034-A-30.wav,esc50_182034,train
SMP_00066,door_forced,3,esc50,esc50_4-182039-A-30.wav,data/raw_categorized/3_door_forced/esc50_4-182039-A-30.wav,esc50_182039,train
SMP_00067,door_forced,3,esc50,esc50_4-182041-A-30.wav,data/raw_categorized/3_door_forced/esc50_4-182041-A-30.wav,esc50_182041,val
SMP_00068,door_forced,3,esc50,esc50_4-186518-A-30.wav,data/raw_categorized/3_door_forced/esc50_4-186518-A-30.wav,esc50_186518,train
SMP_00069,door_forced,3,esc50,esc50_4-187284-A-30.wav,data/raw_categorized/3_door_forced/esc50_4-187284-A-30.wav,esc50_187284,train
SMP_00070,door_forced,3,esc50,esc50_4-188878-A-30.wav,data/raw_categorized/3_door_forced/esc50_4-188878-A-30.wav,esc50_188878,train
SMP_00071,door_forced,3,esc50,esc50_4-211502-A-30.wav,data/raw_categorized/3_door_forced/esc50_4-211502-A-30.wav,esc50_211502,train
SMP_00072,door_forced,3,esc50,esc50_4-261068-A-30.wav,data/raw_categorized/3_door_forced/esc50_4-261068-A-30.wav,esc50_261068,train
SMP_00073,door_forced,3,esc50,esc50_5-218980-A-30.wav,data/raw_categorized/3_door_forced/esc50_5-218980-A-30.wav,esc50_218980,train
SMP_00074,door_forced,3,esc50,esc50_5-218981-A-30.wav,data/raw_categorized/3_door_forced/esc50_5-218981-A-30.wav,esc50_218981,train
SMP_00075,door_forced,3,esc50,esc50_5-235644-A-30.wav,data/raw_categorized/3_door_forced/esc50_5-235644-A-30.wav,esc50_235644,train
SMP_00076,door_forced,3,esc50,esc50_5-250026-A-30.wav,data/raw_categorized/3_door_forced/esc50_5-250026-A-30.wav,esc50_250026,train
SMP_00077,door_forced,3,esc50,esc50_5-250026-B-30.wav,data/raw_categorized/3_door_forced/esc50_5-250026-B-30.wav,esc50_250026,train
SMP_00078,door_forced,3,esc50,esc50_5-251426-A-30.wav,data/raw_categorized/3_door_forced/esc50_5-251426-A-30.wav,esc50_251426,train
SMP_00079,door_forced,3,esc50,esc50_5-251426-B-30.wav,data/raw_categorized/3_door_forced/esc50_5-251426-B-30.wav,esc50_251426,train
SMP_00080,door_forced,3,esc50,esc50_5-256512-A-30.wav,data/raw_categorized/3_door_forced/esc50_5-256512-A-30.wav,esc50_256512,train
SMP_00081,cry_help,5,esc50,esc50_1-187207-A-20.wav,data/raw_categorized/5_cry_help/esc50_1-187207-A-20.wav,esc50_187207,train
SMP_00082,cry_help,5,esc50,esc50_1-211527-A-20.wav,data/raw_categorized/5_cry_help/esc50_1-211527-A-20.wav,esc50_211527,train
SMP_00083,cry_help,5,esc50,esc50_1-211527-B-20.wav,data/raw_categorized/5_cry_help/esc50_1-211527-B-20.wav,esc50_211527,train
SMP_00084,cry_help,5,esc50,esc50_1-211527-C-20.wav,data/raw_categorized/5_cry_help/esc50_1-211527-C-20.wav,esc50_211527,train
SMP_00085,cry_help,5,esc50,esc50_1-22694-A-20.wav,data/raw_categorized/5_cry_help/esc50_1-22694-A-20.wav,esc50_22694,val
SMP_00086,cry_help,5,esc50,esc50_1-22694-B-20.wav,data/raw_categorized/5_cry_help/esc50_1-22694-B-20.wav,esc50_22694,val
SMP_00087,cry_help,5,esc50,esc50_1-60997-A-20.wav,data/raw_categorized/5_cry_help/esc50_1-60997-A-20.wav,esc50_60997,test
SMP_00088,cry_help,5,esc50,esc50_1-60997-B-20.wav,data/raw_categorized/5_cry_help/esc50_1-60997-B-20.wav,esc50_60997,test
SMP_00089,cry_help,5,esc50,esc50_2-107351-A-20.wav,data/raw_categorized/5_cry_help/esc50_2-107351-A-20.wav,esc50_107351,test
SMP_00090,cry_help,5,esc50,esc50_2-107351-B-20.wav,data/raw_categorized/5_cry_help/esc50_2-107351-B-20.wav,esc50_107351,test
SMP_00091,cry_help,5,esc50,esc50_2-151079-A-20.wav,data/raw_categorized/5_cry_help/esc50_2-151079-A-20.wav,esc50_151079,val
SMP_00092,cry_help,5,esc50,esc50_2-50665-A-20.wav,data/raw_categorized/5_cry_help/esc50_2-50665-A-20.wav,esc50_50665,val
SMP_00093,cry_help,5,esc50,esc50_2-50666-A-20.wav,data/raw_categorized/5_cry_help/esc50_2-50666-A-20.wav,esc50_50666,train
SMP_00094,cry_help,5,esc50,esc50_2-66637-A-20.wav,data/raw_categorized/5_cry_help/esc50_2-66637-A-20.wav,esc50_66637,train
SMP_00095,cry_help,5,esc50,esc50_2-66637-B-20.wav,data/raw_categorized/5_cry_help/esc50_2-66637-B-20.wav,esc50_66637,train
SMP_00096,cry_help,5,esc50,esc50_2-80482-A-20.wav,data/raw_categorized/5_cry_help/esc50_2-80482-A-20.wav,esc50_80482,train
SMP_00097,cry_help,5,esc50,esc50_3-151080-A-20.wav,data/raw_categorized/5_cry_help/esc50_3-151080-A-20.wav,esc50_151080,train
SMP_00098,cry_help,5,esc50,esc50_3-151081-A-20.wav,data/raw_categorized/5_cry_help/esc50_3-151081-A-20.wav,esc50_151081,test
SMP_00099,cry_help,5,esc50,esc50_3-151081-B-20.wav,data/raw_categorized/5_cry_help/esc50_3-151081-B-20.wav,esc50_151081,test
SMP_00100,cry_help,5,esc50,esc50_3-152007-A-20.wav,data/raw_categorized/5_cry_help/esc50_3-152007-A-20.wav,esc50_152007,train
SMP_00101,cry_help,5,esc50,esc50_3-152007-B-20.wav,data/raw_categorized/5_cry_help/esc50_3-152007-B-20.wav,esc50_152007,train
SMP_00102,cry_help,5,esc50,esc50_3-152007-C-20.wav,data/raw_categorized/5_cry_help/esc50_3-152007-C-20.wav,esc50_152007,train
SMP_00103,cry_help,5,esc50,esc50_3-152007-D-20.wav,data/raw_categorized/5_cry_help/esc50_3-152007-D-20.wav,esc50_152007,train
SMP_00104,cry_help,5,esc50,esc50_3-152007-E-20.wav,data/raw_categorized/5_cry_help/esc50_3-152007-E-20.wav,esc50_152007,train
SMP_00105,cry_help,5,esc50,esc50_4-167077-A-20.wav,data/raw_categorized/5_cry_help/esc50_4-167077-A-20.wav,esc50_167077,train
SMP_00106,cry_help,5,esc50,esc50_4-167077-B-20.wav,data/raw_categorized/5_cry_help/esc50_4-167077-B-20.wav,esc50_167077,train
SMP_00107,cry_help,5,esc50,esc50_4-167077-C-20.wav,data/raw_categorized/5_cry_help/esc50_4-167077-C-20.wav,esc50_167077,train
SMP_00108,cry_help,5,esc50,esc50_4-185575-A-20.wav,data/raw_categorized/5_cry_help/esc50_4-185575-A-20.wav,esc50_185575,train
SMP_00109,cry_help,5,esc50,esc50_4-185575-B-20.wav,data/raw_categorized/5_cry_help/esc50_4-185575-B-20.wav,esc50_185575,train
SMP_00110,cry_help,5,esc50,esc50_4-185575-C-20.wav,data/raw_categorized/5_cry_help/esc50_4-185575-C-20.wav,esc50_185575,train
SMP_00111,cry_help,5,esc50,esc50_4-59579-A-20.wav,data/raw_categorized/5_cry_help/esc50_4-59579-A-20.wav,esc50_59579,train
SMP_00112,cry_help,5,esc50,esc50_4-59579-B-20.wav,data/raw_categorized/5_cry_help/esc50_4-59579-B-20.wav,esc50_59579,train
SMP_00113,cry_help,5,esc50,esc50_5-151085-A-20.wav,data/raw_categorized/5_cry_help/esc50_5-151085-A-20.wav,esc50_151085,train
SMP_00114,cry_help,5,esc50,esc50_5-198411-A-20.wav,data/raw_categorized/5_cry_help/esc50_5-198411-A-20.wav,esc50_198411,test
SMP_00115,cry_help,5,esc50,esc50_5-198411-B-20.wav,data/raw_categorized/5_cry_help/esc50_5-198411-B-20.wav,esc50_198411,test
SMP_00116,cry_help,5,esc50,esc50_5-198411-C-20.wav,data/raw_categorized/5_cry_help/esc50_5-198411-C-20.wav,esc50_198411,test
SMP_00117,cry_help,5,esc50,esc50_5-198411-D-20.wav,data/raw_categorized/5_cry_help/esc50_5-198411-D-20.wav,esc50_198411,test
SMP_00118,cry_help,5,esc50,esc50_5-198411-E-20.wav,data/raw_categorized/5_cry_help/esc50_5-198411-E-20.wav,esc50_198411,test
SMP_00119,cry_help,5,esc50,esc50_5-198411-F-20.wav,data/raw_categorized/5_cry_help/esc50_5-198411-F-20.wav,esc50_198411,test
SMP_00120,cry_help,5,esc50,esc50_5-198411-G-20.wav,data/raw_categorized/5_cry_help/esc50_5-198411-G-20.wav,esc50_198411,test
SMP_00121,fire_alarm_siren,6,esc50,esc50_1-31482-A-42.wav,data/raw_categorized/6_fire_alarm_siren/esc50_1-31482-A-42.wav,esc50_31482,train
SMP_00122,fire_alarm_siren,6,esc50,esc50_1-31482-B-42.wav,data/raw_categorized/6_fire_alarm_siren/esc50_1-31482-B-42.wav,esc50_31482,train
SMP_00123,fire_alarm_siren,6,esc50,esc50_1-54084-A-42.wav,data/raw_categorized/6_fire_alarm_siren/esc50_1-54084-A-42.wav,esc50_54084,train
SMP_00124,fire_alarm_siren,6,esc50,esc50_1-76831-A-42.wav,data/raw_categorized/6_fire_alarm_siren/esc50_1-76831-A-42.wav,esc50_76831,train
SMP_00125,fire_alarm_siren,6,esc50,esc50_1-76831-B-42.wav,data/raw_categorized/6_fire_alarm_siren/esc50_1-76831-B-42.wav,esc50_76831,train
SMP_00126,fire_alarm_siren,6,esc50,esc50_1-76831-C-42.wav,data/raw_categorized/6_fire_alarm_siren/esc50_1-76831-C-42.wav,esc50_76831,train
SMP_00127,fire_alarm_siren,6,esc50,esc50_1-76831-D-42.wav,data/raw_categorized/6_fire_alarm_siren/esc50_1-76831-D-42.wav,esc50_76831,train
SMP_00128,fire_alarm_siren,6,esc50,esc50_1-76831-E-42.wav,data/raw_categorized/6_fire_alarm_siren/esc50_1-76831-E-42.wav,esc50_76831,train
SMP_00129,fire_alarm_siren,6,esc50,esc50_2-43802-A-42.wav,data/raw_categorized/6_fire_alarm_siren/esc50_2-43802-A-42.wav,esc50_43802,val
SMP_00130,fire_alarm_siren,6,esc50,esc50_2-43806-A-42.wav,data/raw_categorized/6_fire_alarm_siren/esc50_2-43806-A-42.wav,esc50_43806,train
SMP_00131,fire_alarm_siren,6,esc50,esc50_2-70052-A-42.wav,data/raw_categorized/6_fire_alarm_siren/esc50_2-70052-A-42.wav,esc50_70052,train
SMP_00132,fire_alarm_siren,6,esc50,esc50_2-70052-B-42.wav,data/raw_categorized/6_fire_alarm_siren/esc50_2-70052-B-42.wav,esc50_70052,train
SMP_00133,fire_alarm_siren,6,esc50,esc50_2-70936-A-42.wav,data/raw_categorized/6_fire_alarm_siren/esc50_2-70936-A-42.wav,esc50_70936,train
SMP_00134,fire_alarm_siren,6,esc50,esc50_2-70938-A-42.wav,data/raw_categorized/6_fire_alarm_siren/esc50_2-70938-A-42.wav,esc50_70938,train
SMP_00135,fire_alarm_siren,6,esc50,esc50_2-70939-A-42.wav,data/raw_categorized/6_fire_alarm_siren/esc50_2-70939-A-42.wav,esc50_70939,train
SMP_00136,fire_alarm_siren,6,esc50,esc50_2-72688-A-42.wav,data/raw_categorized/6_fire_alarm_siren/esc50_2-72688-A-42.wav,esc50_72688,train
SMP_00137,fire_alarm_siren,6,esc50,esc50_3-51376-A-42.wav,data/raw_categorized/6_fire_alarm_siren/esc50_3-51376-A-42.wav,esc50_51376,test
SMP_00138,fire_alarm_siren,6,esc50,esc50_3-51731-A-42.wav,data/raw_categorized/6_fire_alarm_siren/esc50_3-51731-A-42.wav,esc50_51731,train
SMP_00139,fire_alarm_siren,6,esc50,esc50_3-51731-B-42.wav,data/raw_categorized/6_fire_alarm_siren/esc50_3-51731-B-42.wav,esc50_51731,train
SMP_00140,fire_alarm_siren,6,esc50,esc50_3-51909-A-42.wav,data/raw_categorized/6_fire_alarm_siren/esc50_3-51909-A-42.wav,esc50_51909,val
SMP_00141,fire_alarm_siren,6,esc50,esc50_3-51909-B-42.wav,data/raw_categorized/6_fire_alarm_siren/esc50_3-51909-B-42.wav,esc50_51909,val
SMP_00142,fire_alarm_siren,6,esc50,esc50_3-58772-A-42.wav,data/raw_categorized/6_fire_alarm_siren/esc50_3-58772-A-42.wav,esc50_58772,train
SMP_00143,fire_alarm_siren,6,esc50,esc50_3-62878-A-42.wav,data/raw_categorized/6_fire_alarm_siren/esc50_3-62878-A-42.wav,esc50_62878,train
SMP_00144,fire_alarm_siren,6,esc50,esc50_3-62878-B-42.wav,data/raw_categorized/6_fire_alarm_siren/esc50_3-62878-B-42.wav,esc50_62878,train
SMP_00145,fire_alarm_siren,6,esc50,esc50_4-102871-A-42.wav,data/raw_categorized/6_fire_alarm_siren/esc50_4-102871-A-42.wav,esc50_102871,test
SMP_00146,fire_alarm_siren,6,esc50,esc50_4-111671-A-42.wav,data/raw_categorized/6_fire_alarm_siren/esc50_4-111671-A-42.wav,esc50_111671,train
SMP_00147,fire_alarm_siren,6,esc50,esc50_4-111671-B-42.wav,data/raw_categorized/6_fire_alarm_siren/esc50_4-111671-B-42.wav,esc50_111671,train
SMP_00148,fire_alarm_siren,6,esc50,esc50_4-121532-A-42.wav,data/raw_categorized/6_fire_alarm_siren/esc50_4-121532-A-42.wav,esc50_121532,train
SMP_00149,fire_alarm_siren,6,esc50,esc50_4-67358-A-42.wav,data/raw_categorized/6_fire_alarm_siren/esc50_4-67358-A-42.wav,esc50_67358,test
SMP_00150,fire_alarm_siren,6,esc50,esc50_4-80761-A-42.wav,data/raw_categorized/6_fire_alarm_siren/esc50_4-80761-A-42.wav,esc50_80761,train
SMP_00151,fire_alarm_siren,6,esc50,esc50_4-90014-A-42.wav,data/raw_categorized/6_fire_alarm_siren/esc50_4-90014-A-42.wav,esc50_90014,val
SMP_00152,fire_alarm_siren,6,esc50,esc50_4-90014-B-42.wav,data/raw_categorized/6_fire_alarm_siren/esc50_4-90014-B-42.wav,esc50_90014,val
SMP_00153,fire_alarm_siren,6,esc50,esc50_5-117118-A-42.wav,data/raw_categorized/6_fire_alarm_siren/esc50_5-117118-A-42.wav,esc50_117118,val
SMP_00154,fire_alarm_siren,6,esc50,esc50_5-117120-A-42.wav,data/raw_categorized/6_fire_alarm_siren/esc50_5-117120-A-42.wav,esc50_117120,train
SMP_00155,fire_alarm_siren,6,esc50,esc50_5-117122-A-42.wav,data/raw_categorized/6_fire_alarm_siren/esc50_5-117122-A-42.wav,esc50_117122,train
SMP_00156,fire_alarm_siren,6,esc50,esc50_5-133989-A-42.wav,data/raw_categorized/6_fire_alarm_siren/esc50_5-133989-A-42.wav,esc50_133989,train
SMP_00157,fire_alarm_siren,6,esc50,esc50_5-133989-B-42.wav,data/raw_categorized/6_fire_alarm_siren/esc50_5-133989-B-42.wav,esc50_133989,train
SMP_00158,fire_alarm_siren,6,esc50,esc50_5-150409-A-42.wav,data/raw_categorized/6_fire_alarm_siren/esc50_5-150409-A-42.wav,esc50_150409,val
SMP_00159,fire_alarm_siren,6,esc50,esc50_5-160551-A-42.wav,data/raw_categorized/6_fire_alarm_siren/esc50_5-160551-A-42.wav,esc50_160551,train
SMP_00160,fire_alarm_siren,6,esc50,esc50_5-184323-A-42.wav,data/raw_categorized/6_fire_alarm_siren/esc50_5-184323-A-42.wav,esc50_184323,val
SMP_00161,background_normal,9,esc50,esc50_4-155650-A-24.wav,data/raw_categorized/9_background_normal/esc50_4-155650-A-24.wav,esc50_155650,train
SMP_00162,background_normal,9,esc50,esc50_1-50060-A-10.wav,data/raw_categorized/9_background_normal/esc50_1-50060-A-10.wav,esc50_50060,train
SMP_00163,background_normal,9,esc50,esc50_4-210309-A-31.wav,data/raw_categorized/9_background_normal/esc50_4-210309-A-31.wav,esc50_210309,train
SMP_00164,background_normal,9,esc50,esc50_5-202898-A-10.wav,data/raw_categorized/9_background_normal/esc50_5-202898-A-10.wav,esc50_202898,test
SMP_00165,background_normal,9,esc50,esc50_1-61212-A-32.wav,data/raw_categorized/9_background_normal/esc50_1-61212-A-32.wav,esc50_61212,train
SMP_00166,background_normal,9,esc50,esc50_4-198962-A-25.wav,data/raw_categorized/9_background_normal/esc50_4-198962-A-25.wav,esc50_198962,test
SMP_00167,background_normal,9,esc50,esc50_1-21189-A-10.wav,data/raw_categorized/9_background_normal/esc50_1-21189-A-10.wav,esc50_21189,train
SMP_00168,background_normal,9,esc50,esc50_1-62594-A-32.wav,data/raw_categorized/9_background_normal/esc50_1-62594-A-32.wav,esc50_62594,val
SMP_00169,background_normal,9,esc50,esc50_4-179984-A-38.wav,data/raw_categorized/9_background_normal/esc50_4-179984-A-38.wav,esc50_179984,val
SMP_00170,background_normal,9,esc50,esc50_2-72970-A-10.wav,data/raw_categorized/9_background_normal/esc50_2-72970-A-10.wav,esc50_72970,train
SMP_00171,background_normal,9,esc50,esc50_2-109374-A-16.wav,data/raw_categorized/9_background_normal/esc50_2-109374-A-16.wav,esc50_109374,train
SMP_00172,background_normal,9,esc50,esc50_5-260164-A-23.wav,data/raw_categorized/9_background_normal/esc50_5-260164-A-23.wav,esc50_260164,train
SMP_00173,background_normal,9,esc50,esc50_3-246513-A-16.wav,data/raw_categorized/9_background_normal/esc50_3-246513-A-16.wav,esc50_246513,train
SMP_00174,background_normal,9,esc50,esc50_5-235593-A-23.wav,data/raw_categorized/9_background_normal/esc50_5-235593-A-23.wav,esc50_235593,train
SMP_00175,background_normal,9,esc50,esc50_2-52001-A-28.wav,data/raw_categorized/9_background_normal/esc50_2-52001-A-28.wav,esc50_52001,train
SMP_00176,background_normal,9,esc50,esc50_2-73260-A-10.wav,data/raw_categorized/9_background_normal/esc50_2-73260-A-10.wav,esc50_73260,train
SMP_00177,background_normal,9,esc50,esc50_3-170377-A-38.wav,data/raw_categorized/9_background_normal/esc50_3-170377-A-38.wav,esc50_170377,val
SMP_00178,background_normal,9,esc50,esc50_5-198321-A-10.wav,data/raw_categorized/9_background_normal/esc50_5-198321-A-10.wav,esc50_198321,val
SMP_00179,background_normal,9,esc50,esc50_2-95567-A-23.wav,data/raw_categorized/9_background_normal/esc50_2-95567-A-23.wav,esc50_95567,test
SMP_00180,background_normal,9,esc50,esc50_5-263490-A-25.wav,data/raw_categorized/9_background_normal/esc50_5-263490-A-25.wav,esc50_263490,test
SMP_00181,background_normal,9,esc50,esc50_2-98392-A-23.wav,data/raw_categorized/9_background_normal/esc50_2-98392-A-23.wav,esc50_98392,test
SMP_00182,background_normal,9,esc50,esc50_4-152995-A-24.wav,data/raw_categorized/9_background_normal/esc50_4-152995-A-24.wav,esc50_152995,test
SMP_00183,background_normal,9,esc50,esc50_5-222894-A-32.wav,data/raw_categorized/9_background_normal/esc50_5-222894-A-32.wav,esc50_222894,train
SMP_00184,background_normal,9,esc50,esc50_1-39937-A-28.wav,data/raw_categorized/9_background_normal/esc50_1-39937-A-28.wav,esc50_39937,test
SMP_00185,background_normal,9,esc50,esc50_5-193339-A-10.wav,data/raw_categorized/9_background_normal/esc50_5-193339-A-10.wav,esc50_193339,train
SMP_00186,background_normal,9,esc50,esc50_4-144083-C-16.wav,data/raw_categorized/9_background_normal/esc50_4-144083-C-16.wav,esc50_144083,train
SMP_00187,background_normal,9,esc50,esc50_3-103599-B-25.wav,data/raw_categorized/9_background_normal/esc50_3-103599-B-25.wav,esc50_103599,val
SMP_00188,background_normal,9,esc50,esc50_5-223099-A-32.wav,data/raw_categorized/9_background_normal/esc50_5-223099-A-32.wav,esc50_223099,test
SMP_00189,background_normal,9,esc50,esc50_1-30709-B-23.wav,data/raw_categorized/9_background_normal/esc50_1-30709-B-23.wav,esc50_30709,train
SMP_00190,background_normal,9,esc50,esc50_2-104168-A-32.wav,data/raw_categorized/9_background_normal/esc50_2-104168-A-32.wav,esc50_104168,train
SMP_00191,background_normal,9,esc50,esc50_4-194981-A-25.wav,data/raw_categorized/9_background_normal/esc50_4-194981-A-25.wav,esc50_194981,train
SMP_00192,background_normal,9,esc50,esc50_1-17367-A-10.wav,data/raw_categorized/9_background_normal/esc50_1-17367-A-10.wav,esc50_17367,train
SMP_00193,background_normal,9,esc50,esc50_5-243025-A-25.wav,data/raw_categorized/9_background_normal/esc50_5-243025-A-25.wav,esc50_243025,train
SMP_00194,background_normal,9,esc50,esc50_3-108160-A-23.wav,data/raw_categorized/9_background_normal/esc50_3-108160-A-23.wav,esc50_108160,val
SMP_00195,background_normal,9,esc50,esc50_2-209474-A-25.wav,data/raw_categorized/9_background_normal/esc50_2-209474-A-25.wav,esc50_209474,train
SMP_00196,background_normal,9,esc50,esc50_1-47714-A-16.wav,data/raw_categorized/9_background_normal/esc50_1-47714-A-16.wav,esc50_47714,train
SMP_00197,background_normal,9,esc50,esc50_1-29532-A-16.wav,data/raw_categorized/9_background_normal/esc50_1-29532-A-16.wav,esc50_29532,train
SMP_00198,background_normal,9,esc50,esc50_5-244651-A-31.wav,data/raw_categorized/9_background_normal/esc50_5-244651-A-31.wav,esc50_244651,test
SMP_00199,background_normal,9,esc50,esc50_2-120333-A-32.wav,data/raw_categorized/9_background_normal/esc50_2-120333-A-32.wav,esc50_120333,val
SMP_00200,background_normal,9,esc50,esc50_2-118459-B-32.wav,data/raw_categorized/9_background_normal/esc50_2-118459-B-32.wav,esc50_118459,train
SMP_00201,background_normal,9,esc50,esc50_3-149042-A-24.wav,data/raw_categorized/9_background_normal/esc50_3-149042-A-24.wav,esc50_149042,test
SMP_00202,background_normal,9,esc50,esc50_1-36397-A-23.wav,data/raw_categorized/9_background_normal/esc50_1-36397-A-23.wav,esc50_36397,train
SMP_00203,background_normal,9,esc50,esc50_5-205090-A-32.wav,data/raw_categorized/9_background_normal/esc50_5-205090-A-32.wav,esc50_205090,test
SMP_00204,background_normal,9,esc50,esc50_2-154688-A-31.wav,data/raw_categorized/9_background_normal/esc50_2-154688-A-31.wav,esc50_154688,train
SMP_00205,background_normal,9,esc50,esc50_3-125548-A-32.wav,data/raw_categorized/9_background_normal/esc50_3-125548-A-32.wav,esc50_125548,train
SMP_00206,background_normal,9,esc50,esc50_4-163608-B-16.wav,data/raw_categorized/9_background_normal/esc50_4-163608-B-16.wav,esc50_163608,train
SMP_00207,background_normal,9,esc50,esc50_1-58792-A-24.wav,data/raw_categorized/9_background_normal/esc50_1-58792-A-24.wav,esc50_58792,train
SMP_00208,background_normal,9,esc50,esc50_1-155858-C-25.wav,data/raw_categorized/9_background_normal/esc50_1-155858-C-25.wav,esc50_155858,test
SMP_00209,background_normal,9,esc50,esc50_1-51037-A-16.wav,data/raw_categorized/9_background_normal/esc50_1-51037-A-16.wav,esc50_51037,val
SMP_00210,background_normal,9,esc50,esc50_5-235893-A-28.wav,data/raw_categorized/9_background_normal/esc50_5-235893-A-28.wav,esc50_235893,train
SMP_00211,background_normal,9,esc50,esc50_4-218304-A-25.wav,data/raw_categorized/9_background_normal/esc50_4-218304-A-25.wav,esc50_218304,train
SMP_00212,background_normal,9,esc50,esc50_4-167155-A-32.wav,data/raw_categorized/9_background_normal/esc50_4-167155-A-32.wav,esc50_167155,train
SMP_00213,background_normal,9,esc50,esc50_3-185313-A-31.wav,data/raw_categorized/9_background_normal/esc50_3-185313-A-31.wav,esc50_185313,train
SMP_00214,background_normal,9,esc50,esc50_2-109371-A-16.wav,data/raw_categorized/9_background_normal/esc50_2-109371-A-16.wav,esc50_109371,train
SMP_00215,background_normal,9,esc50,esc50_5-233312-A-28.wav,data/raw_categorized/9_background_normal/esc50_5-233312-A-28.wav,esc50_233312,train
SMP_00216,background_normal,9,esc50,esc50_4-210000-A-23.wav,data/raw_categorized/9_background_normal/esc50_4-210000-A-23.wav,esc50_210000,train
SMP_00217,background_normal,9,esc50,esc50_1-155858-A-25.wav,data/raw_categorized/9_background_normal/esc50_1-155858-A-25.wav,esc50_155858,test
SMP_00218,background_normal,9,esc50,esc50_2-209477-A-25.wav,data/raw_categorized/9_background_normal/esc50_2-209477-A-25.wav,esc50_209477,train
SMP_00219,background_normal,9,esc50,esc50_2-108017-A-24.wav,data/raw_categorized/9_background_normal/esc50_2-108017-A-24.wav,esc50_108017,train
SMP_00220,background_normal,9,esc50,esc50_4-210000-B-23.wav,data/raw_categorized/9_background_normal/esc50_4-210000-B-23.wav,esc50_210000,train
SMP_00221,background_normal,9,esc50,esc50_1-79711-A-32.wav,data/raw_categorized/9_background_normal/esc50_1-79711-A-32.wav,esc50_79711,test
SMP_00222,background_normal,9,esc50,esc50_1-51147-A-25.wav,data/raw_categorized/9_background_normal/esc50_1-51147-A-25.wav,esc50_51147,train
SMP_00223,background_normal,9,esc50,esc50_3-246513-B-16.wav,data/raw_categorized/9_background_normal/esc50_3-246513-B-16.wav,esc50_246513,train
SMP_00224,background_normal,9,esc50,esc50_2-109316-A-32.wav,data/raw_categorized/9_background_normal/esc50_2-109316-A-32.wav,esc50_109316,val
SMP_00225,background_normal,9,esc50,esc50_2-101676-A-10.wav,data/raw_categorized/9_background_normal/esc50_2-101676-A-10.wav,esc50_101676,test
SMP_00226,background_normal,9,esc50,esc50_2-110417-B-28.wav,data/raw_categorized/9_background_normal/esc50_2-110417-B-28.wav,esc50_110417,train
SMP_00227,background_normal,9,esc50,esc50_5-263501-A-25.wav,data/raw_categorized/9_background_normal/esc50_5-263501-A-25.wav,esc50_263501,train
SMP_00228,background_normal,9,esc50,esc50_3-166125-A-23.wav,data/raw_categorized/9_background_normal/esc50_3-166125-A-23.wav,esc50_166125,test
SMP_00229,background_normal,9,esc50,esc50_5-234145-A-28.wav,data/raw_categorized/9_background_normal/esc50_5-234145-A-28.wav,esc50_234145,train
SMP_00230,background_normal,9,esc50,esc50_2-119748-A-38.wav,data/raw_categorized/9_background_normal/esc50_2-119748-A-38.wav,esc50_119748,val
SMP_00231,background_normal,9,esc50,esc50_3-164688-A-38.wav,data/raw_categorized/9_background_normal/esc50_3-164688-A-38.wav,esc50_164688,train
SMP_00232,background_normal,9,esc50,esc50_3-158056-B-31.wav,data/raw_categorized/9_background_normal/esc50_3-158056-B-31.wav,esc50_158056,train
SMP_00233,background_normal,9,esc50,esc50_5-157204-A-16.wav,data/raw_categorized/9_background_normal/esc50_5-157204-A-16.wav,esc50_157204,train
SMP_00234,background_normal,9,esc50,esc50_5-234335-A-23.wav,data/raw_categorized/9_background_normal/esc50_5-234335-A-23.wav,esc50_234335,train
SMP_00235,background_normal,9,esc50,esc50_4-163606-A-16.wav,data/raw_categorized/9_background_normal/esc50_4-163606-A-16.wav,esc50_163606,train
SMP_00236,background_normal,9,esc50,esc50_2-104952-B-16.wav,data/raw_categorized/9_background_normal/esc50_2-104952-B-16.wav,esc50_104952,test
SMP_00237,background_normal,9,esc50,esc50_3-157487-A-10.wav,data/raw_categorized/9_background_normal/esc50_3-157487-A-10.wav,esc50_157487,val
SMP_00238,background_normal,9,esc50,esc50_5-216368-A-28.wav,data/raw_categorized/9_background_normal/esc50_5-216368-A-28.wav,esc50_216368,train
SMP_00239,background_normal,9,esc50,esc50_1-21934-A-38.wav,data/raw_categorized/9_background_normal/esc50_1-21934-A-38.wav,esc50_21934,train
SMP_00240,background_normal,9,esc50,esc50_1-85123-A-31.wav,data/raw_categorized/9_background_normal/esc50_1-85123-A-31.wav,esc50_85123,train
SMP_00241,background_normal,9,esc50,esc50_2-85292-A-24.wav,data/raw_categorized/9_background_normal/esc50_2-85292-A-24.wav,esc50_85292,test
SMP_00242,background_normal,9,esc50,esc50_1-155858-E-25.wav,data/raw_categorized/9_background_normal/esc50_1-155858-E-25.wav,esc50_155858,test
SMP_00243,background_normal,9,esc50,esc50_3-155570-A-32.wav,data/raw_categorized/9_background_normal/esc50_3-155570-A-32.wav,esc50_155570,train
SMP_00244,background_normal,9,esc50,esc50_3-117504-B-16.wav,data/raw_categorized/9_background_normal/esc50_3-117504-B-16.wav,esc50_117504,test
SMP_00245,background_normal,9,esc50,esc50_5-219342-A-38.wav,data/raw_categorized/9_background_normal/esc50_5-219342-A-38.wav,esc50_219342,train
SMP_00246,background_normal,9,esc50,esc50_5-212181-A-38.wav,data/raw_categorized/9_background_normal/esc50_5-212181-A-38.wav,esc50_212181,test
SMP_00247,background_normal,9,esc50,esc50_3-143933-A-38.wav,data/raw_categorized/9_background_normal/esc50_3-143933-A-38.wav,esc50_143933,train
SMP_00248,background_normal,9,esc50,esc50_3-130998-A-28.wav,data/raw_categorized/9_background_normal/esc50_3-130998-A-28.wav,esc50_130998,val
SMP_00249,background_normal,9,esc50,esc50_2-205966-A-16.wav,data/raw_categorized/9_background_normal/esc50_2-205966-A-16.wav,esc50_205966,test
SMP_00250,background_normal,9,esc50,esc50_5-184871-A-24.wav,data/raw_categorized/9_background_normal/esc50_5-184871-A-24.wav,esc50_184871,train
SMP_00251,background_normal,9,esc50,esc50_1-63679-A-24.wav,data/raw_categorized/9_background_normal/esc50_1-63679-A-24.wav,esc50_63679,train
SMP_00252,background_normal,9,esc50,esc50_2-209475-A-25.wav,data/raw_categorized/9_background_normal/esc50_2-209475-A-25.wav,esc50_209475,test
SMP_00253,background_normal,9,esc50,esc50_4-184235-A-28.wav,data/raw_categorized/9_background_normal/esc50_4-184235-A-28.wav,esc50_184235,val
SMP_00254,background_normal,9,esc50,esc50_2-209471-A-25.wav,data/raw_categorized/9_background_normal/esc50_2-209471-A-25.wav,esc50_209471,train
SMP_00255,background_normal,9,esc50,esc50_4-144083-A-16.wav,data/raw_categorized/9_background_normal/esc50_4-144083-A-16.wav,esc50_144083,train
SMP_00256,background_normal,9,esc50,esc50_4-161127-A-10.wav,data/raw_categorized/9_background_normal/esc50_4-161127-A-10.wav,esc50_161127,train
SMP_00257,background_normal,9,esc50,esc50_1-21935-A-38.wav,data/raw_categorized/9_background_normal/esc50_1-21935-A-38.wav,esc50_21935,test
SMP_00258,background_normal,9,esc50,esc50_3-103598-A-25.wav,data/raw_categorized/9_background_normal/esc50_3-103598-A-25.wav,esc50_103598,train
SMP_00259,background_normal,9,esc50,esc50_1-30709-A-23.wav,data/raw_categorized/9_background_normal/esc50_1-30709-A-23.wav,esc50_30709,train
SMP_00260,background_normal,9,esc50,esc50_2-140147-A-38.wav,data/raw_categorized/9_background_normal/esc50_2-140147-A-38.wav,esc50_140147,val
SMP_00261,gunshot_explosion,2,urbansound8k,urbansound8k_7064-6-1-0.wav,data/raw_categorized/2_gunshot_explosion/urbansound8k_7064-6-1-0.wav,us8k_7064,train
SMP_00262,gunshot_explosion,2,urbansound8k,urbansound8k_174284-6-1-0.wav,data/raw_categorized/2_gunshot_explosion/urbansound8k_174284-6-1-0.wav,us8k_174284,train
SMP_00263,gunshot_explosion,2,urbansound8k,urbansound8k_200460-6-1-0.wav,data/raw_categorized/2_gunshot_explosion/urbansound8k_200460-6-1-0.wav,us8k_200460,val
SMP_00264,gunshot_explosion,2,urbansound8k,urbansound8k_159701-6-6-0.wav,data/raw_categorized/2_gunshot_explosion/urbansound8k_159701-6-6-0.wav,us8k_159701,train
SMP_00265,gunshot_explosion,2,urbansound8k,urbansound8k_102305-6-0-0.wav,data/raw_categorized/2_gunshot_explosion/urbansound8k_102305-6-0-0.wav,us8k_102305,train
SMP_00266,gunshot_explosion,2,urbansound8k,urbansound8k_162432-6-6-0.wav,data/raw_categorized/2_gunshot_explosion/urbansound8k_162432-6-6-0.wav,us8k_162432,val
SMP_00267,gunshot_explosion,2,urbansound8k,urbansound8k_34708-6-1-0.wav,data/raw_categorized/2_gunshot_explosion/urbansound8k_34708-6-1-0.wav,us8k_34708,train
SMP_00268,gunshot_explosion,2,urbansound8k,urbansound8k_159708-6-3-0.wav,data/raw_categorized/2_gunshot_explosion/urbansound8k_159708-6-3-0.wav,us8k_159708,train
SMP_00269,gunshot_explosion,2,urbansound8k,urbansound8k_148837-6-0-0.wav,data/raw_categorized/2_gunshot_explosion/urbansound8k_148837-6-0-0.wav,us8k_148837,train
SMP_00270,gunshot_explosion,2,urbansound8k,urbansound8k_148827-6-0-0.wav,data/raw_categorized/2_gunshot_explosion/urbansound8k_148827-6-0-0.wav,us8k_148827,train
SMP_00271,gunshot_explosion,2,urbansound8k,urbansound8k_136399-6-9-0.wav,data/raw_categorized/2_gunshot_explosion/urbansound8k_136399-6-9-0.wav,us8k_136399,val
SMP_00272,gunshot_explosion,2,urbansound8k,urbansound8k_174294-6-2-0.wav,data/raw_categorized/2_gunshot_explosion/urbansound8k_174294-6-2-0.wav,us8k_174294,train
SMP_00273,gunshot_explosion,2,urbansound8k,urbansound8k_174292-6-2-0.wav,data/raw_categorized/2_gunshot_explosion/urbansound8k_174292-6-2-0.wav,us8k_174292,val
SMP_00274,gunshot_explosion,2,urbansound8k,urbansound8k_174293-6-1-0.wav,data/raw_categorized/2_gunshot_explosion/urbansound8k_174293-6-1-0.wav,us8k_174293,train
SMP_00275,gunshot_explosion,2,urbansound8k,urbansound8k_159702-6-0-0.wav,data/raw_categorized/2_gunshot_explosion/urbansound8k_159702-6-0-0.wav,us8k_159702,train
SMP_00276,gunshot_explosion,2,urbansound8k,urbansound8k_135544-6-6-0.wav,data/raw_categorized/2_gunshot_explosion/urbansound8k_135544-6-6-0.wav,us8k_135544,val
SMP_00277,gunshot_explosion,2,urbansound8k,urbansound8k_7061-6-0-0.wav,data/raw_categorized/2_gunshot_explosion/urbansound8k_7061-6-0-0.wav,us8k_7061,val
SMP_00278,gunshot_explosion,2,urbansound8k,urbansound8k_136399-6-4-0.wav,data/raw_categorized/2_gunshot_explosion/urbansound8k_136399-6-4-0.wav,us8k_136399,val
SMP_00279,gunshot_explosion,2,urbansound8k,urbansound8k_157207-6-1-0.wav,data/raw_categorized/2_gunshot_explosion/urbansound8k_157207-6-1-0.wav,us8k_157207,train
SMP_00280,gunshot_explosion,2,urbansound8k,urbansound8k_174290-6-1-0.wav,data/raw_categorized/2_gunshot_explosion/urbansound8k_174290-6-1-0.wav,us8k_174290,train
SMP_00281,gunshot_explosion,2,urbansound8k,urbansound8k_157207-6-4-0.wav,data/raw_categorized/2_gunshot_explosion/urbansound8k_157207-6-4-0.wav,us8k_157207,train
SMP_00282,gunshot_explosion,2,urbansound8k,urbansound8k_162433-6-3-0.wav,data/raw_categorized/2_gunshot_explosion/urbansound8k_162433-6-3-0.wav,us8k_162433,train
SMP_00283,gunshot_explosion,2,urbansound8k,urbansound8k_162431-6-3-0.wav,data/raw_categorized/2_gunshot_explosion/urbansound8k_162431-6-3-0.wav,us8k_162431,test
SMP_00284,gunshot_explosion,2,urbansound8k,urbansound8k_135544-6-5-0.wav,data/raw_categorized/2_gunshot_explosion/urbansound8k_135544-6-5-0.wav,us8k_135544,val
SMP_00285,gunshot_explosion,2,urbansound8k,urbansound8k_157207-6-2-0.wav,data/raw_categorized/2_gunshot_explosion/urbansound8k_157207-6-2-0.wav,us8k_157207,train
SMP_00286,gunshot_explosion,2,urbansound8k,urbansound8k_135544-6-4-0.wav,data/raw_categorized/2_gunshot_explosion/urbansound8k_135544-6-4-0.wav,us8k_135544,val
SMP_00287,gunshot_explosion,2,urbansound8k,urbansound8k_174292-6-0-0.wav,data/raw_categorized/2_gunshot_explosion/urbansound8k_174292-6-0-0.wav,us8k_174292,val
SMP_00288,gunshot_explosion,2,urbansound8k,urbansound8k_159702-6-6-0.wav,data/raw_categorized/2_gunshot_explosion/urbansound8k_159702-6-6-0.wav,us8k_159702,train
SMP_00289,gunshot_explosion,2,urbansound8k,urbansound8k_7064-6-3-0.wav,data/raw_categorized/2_gunshot_explosion/urbansound8k_7064-6-3-0.wav,us8k_7064,train
SMP_00290,gunshot_explosion,2,urbansound8k,urbansound8k_162433-6-6-0.wav,data/raw_categorized/2_gunshot_explosion/urbansound8k_162433-6-6-0.wav,us8k_162433,train
SMP_00291,gunshot_explosion,2,urbansound8k,urbansound8k_77246-6-0-0.wav,data/raw_categorized/2_gunshot_explosion/urbansound8k_77246-6-0-0.wav,us8k_77246,train
SMP_00292,gunshot_explosion,2,urbansound8k,urbansound8k_135527-6-11-0.wav,data/raw_categorized/2_gunshot_explosion/urbansound8k_135527-6-11-0.wav,us8k_135527,train
SMP_00293,gunshot_explosion,2,urbansound8k,urbansound8k_135528-6-10-0.wav,data/raw_categorized/2_gunshot_explosion/urbansound8k_135528-6-10-0.wav,us8k_135528,train
SMP_00294,gunshot_explosion,2,urbansound8k,urbansound8k_149177-6-0-0.wav,data/raw_categorized/2_gunshot_explosion/urbansound8k_149177-6-0-0.wav,us8k_149177,train
SMP_00295,gunshot_explosion,2,urbansound8k,urbansound8k_148833-6-1-0.wav,data/raw_categorized/2_gunshot_explosion/urbansound8k_148833-6-1-0.wav,us8k_148833,test
SMP_00296,gunshot_explosion,2,urbansound8k,urbansound8k_25038-6-1-0.wav,data/raw_categorized/2_gunshot_explosion/urbansound8k_25038-6-1-0.wav,us8k_25038,train
SMP_00297,gunshot_explosion,2,urbansound8k,urbansound8k_197320-6-10-0.wav,data/raw_categorized/2_gunshot_explosion/urbansound8k_197320-6-10-0.wav,us8k_197320,train
SMP_00298,gunshot_explosion,2,urbansound8k,urbansound8k_136399-6-6-0.wav,data/raw_categorized/2_gunshot_explosion/urbansound8k_136399-6-6-0.wav,us8k_136399,val
SMP_00299,gunshot_explosion,2,urbansound8k,urbansound8k_135528-6-6-0.wav,data/raw_categorized/2_gunshot_explosion/urbansound8k_135528-6-6-0.wav,us8k_135528,train
SMP_00300,gunshot_explosion,2,urbansound8k,urbansound8k_157207-6-10-0.wav,data/raw_categorized/2_gunshot_explosion/urbansound8k_157207-6-10-0.wav,us8k_157207,train
SMP_00301,gunshot_explosion,2,urbansound8k,urbansound8k_157207-6-7-0.wav,data/raw_categorized/2_gunshot_explosion/urbansound8k_157207-6-7-0.wav,us8k_157207,train
SMP_00302,gunshot_explosion,2,urbansound8k,urbansound8k_145608-6-3-0.wav,data/raw_categorized/2_gunshot_explosion/urbansound8k_145608-6-3-0.wav,us8k_145608,train
SMP_00303,gunshot_explosion,2,urbansound8k,urbansound8k_174293-6-0-0.wav,data/raw_categorized/2_gunshot_explosion/urbansound8k_174293-6-0-0.wav,us8k_174293,train
SMP_00304,gunshot_explosion,2,urbansound8k,urbansound8k_145683-6-4-0.wav,data/raw_categorized/2_gunshot_explosion/urbansound8k_145683-6-4-0.wav,us8k_145683,val
SMP_00305,gunshot_explosion,2,urbansound8k,urbansound8k_148827-6-3-0.wav,data/raw_categorized/2_gunshot_explosion/urbansound8k_148827-6-3-0.wav,us8k_148827,train
SMP_00306,gunshot_explosion,2,urbansound8k,urbansound8k_135544-6-7-0.wav,data/raw_categorized/2_gunshot_explosion/urbansound8k_135544-6-7-0.wav,us8k_135544,val
SMP_00307,gunshot_explosion,2,urbansound8k,urbansound8k_145206-6-5-0.wav,data/raw_categorized/2_gunshot_explosion/urbansound8k_145206-6-5-0.wav,us8k_145206,test
SMP_00308,gunshot_explosion,2,urbansound8k,urbansound8k_7066-6-1-0.wav,data/raw_categorized/2_gunshot_explosion/urbansound8k_7066-6-1-0.wav,us8k_7066,val
SMP_00309,gunshot_explosion,2,urbansound8k,urbansound8k_162434-6-1-0.wav,data/raw_categorized/2_gunshot_explosion/urbansound8k_162434-6-1-0.wav,us8k_162434,train
SMP_00310,gunshot_explosion,2,urbansound8k,urbansound8k_34708-6-0-0.wav,data/raw_categorized/2_gunshot_explosion/urbansound8k_34708-6-0-0.wav,us8k_34708,train
SMP_00311,gunshot_explosion,2,urbansound8k,urbansound8k_24652-6-0-0.wav,data/raw_categorized/2_gunshot_explosion/urbansound8k_24652-6-0-0.wav,us8k_24652,val
SMP_00312,gunshot_explosion,2,urbansound8k,urbansound8k_148835-6-0-0.wav,data/raw_categorized/2_gunshot_explosion/urbansound8k_148835-6-0-0.wav,us8k_148835,train
SMP_00313,gunshot_explosion,2,urbansound8k,urbansound8k_145206-6-0-0.wav,data/raw_categorized/2_gunshot_explosion/urbansound8k_145206-6-0-0.wav,us8k_145206,test
SMP_00314,gunshot_explosion,2,urbansound8k,urbansound8k_135544-6-15-0.wav,data/raw_categorized/2_gunshot_explosion/urbansound8k_135544-6-15-0.wav,us8k_135544,val
SMP_00315,gunshot_explosion,2,urbansound8k,urbansound8k_24631-6-0-0.wav,data/raw_categorized/2_gunshot_explosion/urbansound8k_24631-6-0-0.wav,us8k_24631,val
SMP_00316,gunshot_explosion,2,urbansound8k,urbansound8k_135526-6-13-0.wav,data/raw_categorized/2_gunshot_explosion/urbansound8k_135526-6-13-0.wav,us8k_135526,val
SMP_00317,gunshot_explosion,2,urbansound8k,urbansound8k_148837-6-1-0.wav,data/raw_categorized/2_gunshot_explosion/urbansound8k_148837-6-1-0.wav,us8k_148837,train
SMP_00318,gunshot_explosion,2,urbansound8k,urbansound8k_135544-6-19-0.wav,data/raw_categorized/2_gunshot_explosion/urbansound8k_135544-6-19-0.wav,us8k_135544,val
SMP_00319,gunshot_explosion,2,urbansound8k,urbansound8k_135528-6-8-0.wav,data/raw_categorized/2_gunshot_explosion/urbansound8k_135528-6-8-0.wav,us8k_135528,train
SMP_00320,gunshot_explosion,2,urbansound8k,urbansound8k_135527-6-14-8.wav,data/raw_categorized/2_gunshot_explosion/urbansound8k_135527-6-14-8.wav,us8k_135527,train
SMP_00321,gunshot_explosion,2,urbansound8k,urbansound8k_136399-6-8-0.wav,data/raw_categorized/2_gunshot_explosion/urbansound8k_136399-6-8-0.wav,us8k_136399,val
SMP_00322,gunshot_explosion,2,urbansound8k,urbansound8k_197318-6-12-0.wav,data/raw_categorized/2_gunshot_explosion/urbansound8k_197318-6-12-0.wav,us8k_197318,train
SMP_00323,gunshot_explosion,2,urbansound8k,urbansound8k_197318-6-3-0.wav,data/raw_categorized/2_gunshot_explosion/urbansound8k_197318-6-3-0.wav,us8k_197318,train
SMP_00324,gunshot_explosion,2,urbansound8k,urbansound8k_191449-6-0-0.wav,data/raw_categorized/2_gunshot_explosion/urbansound8k_191449-6-0-0.wav,us8k_191449,train
SMP_00325,gunshot_explosion,2,urbansound8k,urbansound8k_136399-6-7-0.wav,data/raw_categorized/2_gunshot_explosion/urbansound8k_136399-6-7-0.wav,us8k_136399,val
SMP_00326,gunshot_explosion,2,urbansound8k,urbansound8k_174294-6-0-0.wav,data/raw_categorized/2_gunshot_explosion/urbansound8k_174294-6-0-0.wav,us8k_174294,train
SMP_00327,gunshot_explosion,2,urbansound8k,urbansound8k_162433-6-8-0.wav,data/raw_categorized/2_gunshot_explosion/urbansound8k_162433-6-8-0.wav,us8k_162433,train
SMP_00328,gunshot_explosion,2,urbansound8k,urbansound8k_135526-6-7-0.wav,data/raw_categorized/2_gunshot_explosion/urbansound8k_135526-6-7-0.wav,us8k_135526,val
SMP_00329,gunshot_explosion,2,urbansound8k,urbansound8k_159703-6-0-0.wav,data/raw_categorized/2_gunshot_explosion/urbansound8k_159703-6-0-0.wav,us8k_159703,train
SMP_00330,gunshot_explosion,2,urbansound8k,urbansound8k_148837-6-2-0.wav,data/raw_categorized/2_gunshot_explosion/urbansound8k_148837-6-2-0.wav,us8k_148837,train
SMP_00331,gunshot_explosion,2,urbansound8k,urbansound8k_174287-6-2-0.wav,data/raw_categorized/2_gunshot_explosion/urbansound8k_174287-6-2-0.wav,us8k_174287,test
SMP_00332,gunshot_explosion,2,urbansound8k,urbansound8k_162432-6-7-0.wav,data/raw_categorized/2_gunshot_explosion/urbansound8k_162432-6-7-0.wav,us8k_162432,val
SMP_00333,gunshot_explosion,2,urbansound8k,urbansound8k_197318-6-8-0.wav,data/raw_categorized/2_gunshot_explosion/urbansound8k_197318-6-8-0.wav,us8k_197318,train
SMP_00334,gunshot_explosion,2,urbansound8k,urbansound8k_37236-6-0-0.wav,data/raw_categorized/2_gunshot_explosion/urbansound8k_37236-6-0-0.wav,us8k_37236,test
SMP_00335,gunshot_explosion,2,urbansound8k,urbansound8k_158977-6-0-0.wav,data/raw_categorized/2_gunshot_explosion/urbansound8k_158977-6-0-0.wav,us8k_158977,test
SMP_00336,gunshot_explosion,2,urbansound8k,urbansound8k_162432-6-5-0.wav,data/raw_categorized/2_gunshot_explosion/urbansound8k_162432-6-5-0.wav,us8k_162432,val
SMP_00337,gunshot_explosion,2,urbansound8k,urbansound8k_159708-6-0-0.wav,data/raw_categorized/2_gunshot_explosion/urbansound8k_159708-6-0-0.wav,us8k_159708,train
SMP_00338,gunshot_explosion,2,urbansound8k,urbansound8k_135528-6-9-0.wav,data/raw_categorized/2_gunshot_explosion/urbansound8k_135528-6-9-0.wav,us8k_135528,train
SMP_00339,gunshot_explosion,2,urbansound8k,urbansound8k_162431-6-1-0.wav,data/raw_categorized/2_gunshot_explosion/urbansound8k_162431-6-1-0.wav,us8k_162431,test
SMP_00340,gunshot_explosion,2,urbansound8k,urbansound8k_111048-6-0-0.wav,data/raw_categorized/2_gunshot_explosion/urbansound8k_111048-6-0-0.wav,us8k_111048,train
SMP_00341,gunshot_explosion,2,urbansound8k,urbansound8k_135527-6-14-9.wav,data/raw_categorized/2_gunshot_explosion/urbansound8k_135527-6-14-9.wav,us8k_135527,train
SMP_00342,gunshot_explosion,2,urbansound8k,urbansound8k_162432-6-13-0.wav,data/raw_categorized/2_gunshot_explosion/urbansound8k_162432-6-13-0.wav,us8k_162432,val
SMP_00343,gunshot_explosion,2,urbansound8k,urbansound8k_162435-6-0-0.wav,data/raw_categorized/2_gunshot_explosion/urbansound8k_162435-6-0-0.wav,us8k_162435,val
SMP_00344,gunshot_explosion,2,urbansound8k,urbansound8k_162432-6-14-0.wav,data/raw_categorized/2_gunshot_explosion/urbansound8k_162432-6-14-0.wav,us8k_162432,val
SMP_00345,gunshot_explosion,2,urbansound8k,urbansound8k_159702-6-4-0.wav,data/raw_categorized/2_gunshot_explosion/urbansound8k_159702-6-4-0.wav,us8k_159702,train
SMP_00346,gunshot_explosion,2,urbansound8k,urbansound8k_145206-6-1-0.wav,data/raw_categorized/2_gunshot_explosion/urbansound8k_145206-6-1-0.wav,us8k_145206,test
SMP_00347,gunshot_explosion,2,urbansound8k,urbansound8k_159708-6-4-0.wav,data/raw_categorized/2_gunshot_explosion/urbansound8k_159708-6-4-0.wav,us8k_159708,train
SMP_00348,gunshot_explosion,2,urbansound8k,urbansound8k_174282-6-0-0.wav,data/raw_categorized/2_gunshot_explosion/urbansound8k_174282-6-0-0.wav,us8k_174282,val
SMP_00349,gunshot_explosion,2,urbansound8k,urbansound8k_159701-6-0-0.wav,data/raw_categorized/2_gunshot_explosion/urbansound8k_159701-6-0-0.wav,us8k_159701,train
SMP_00350,gunshot_explosion,2,urbansound8k,urbansound8k_148166-6-0-0.wav,data/raw_categorized/2_gunshot_explosion/urbansound8k_148166-6-0-0.wav,us8k_148166,train
SMP_00351,gunshot_explosion,2,urbansound8k,urbansound8k_148827-6-1-0.wav,data/raw_categorized/2_gunshot_explosion/urbansound8k_148827-6-1-0.wav,us8k_148827,train
SMP_00352,gunshot_explosion,2,urbansound8k,urbansound8k_159701-6-3-0.wav,data/raw_categorized/2_gunshot_explosion/urbansound8k_159701-6-3-0.wav,us8k_159701,train
SMP_00353,gunshot_explosion,2,urbansound8k,urbansound8k_135527-6-14-5.wav,data/raw_categorized/2_gunshot_explosion/urbansound8k_135527-6-14-5.wav,us8k_135527,train
SMP_00354,gunshot_explosion,2,urbansound8k,urbansound8k_162432-6-3-0.wav,data/raw_categorized/2_gunshot_explosion/urbansound8k_162432-6-3-0.wav,us8k_162432,val
SMP_00355,gunshot_explosion,2,urbansound8k,urbansound8k_197320-6-8-0.wav,data/raw_categorized/2_gunshot_explosion/urbansound8k_197320-6-8-0.wav,us8k_197320,train
SMP_00356,gunshot_explosion,2,urbansound8k,urbansound8k_135527-6-14-2.wav,data/raw_categorized/2_gunshot_explosion/urbansound8k_135527-6-14-2.wav,us8k_135527,train
SMP_00357,gunshot_explosion,2,urbansound8k,urbansound8k_87562-6-0-0.wav,data/raw_categorized/2_gunshot_explosion/urbansound8k_87562-6-0-0.wav,us8k_87562,train
SMP_00358,gunshot_explosion,2,urbansound8k,urbansound8k_76090-6-0-0.wav,data/raw_categorized/2_gunshot_explosion/urbansound8k_76090-6-0-0.wav,us8k_76090,train
SMP_00359,gunshot_explosion,2,urbansound8k,urbansound8k_76091-6-1-0.wav,data/raw_categorized/2_gunshot_explosion/urbansound8k_76091-6-1-0.wav,us8k_76091,test
SMP_00360,gunshot_explosion,2,urbansound8k,urbansound8k_76094-6-0-0.wav,data/raw_categorized/2_gunshot_explosion/urbansound8k_76094-6-0-0.wav,us8k_76094,train
SMP_00361,gunshot_explosion,2,urbansound8k,urbansound8k_169261-6-0-0.wav,data/raw_categorized/2_gunshot_explosion/urbansound8k_169261-6-0-0.wav,us8k_169261,train
SMP_00362,gunshot_explosion,2,urbansound8k,urbansound8k_197320-6-11-0.wav,data/raw_categorized/2_gunshot_explosion/urbansound8k_197320-6-11-0.wav,us8k_197320,train
SMP_00363,gunshot_explosion,2,urbansound8k,urbansound8k_135528-6-11-0.wav,data/raw_categorized/2_gunshot_explosion/urbansound8k_135528-6-11-0.wav,us8k_135528,train
SMP_00364,gunshot_explosion,2,urbansound8k,urbansound8k_159707-6-0-0.wav,data/raw_categorized/2_gunshot_explosion/urbansound8k_159707-6-0-0.wav,us8k_159707,train
SMP_00365,gunshot_explosion,2,urbansound8k,urbansound8k_174292-6-1-0.wav,data/raw_categorized/2_gunshot_explosion/urbansound8k_174292-6-1-0.wav,us8k_174292,val
SMP_00366,gunshot_explosion,2,urbansound8k,urbansound8k_174284-6-0-0.wav,data/raw_categorized/2_gunshot_explosion/urbansound8k_174284-6-0-0.wav,us8k_174284,train
SMP_00367,gunshot_explosion,2,urbansound8k,urbansound8k_200460-6-4-0.wav,data/raw_categorized/2_gunshot_explosion/urbansound8k_200460-6-4-0.wav,us8k_200460,val
SMP_00368,gunshot_explosion,2,urbansound8k,urbansound8k_162432-6-1-0.wav,data/raw_categorized/2_gunshot_explosion/urbansound8k_162432-6-1-0.wav,us8k_162432,val
SMP_00369,gunshot_explosion,2,urbansound8k,urbansound8k_151065-6-0-0.wav,data/raw_categorized/2_gunshot_explosion/urbansound8k_151065-6-0-0.wav,us8k_151065,val
SMP_00370,gunshot_explosion,2,urbansound8k,urbansound8k_159708-6-1-0.wav,data/raw_categorized/2_gunshot_explosion/urbansound8k_159708-6-1-0.wav,us8k_159708,train
SMP_00371,gunshot_explosion,2,urbansound8k,urbansound8k_7062-6-0-0.wav,data/raw_categorized/2_gunshot_explosion/urbansound8k_7062-6-0-0.wav,us8k_7062,train
SMP_00372,gunshot_explosion,2,urbansound8k,urbansound8k_148838-6-0-0.wav,data/raw_categorized/2_gunshot_explosion/urbansound8k_148838-6-0-0.wav,us8k_148838,test
SMP_00373,gunshot_explosion,2,urbansound8k,urbansound8k_162435-6-1-0.wav,data/raw_categorized/2_gunshot_explosion/urbansound8k_162435-6-1-0.wav,us8k_162435,val
SMP_00374,gunshot_explosion,2,urbansound8k,urbansound8k_162436-6-0-0.wav,data/raw_categorized/2_gunshot_explosion/urbansound8k_162436-6-0-0.wav,us8k_162436,train
SMP_00375,gunshot_explosion,2,urbansound8k,urbansound8k_174294-6-1-0.wav,data/raw_categorized/2_gunshot_explosion/urbansound8k_174294-6-1-0.wav,us8k_174294,train
SMP_00376,gunshot_explosion,2,urbansound8k,urbansound8k_46656-6-3-0.wav,data/raw_categorized/2_gunshot_explosion/urbansound8k_46656-6-3-0.wav,us8k_46656,train
SMP_00377,gunshot_explosion,2,urbansound8k,urbansound8k_76091-6-3-0.wav,data/raw_categorized/2_gunshot_explosion/urbansound8k_76091-6-3-0.wav,us8k_76091,test
SMP_00378,gunshot_explosion,2,urbansound8k,urbansound8k_164667-6-0-0.wav,data/raw_categorized/2_gunshot_explosion/urbansound8k_164667-6-0-0.wav,us8k_164667,train
SMP_00379,gunshot_explosion,2,urbansound8k,urbansound8k_135528-6-2-0.wav,data/raw_categorized/2_gunshot_explosion/urbansound8k_135528-6-2-0.wav,us8k_135528,train
SMP_00380,gunshot_explosion,2,urbansound8k,urbansound8k_145609-6-0-0.wav,data/raw_categorized/2_gunshot_explosion/urbansound8k_145609-6-0-0.wav,us8k_145609,val
SMP_00381,gunshot_explosion,2,urbansound8k,urbansound8k_197320-6-12-0.wav,data/raw_categorized/2_gunshot_explosion/urbansound8k_197320-6-12-0.wav,us8k_197320,train
SMP_00382,gunshot_explosion,2,urbansound8k,urbansound8k_157207-6-9-0.wav,data/raw_categorized/2_gunshot_explosion/urbansound8k_157207-6-9-0.wav,us8k_157207,train
SMP_00383,gunshot_explosion,2,urbansound8k,urbansound8k_7064-6-0-0.wav,data/raw_categorized/2_gunshot_explosion/urbansound8k_7064-6-0-0.wav,us8k_7064,train
SMP_00384,gunshot_explosion,2,urbansound8k,urbansound8k_135527-6-14-4.wav,data/raw_categorized/2_gunshot_explosion/urbansound8k_135527-6-14-4.wav,us8k_135527,train
SMP_00385,gunshot_explosion,2,urbansound8k,urbansound8k_135527-6-14-6.wav,data/raw_categorized/2_gunshot_explosion/urbansound8k_135527-6-14-6.wav,us8k_135527,train
SMP_00386,gunshot_explosion,2,urbansound8k,urbansound8k_135527-6-4-0.wav,data/raw_categorized/2_gunshot_explosion/urbansound8k_135527-6-4-0.wav,us8k_135527,train
SMP_00387,gunshot_explosion,2,urbansound8k,urbansound8k_148835-6-4-0.wav,data/raw_categorized/2_gunshot_explosion/urbansound8k_148835-6-4-0.wav,us8k_148835,train
SMP_00388,gunshot_explosion,2,urbansound8k,urbansound8k_23161-6-1-0.wav,data/raw_categorized/2_gunshot_explosion/urbansound8k_23161-6-1-0.wav,us8k_23161,val
SMP_00389,gunshot_explosion,2,urbansound8k,urbansound8k_174289-6-0-0.wav,data/raw_categorized/2_gunshot_explosion/urbansound8k_174289-6-0-0.wav,us8k_174289,train
SMP_00390,gunshot_explosion,2,urbansound8k,urbansound8k_145683-6-0-0.wav,data/raw_categorized/2_gunshot_explosion/urbansound8k_145683-6-0-0.wav,us8k_145683,val
SMP_00391,gunshot_explosion,2,urbansound8k,urbansound8k_157801-6-0-0.wav,data/raw_categorized/2_gunshot_explosion/urbansound8k_157801-6-0-0.wav,us8k_157801,train
SMP_00392,gunshot_explosion,2,urbansound8k,urbansound8k_25039-6-1-0.wav,data/raw_categorized/2_gunshot_explosion/urbansound8k_25039-6-1-0.wav,us8k_25039,train
SMP_00393,gunshot_explosion,2,urbansound8k,urbansound8k_135527-6-2-0.wav,data/raw_categorized/2_gunshot_explosion/urbansound8k_135527-6-2-0.wav,us8k_135527,train
SMP_00394,gunshot_explosion,2,urbansound8k,urbansound8k_200460-6-2-0.wav,data/raw_categorized/2_gunshot_explosion/urbansound8k_200460-6-2-0.wav,us8k_200460,val
SMP_00395,gunshot_explosion,2,urbansound8k,urbansound8k_162432-6-2-0.wav,data/raw_categorized/2_gunshot_explosion/urbansound8k_162432-6-2-0.wav,us8k_162432,val
SMP_00396,gunshot_explosion,2,urbansound8k,urbansound8k_135526-6-6-0.wav,data/raw_categorized/2_gunshot_explosion/urbansound8k_135526-6-6-0.wav,us8k_135526,val
SMP_00397,gunshot_explosion,2,urbansound8k,urbansound8k_162432-6-9-0.wav,data/raw_categorized/2_gunshot_explosion/urbansound8k_162432-6-9-0.wav,us8k_162432,val
SMP_00398,gunshot_explosion,2,urbansound8k,urbansound8k_135528-6-12-0.wav,data/raw_categorized/2_gunshot_explosion/urbansound8k_135528-6-12-0.wav,us8k_135528,train
SMP_00399,gunshot_explosion,2,urbansound8k,urbansound8k_159708-6-6-0.wav,data/raw_categorized/2_gunshot_explosion/urbansound8k_159708-6-6-0.wav,us8k_159708,train
SMP_00400,gunshot_explosion,2,urbansound8k,urbansound8k_164646-6-0-0.wav,data/raw_categorized/2_gunshot_explosion/urbansound8k_164646-6-0-0.wav,us8k_164646,test
SMP_00401,gunshot_explosion,2,urbansound8k,urbansound8k_159704-6-0-0.wav,data/raw_categorized/2_gunshot_explosion/urbansound8k_159704-6-0-0.wav,us8k_159704,train
SMP_00402,gunshot_explosion,2,urbansound8k,urbansound8k_135527-6-5-0.wav,data/raw_categorized/2_gunshot_explosion/urbansound8k_135527-6-5-0.wav,us8k_135527,train
SMP_00403,gunshot_explosion,2,urbansound8k,urbansound8k_197320-6-6-0.wav,data/raw_categorized/2_gunshot_explosion/urbansound8k_197320-6-6-0.wav,us8k_197320,train
SMP_00404,gunshot_explosion,2,urbansound8k,urbansound8k_159702-6-2-0.wav,data/raw_categorized/2_gunshot_explosion/urbansound8k_159702-6-2-0.wav,us8k_159702,train
SMP_00405,gunshot_explosion,2,urbansound8k,urbansound8k_77247-6-0-0.wav,data/raw_categorized/2_gunshot_explosion/urbansound8k_77247-6-0-0.wav,us8k_77247,train
SMP_00406,gunshot_explosion,2,urbansound8k,urbansound8k_34708-6-2-0.wav,data/raw_categorized/2_gunshot_explosion/urbansound8k_34708-6-2-0.wav,us8k_34708,train
SMP_00407,gunshot_explosion,2,urbansound8k,urbansound8k_148833-6-0-0.wav,data/raw_categorized/2_gunshot_explosion/urbansound8k_148833-6-0-0.wav,us8k_148833,test
SMP_00408,gunshot_explosion,2,urbansound8k,urbansound8k_135528-6-7-0.wav,data/raw_categorized/2_gunshot_explosion/urbansound8k_135528-6-7-0.wav,us8k_135528,train
SMP_00409,gunshot_explosion,2,urbansound8k,urbansound8k_133797-6-2-0.wav,data/raw_categorized/2_gunshot_explosion/urbansound8k_133797-6-2-0.wav,us8k_133797,train
SMP_00410,gunshot_explosion,2,urbansound8k,urbansound8k_135527-6-14-3.wav,data/raw_categorized/2_gunshot_explosion/urbansound8k_135527-6-14-3.wav,us8k_135527,train
SMP_00411,loud_impact,7,urbansound8k,urbansound8k_167702-4-6-0.wav,data/raw_categorized/7_loud_impact/urbansound8k_167702-4-6-0.wav,us8k_167702,train
SMP_00412,loud_impact,7,urbansound8k,urbansound8k_127443-4-0-4.wav,data/raw_categorized/7_loud_impact/urbansound8k_127443-4-0-4.wav,us8k_127443,train
SMP_00413,loud_impact,7,urbansound8k,urbansound8k_162134-7-11-0.wav,data/raw_categorized/7_loud_impact/urbansound8k_162134-7-11-0.wav,us8k_162134,train
SMP_00414,loud_impact,7,urbansound8k,urbansound8k_203929-7-9-0.wav,data/raw_categorized/7_loud_impact/urbansound8k_203929-7-9-0.wav,us8k_203929,test
SMP_00415,loud_impact,7,urbansound8k,urbansound8k_180937-7-3-4.wav,data/raw_categorized/7_loud_impact/urbansound8k_180937-7-3-4.wav,us8k_180937,train
SMP_00416,loud_impact,7,urbansound8k,urbansound8k_162134-7-8-4.wav,data/raw_categorized/7_loud_impact/urbansound8k_162134-7-8-4.wav,us8k_162134,train
SMP_00417,loud_impact,7,urbansound8k,urbansound8k_71529-4-1-2.wav,data/raw_categorized/7_loud_impact/urbansound8k_71529-4-1-2.wav,us8k_71529,train
SMP_00418,loud_impact,7,urbansound8k,urbansound8k_62837-7-1-45.wav,data/raw_categorized/7_loud_impact/urbansound8k_62837-7-1-45.wav,us8k_62837,train
SMP_00419,loud_impact,7,urbansound8k,urbansound8k_180029-4-10-0.wav,data/raw_categorized/7_loud_impact/urbansound8k_180029-4-10-0.wav,us8k_180029,train
SMP_00420,loud_impact,7,urbansound8k,urbansound8k_156362-4-3-5.wav,data/raw_categorized/7_loud_impact/urbansound8k_156362-4-3-5.wav,us8k_156362,val
SMP_00421,loud_impact,7,urbansound8k,urbansound8k_180134-4-2-17.wav,data/raw_categorized/7_loud_impact/urbansound8k_180134-4-2-17.wav,us8k_180134,val
SMP_00422,loud_impact,7,urbansound8k,urbansound8k_180937-7-2-3.wav,data/raw_categorized/7_loud_impact/urbansound8k_180937-7-2-3.wav,us8k_180937,train
SMP_00423,loud_impact,7,urbansound8k,urbansound8k_167701-4-7-0.wav,data/raw_categorized/7_loud_impact/urbansound8k_167701-4-7-0.wav,us8k_167701,train
SMP_00424,loud_impact,7,urbansound8k,urbansound8k_30206-7-0-30.wav,data/raw_categorized/7_loud_impact/urbansound8k_30206-7-0-30.wav,us8k_30206,train
SMP_00425,loud_impact,7,urbansound8k,urbansound8k_46669-4-0-45.wav,data/raw_categorized/7_loud_impact/urbansound8k_46669-4-0-45.wav,us8k_46669,test
SMP_00426,loud_impact,7,urbansound8k,urbansound8k_178260-7-3-4.wav,data/raw_categorized/7_loud_impact/urbansound8k_178260-7-3-4.wav,us8k_178260,train
SMP_00427,loud_impact,7,urbansound8k,urbansound8k_22883-7-27-0.wav,data/raw_categorized/7_loud_impact/urbansound8k_22883-7-27-0.wav,us8k_22883,train
SMP_00428,loud_impact,7,urbansound8k,urbansound8k_148463-7-2-1.wav,data/raw_categorized/7_loud_impact/urbansound8k_148463-7-2-1.wav,us8k_148463,train
SMP_00429,loud_impact,7,urbansound8k,urbansound8k_105029-7-1-2.wav,data/raw_categorized/7_loud_impact/urbansound8k_105029-7-1-2.wav,us8k_105029,train
SMP_00430,loud_impact,7,urbansound8k,urbansound8k_77751-4-5-0.wav,data/raw_categorized/7_loud_impact/urbansound8k_77751-4-5-0.wav,us8k_77751,train
SMP_00431,loud_impact,7,urbansound8k,urbansound8k_14772-7-5-0.wav,data/raw_categorized/7_loud_impact/urbansound8k_14772-7-5-0.wav,us8k_14772,train
SMP_00432,loud_impact,7,urbansound8k,urbansound8k_55020-4-0-10.wav,data/raw_categorized/7_loud_impact/urbansound8k_55020-4-0-10.wav,us8k_55020,train
SMP_00433,loud_impact,7,urbansound8k,urbansound8k_199929-4-0-0.wav,data/raw_categorized/7_loud_impact/urbansound8k_199929-4-0-0.wav,us8k_199929,test
SMP_00434,loud_impact,7,urbansound8k,urbansound8k_205874-4-2-0.wav,data/raw_categorized/7_loud_impact/urbansound8k_205874-4-2-0.wav,us8k_205874,val
SMP_00435,loud_impact,7,urbansound8k,urbansound8k_90013-7-0-1.wav,data/raw_categorized/7_loud_impact/urbansound8k_90013-7-0-1.wav,us8k_90013,train
SMP_00436,loud_impact,7,urbansound8k,urbansound8k_104998-7-7-4.wav,data/raw_categorized/7_loud_impact/urbansound8k_104998-7-7-4.wav,us8k_104998,val
SMP_00437,loud_impact,7,urbansound8k,urbansound8k_180126-4-1-1.wav,data/raw_categorized/7_loud_impact/urbansound8k_180126-4-1-1.wav,us8k_180126,train
SMP_00438,loud_impact,7,urbansound8k,urbansound8k_180134-4-2-16.wav,data/raw_categorized/7_loud_impact/urbansound8k_180134-4-2-16.wav,us8k_180134,val
SMP_00439,loud_impact,7,urbansound8k,urbansound8k_57584-4-0-1.wav,data/raw_categorized/7_loud_impact/urbansound8k_57584-4-0-1.wav,us8k_57584,train
SMP_00440,loud_impact,7,urbansound8k,urbansound8k_76085-4-0-81.wav,data/raw_categorized/7_loud_impact/urbansound8k_76085-4-0-81.wav,us8k_76085,train
SMP_00441,loud_impact,7,urbansound8k,urbansound8k_131918-7-0-4.wav,data/raw_categorized/7_loud_impact/urbansound8k_131918-7-0-4.wav,us8k_131918,train
SMP_00442,loud_impact,7,urbansound8k,urbansound8k_180029-4-1-0.wav,data/raw_categorized/7_loud_impact/urbansound8k_180029-4-1-0.wav,us8k_180029,train
SMP_00443,loud_impact,7,urbansound8k,urbansound8k_14111-4-0-5.wav,data/raw_categorized/7_loud_impact/urbansound8k_14111-4-0-5.wav,us8k_14111,train
SMP_00444,loud_impact,7,urbansound8k,urbansound8k_46669-4-0-2.wav,data/raw_categorized/7_loud_impact/urbansound8k_46669-4-0-2.wav,us8k_46669,test
SMP_00445,loud_impact,7,urbansound8k,urbansound8k_62837-7-1-44.wav,data/raw_categorized/7_loud_impact/urbansound8k_62837-7-1-44.wav,us8k_62837,train
SMP_00446,loud_impact,7,urbansound8k,urbansound8k_118278-4-0-4.wav,data/raw_categorized/7_loud_impact/urbansound8k_118278-4-0-4.wav,us8k_118278,test
SMP_00447,loud_impact,7,urbansound8k,urbansound8k_30206-7-0-6.wav,data/raw_categorized/7_loud_impact/urbansound8k_30206-7-0-6.wav,us8k_30206,train
SMP_00448,loud_impact,7,urbansound8k,urbansound8k_180134-4-2-13.wav,data/raw_categorized/7_loud_impact/urbansound8k_180134-4-2-13.wav,us8k_180134,val
SMP_00449,loud_impact,7,urbansound8k,urbansound8k_205874-4-7-0.wav,data/raw_categorized/7_loud_impact/urbansound8k_205874-4-7-0.wav,us8k_205874,val
SMP_00450,loud_impact,7,urbansound8k,urbansound8k_165039-7-1-0.wav,data/raw_categorized/7_loud_impact/urbansound8k_165039-7-1-0.wav,us8k_165039,train
SMP_00451,loud_impact,7,urbansound8k,urbansound8k_180937-4-0-14.wav,data/raw_categorized/7_loud_impact/urbansound8k_180937-4-0-14.wav,us8k_180937,train
SMP_00452,loud_impact,7,urbansound8k,urbansound8k_76086-4-0-32.wav,data/raw_categorized/7_loud_impact/urbansound8k_76086-4-0-32.wav,us8k_76086,test
SMP_00453,loud_impact,7,urbansound8k,urbansound8k_71171-4-0-0.wav,data/raw_categorized/7_loud_impact/urbansound8k_71171-4-0-0.wav,us8k_71171,train
SMP_00454,loud_impact,7,urbansound8k,urbansound8k_188824-7-2-0.wav,data/raw_categorized/7_loud_impact/urbansound8k_188824-7-2-0.wav,us8k_188824,train
SMP_00455,loud_impact,7,urbansound8k,urbansound8k_46669-4-0-49.wav,data/raw_categorized/7_loud_impact/urbansound8k_46669-4-0-49.wav,us8k_46669,test
SMP_00456,loud_impact,7,urbansound8k,urbansound8k_68080-7-0-7.wav,data/raw_categorized/7_loud_impact/urbansound8k_68080-7-0-7.wav,us8k_68080,test
SMP_00457,loud_impact,7,urbansound8k,urbansound8k_180937-4-1-47.wav,data/raw_categorized/7_loud_impact/urbansound8k_180937-4-1-47.wav,us8k_180937,train
SMP_00458,loud_impact,7,urbansound8k,urbansound8k_180937-4-0-13.wav,data/raw_categorized/7_loud_impact/urbansound8k_180937-4-0-13.wav,us8k_180937,train
SMP_00459,loud_impact,7,urbansound8k,urbansound8k_162134-7-14-0.wav,data/raw_categorized/7_loud_impact/urbansound8k_162134-7-14-0.wav,us8k_162134,train
SMP_00460,loud_impact,7,urbansound8k,urbansound8k_107842-4-1-0.wav,data/raw_categorized/7_loud_impact/urbansound8k_107842-4-1-0.wav,us8k_107842,train
SMP_00461,loud_impact,7,urbansound8k,urbansound8k_174276-7-4-0.wav,data/raw_categorized/7_loud_impact/urbansound8k_174276-7-4-0.wav,us8k_174276,val
SMP_00462,loud_impact,7,urbansound8k,urbansound8k_77774-4-0-1.wav,data/raw_categorized/7_loud_impact/urbansound8k_77774-4-0-1.wav,us8k_77774,train
SMP_00463,loud_impact,7,urbansound8k,urbansound8k_54697-7-0-4.wav,data/raw_categorized/7_loud_impact/urbansound8k_54697-7-0-4.wav,us8k_54697,train
SMP_00464,loud_impact,7,urbansound8k,urbansound8k_22883-7-33-0.wav,data/raw_categorized/7_loud_impact/urbansound8k_22883-7-33-0.wav,us8k_22883,train
SMP_00465,loud_impact,7,urbansound8k,urbansound8k_73623-7-3-0.wav,data/raw_categorized/7_loud_impact/urbansound8k_73623-7-3-0.wav,us8k_73623,train
SMP_00466,loud_impact,7,urbansound8k,urbansound8k_180937-7-0-2.wav,data/raw_categorized/7_loud_impact/urbansound8k_180937-7-0-2.wav,us8k_180937,train
SMP_00467,loud_impact,7,urbansound8k,urbansound8k_125678-7-1-1.wav,data/raw_categorized/7_loud_impact/urbansound8k_125678-7-1-1.wav,us8k_125678,train
SMP_00468,loud_impact,7,urbansound8k,urbansound8k_167701-4-12-0.wav,data/raw_categorized/7_loud_impact/urbansound8k_167701-4-12-0.wav,us8k_167701,train
SMP_00469,loud_impact,7,urbansound8k,urbansound8k_180937-4-0-11.wav,data/raw_categorized/7_loud_impact/urbansound8k_180937-4-0-11.wav,us8k_180937,train
SMP_00470,loud_impact,7,urbansound8k,urbansound8k_130961-4-3-1.wav,data/raw_categorized/7_loud_impact/urbansound8k_130961-4-3-1.wav,us8k_130961,train
SMP_00471,loud_impact,7,urbansound8k,urbansound8k_169098-7-4-2.wav,data/raw_categorized/7_loud_impact/urbansound8k_169098-7-4-2.wav,us8k_169098,train
SMP_00472,loud_impact,7,urbansound8k,urbansound8k_165039-7-15-0.wav,data/raw_categorized/7_loud_impact/urbansound8k_165039-7-15-0.wav,us8k_165039,train
SMP_00473,loud_impact,7,urbansound8k,urbansound8k_77751-4-8-0.wav,data/raw_categorized/7_loud_impact/urbansound8k_77751-4-8-0.wav,us8k_77751,train
SMP_00474,loud_impact,7,urbansound8k,urbansound8k_46669-4-0-35.wav,data/raw_categorized/7_loud_impact/urbansound8k_46669-4-0-35.wav,us8k_46669,test
SMP_00475,loud_impact,7,urbansound8k,urbansound8k_177537-7-0-17.wav,data/raw_categorized/7_loud_impact/urbansound8k_177537-7-0-17.wav,us8k_177537,val
SMP_00476,loud_impact,7,urbansound8k,urbansound8k_89099-4-0-2.wav,data/raw_categorized/7_loud_impact/urbansound8k_89099-4-0-2.wav,us8k_89099,train
SMP_00477,loud_impact,7,urbansound8k,urbansound8k_29721-4-0-3.wav,data/raw_categorized/7_loud_impact/urbansound8k_29721-4-0-3.wav,us8k_29721,test
SMP_00478,loud_impact,7,urbansound8k,urbansound8k_90013-7-1-3.wav,data/raw_categorized/7_loud_impact/urbansound8k_90013-7-1-3.wav,us8k_90013,train
SMP_00479,loud_impact,7,urbansound8k,urbansound8k_137815-4-0-5.wav,data/raw_categorized/7_loud_impact/urbansound8k_137815-4-0-5.wav,us8k_137815,train
SMP_00480,loud_impact,7,urbansound8k,urbansound8k_104998-7-8-17.wav,data/raw_categorized/7_loud_impact/urbansound8k_104998-7-8-17.wav,us8k_104998,val
SMP_00481,loud_impact,7,urbansound8k,urbansound8k_74965-4-1-1.wav,data/raw_categorized/7_loud_impact/urbansound8k_74965-4-1-1.wav,us8k_74965,val
SMP_00482,loud_impact,7,urbansound8k,urbansound8k_187863-4-0-0.wav,data/raw_categorized/7_loud_impact/urbansound8k_187863-4-0-0.wav,us8k_187863,val
SMP_00483,loud_impact,7,urbansound8k,urbansound8k_22883-7-17-5.wav,data/raw_categorized/7_loud_impact/urbansound8k_22883-7-17-5.wav,us8k_22883,train
SMP_00484,loud_impact,7,urbansound8k,urbansound8k_147764-4-6-0.wav,data/raw_categorized/7_loud_impact/urbansound8k_147764-4-6-0.wav,us8k_147764,train
SMP_00485,loud_impact,7,urbansound8k,urbansound8k_156362-4-2-0.wav,data/raw_categorized/7_loud_impact/urbansound8k_156362-4-2-0.wav,us8k_156362,val
SMP_00486,loud_impact,7,urbansound8k,urbansound8k_167701-4-0-0.wav,data/raw_categorized/7_loud_impact/urbansound8k_167701-4-0-0.wav,us8k_167701,train
SMP_00487,loud_impact,7,urbansound8k,urbansound8k_165774-7-2-0.wav,data/raw_categorized/7_loud_impact/urbansound8k_165774-7-2-0.wav,us8k_165774,train
SMP_00488,loud_impact,7,urbansound8k,urbansound8k_66622-4-0-0.wav,data/raw_categorized/7_loud_impact/urbansound8k_66622-4-0-0.wav,us8k_66622,train
SMP_00489,loud_impact,7,urbansound8k,urbansound8k_167702-4-0-0.wav,data/raw_categorized/7_loud_impact/urbansound8k_167702-4-0-0.wav,us8k_167702,train
SMP_00490,loud_impact,7,urbansound8k,urbansound8k_71171-4-2-1.wav,data/raw_categorized/7_loud_impact/urbansound8k_71171-4-2-1.wav,us8k_71171,train
SMP_00491,loud_impact,7,urbansound8k,urbansound8k_146244-4-0-0.wav,data/raw_categorized/7_loud_impact/urbansound8k_146244-4-0-0.wav,us8k_146244,val
SMP_00492,loud_impact,7,urbansound8k,urbansound8k_165644-4-0-1.wav,data/raw_categorized/7_loud_impact/urbansound8k_165644-4-0-1.wav,us8k_165644,train
SMP_00493,loud_impact,7,urbansound8k,urbansound8k_177537-7-0-29.wav,data/raw_categorized/7_loud_impact/urbansound8k_177537-7-0-29.wav,us8k_177537,val
SMP_00494,loud_impact,7,urbansound8k,urbansound8k_66622-4-0-2.wav,data/raw_categorized/7_loud_impact/urbansound8k_66622-4-0-2.wav,us8k_66622,train
SMP_00495,loud_impact,7,urbansound8k,urbansound8k_188823-7-1-3.wav,data/raw_categorized/7_loud_impact/urbansound8k_188823-7-1-3.wav,us8k_188823,train
SMP_00496,loud_impact,7,urbansound8k,urbansound8k_22883-7-78-2.wav,data/raw_categorized/7_loud_impact/urbansound8k_22883-7-78-2.wav,us8k_22883,train
SMP_00497,loud_impact,7,urbansound8k,urbansound8k_169098-7-4-8.wav,data/raw_categorized/7_loud_impact/urbansound8k_169098-7-4-8.wav,us8k_169098,train
SMP_00498,loud_impact,7,urbansound8k,urbansound8k_103199-4-2-5.wav,data/raw_categorized/7_loud_impact/urbansound8k_103199-4-2-5.wav,us8k_103199,train
SMP_00499,loud_impact,7,urbansound8k,urbansound8k_104817-4-0-0.wav,data/raw_categorized/7_loud_impact/urbansound8k_104817-4-0-0.wav,us8k_104817,train
SMP_00500,loud_impact,7,urbansound8k,urbansound8k_203929-7-4-8.wav,data/raw_categorized/7_loud_impact/urbansound8k_203929-7-4-8.wav,us8k_203929,test
SMP_00501,loud_impact,7,urbansound8k,urbansound8k_74922-4-0-1.wav,data/raw_categorized/7_loud_impact/urbansound8k_74922-4-0-1.wav,us8k_74922,test
SMP_00502,loud_impact,7,urbansound8k,urbansound8k_55020-4-0-11.wav,data/raw_categorized/7_loud_impact/urbansound8k_55020-4-0-11.wav,us8k_55020,train
SMP_00503,loud_impact,7,urbansound8k,urbansound8k_104625-4-0-35.wav,data/raw_categorized/7_loud_impact/urbansound8k_104625-4-0-35.wav,us8k_104625,train
SMP_00504,loud_impact,7,urbansound8k,urbansound8k_77774-4-0-2.wav,data/raw_categorized/7_loud_impact/urbansound8k_77774-4-0-2.wav,us8k_77774,train
SMP_00505,loud_impact,7,urbansound8k,urbansound8k_99192-4-0-30.wav,data/raw_categorized/7_loud_impact/urbansound8k_99192-4-0-30.wav,us8k_99192,train
SMP_00506,loud_impact,7,urbansound8k,urbansound8k_17913-4-0-1.wav,data/raw_categorized/7_loud_impact/urbansound8k_17913-4-0-1.wav,us8k_17913,train
SMP_00507,loud_impact,7,urbansound8k,urbansound8k_98859-7-2-0.wav,data/raw_categorized/7_loud_impact/urbansound8k_98859-7-2-0.wav,us8k_98859,val
SMP_00508,loud_impact,7,urbansound8k,urbansound8k_180937-7-1-9.wav,data/raw_categorized/7_loud_impact/urbansound8k_180937-7-1-9.wav,us8k_180937,train
SMP_00509,loud_impact,7,urbansound8k,urbansound8k_33340-7-3-0.wav,data/raw_categorized/7_loud_impact/urbansound8k_33340-7-3-0.wav,us8k_33340,test
SMP_00510,loud_impact,7,urbansound8k,urbansound8k_180126-4-0-0.wav,data/raw_categorized/7_loud_impact/urbansound8k_180126-4-0-0.wav,us8k_180126,train
SMP_00511,loud_impact,7,urbansound8k,urbansound8k_76086-4-0-53.wav,data/raw_categorized/7_loud_impact/urbansound8k_76086-4-0-53.wav,us8k_76086,test
SMP_00512,loud_impact,7,urbansound8k,urbansound8k_119809-7-0-2.wav,data/raw_categorized/7_loud_impact/urbansound8k_119809-7-0-2.wav,us8k_119809,test
SMP_00513,loud_impact,7,urbansound8k,urbansound8k_69598-4-2-0.wav,data/raw_categorized/7_loud_impact/urbansound8k_69598-4-2-0.wav,us8k_69598,train
SMP_00514,loud_impact,7,urbansound8k,urbansound8k_50629-4-1-2.wav,data/raw_categorized/7_loud_impact/urbansound8k_50629-4-1-2.wav,us8k_50629,train
SMP_00515,loud_impact,7,urbansound8k,urbansound8k_24728-7-5-0.wav,data/raw_categorized/7_loud_impact/urbansound8k_24728-7-5-0.wav,us8k_24728,test
SMP_00516,loud_impact,7,urbansound8k,urbansound8k_178261-7-3-1.wav,data/raw_categorized/7_loud_impact/urbansound8k_178261-7-3-1.wav,us8k_178261,val
SMP_00517,loud_impact,7,urbansound8k,urbansound8k_180125-4-3-24.wav,data/raw_categorized/7_loud_impact/urbansound8k_180125-4-3-24.wav,us8k_180125,train
SMP_00518,loud_impact,7,urbansound8k,urbansound8k_169466-4-3-10.wav,data/raw_categorized/7_loud_impact/urbansound8k_169466-4-3-10.wav,us8k_169466,test
SMP_00519,loud_impact,7,urbansound8k,urbansound8k_29721-4-0-6.wav,data/raw_categorized/7_loud_impact/urbansound8k_29721-4-0-6.wav,us8k_29721,test
SMP_00520,loud_impact,7,urbansound8k,urbansound8k_105029-7-1-7.wav,data/raw_categorized/7_loud_impact/urbansound8k_105029-7-1-7.wav,us8k_105029,train
SMP_00521,loud_impact,7,urbansound8k,urbansound8k_162134-7-17-4.wav,data/raw_categorized/7_loud_impact/urbansound8k_162134-7-17-4.wav,us8k_162134,train
SMP_00522,loud_impact,7,urbansound8k,urbansound8k_125678-7-0-4.wav,data/raw_categorized/7_loud_impact/urbansound8k_125678-7-0-4.wav,us8k_125678,train
SMP_00523,loud_impact,7,urbansound8k,urbansound8k_30206-7-0-1.wav,data/raw_categorized/7_loud_impact/urbansound8k_30206-7-0-1.wav,us8k_30206,train
SMP_00524,loud_impact,7,urbansound8k,urbansound8k_180127-4-0-18.wav,data/raw_categorized/7_loud_impact/urbansound8k_180127-4-0-18.wav,us8k_180127,train
SMP_00525,loud_impact,7,urbansound8k,urbansound8k_73623-7-5-0.wav,data/raw_categorized/7_loud_impact/urbansound8k_73623-7-5-0.wav,us8k_73623,train
SMP_00526,loud_impact,7,urbansound8k,urbansound8k_171305-7-10-0.wav,data/raw_categorized/7_loud_impact/urbansound8k_171305-7-10-0.wav,us8k_171305,train
SMP_00527,loud_impact,7,urbansound8k,urbansound8k_63095-4-0-26.wav,data/raw_categorized/7_loud_impact/urbansound8k_63095-4-0-26.wav,us8k_63095,test
SMP_00528,loud_impact,7,urbansound8k,urbansound8k_99192-4-0-3.wav,data/raw_categorized/7_loud_impact/urbansound8k_99192-4-0-3.wav,us8k_99192,train
SMP_00529,loud_impact,7,urbansound8k,urbansound8k_84699-4-5-0.wav,data/raw_categorized/7_loud_impact/urbansound8k_84699-4-5-0.wav,us8k_84699,val
SMP_00530,loud_impact,7,urbansound8k,urbansound8k_203929-7-7-2.wav,data/raw_categorized/7_loud_impact/urbansound8k_203929-7-7-2.wav,us8k_203929,test
SMP_00531,loud_impact,7,urbansound8k,urbansound8k_14772-7-8-0.wav,data/raw_categorized/7_loud_impact/urbansound8k_14772-7-8-0.wav,us8k_14772,train
SMP_00532,loud_impact,7,urbansound8k,urbansound8k_33340-7-9-0.wav,data/raw_categorized/7_loud_impact/urbansound8k_33340-7-9-0.wav,us8k_33340,test
SMP_00533,loud_impact,7,urbansound8k,urbansound8k_162134-7-10-3.wav,data/raw_categorized/7_loud_impact/urbansound8k_162134-7-10-3.wav,us8k_162134,train
SMP_00534,loud_impact,7,urbansound8k,urbansound8k_180127-4-0-3.wav,data/raw_categorized/7_loud_impact/urbansound8k_180127-4-0-3.wav,us8k_180127,train
SMP_00535,loud_impact,7,urbansound8k,urbansound8k_167701-4-9-0.wav,data/raw_categorized/7_loud_impact/urbansound8k_167701-4-9-0.wav,us8k_167701,train
SMP_00536,loud_impact,7,urbansound8k,urbansound8k_77751-7-2-0.wav,data/raw_categorized/7_loud_impact/urbansound8k_77751-7-2-0.wav,us8k_77751,train
SMP_00537,loud_impact,7,urbansound8k,urbansound8k_188823-7-2-1.wav,data/raw_categorized/7_loud_impact/urbansound8k_188823-7-2-1.wav,us8k_188823,train
SMP_00538,loud_impact,7,urbansound8k,urbansound8k_34621-4-17-0.wav,data/raw_categorized/7_loud_impact/urbansound8k_34621-4-17-0.wav,us8k_34621,train
SMP_00539,loud_impact,7,urbansound8k,urbansound8k_188813-7-1-0.wav,data/raw_categorized/7_loud_impact/urbansound8k_188813-7-1-0.wav,us8k_188813,train
SMP_00540,loud_impact,7,urbansound8k,urbansound8k_139000-4-0-0.wav,data/raw_categorized/7_loud_impact/urbansound8k_139000-4-0-0.wav,us8k_139000,train
SMP_00541,loud_impact,7,urbansound8k,urbansound8k_29721-4-0-0.wav,data/raw_categorized/7_loud_impact/urbansound8k_29721-4-0-0.wav,us8k_29721,test
SMP_00542,loud_impact,7,urbansound8k,urbansound8k_105029-7-2-8.wav,data/raw_categorized/7_loud_impact/urbansound8k_105029-7-2-8.wav,us8k_105029,train
SMP_00543,loud_impact,7,urbansound8k,urbansound8k_22883-7-92-0.wav,data/raw_categorized/7_loud_impact/urbansound8k_22883-7-92-0.wav,us8k_22883,train
SMP_00544,loud_impact,7,urbansound8k,urbansound8k_146249-4-0-0.wav,data/raw_categorized/7_loud_impact/urbansound8k_146249-4-0-0.wav,us8k_146249,train
SMP_00545,loud_impact,7,urbansound8k,urbansound8k_125678-7-3-3.wav,data/raw_categorized/7_loud_impact/urbansound8k_125678-7-3-3.wav,us8k_125678,train
SMP_00546,loud_impact,7,urbansound8k,urbansound8k_165642-4-0-0.wav,data/raw_categorized/7_loud_impact/urbansound8k_165642-4-0-0.wav,us8k_165642,train
SMP_00547,loud_impact,7,urbansound8k,urbansound8k_62837-7-1-29.wav,data/raw_categorized/7_loud_impact/urbansound8k_62837-7-1-29.wav,us8k_62837,train
SMP_00548,loud_impact,7,urbansound8k,urbansound8k_99192-4-0-27.wav,data/raw_categorized/7_loud_impact/urbansound8k_99192-4-0-27.wav,us8k_99192,train
SMP_00549,loud_impact,7,urbansound8k,urbansound8k_71171-4-0-1.wav,data/raw_categorized/7_loud_impact/urbansound8k_71171-4-0-1.wav,us8k_71171,train
SMP_00550,loud_impact,7,urbansound8k,urbansound8k_188813-7-5-0.wav,data/raw_categorized/7_loud_impact/urbansound8k_188813-7-5-0.wav,us8k_188813,train
SMP_00551,loud_impact,7,urbansound8k,urbansound8k_104998-7-15-5.wav,data/raw_categorized/7_loud_impact/urbansound8k_104998-7-15-5.wav,us8k_104998,val
SMP_00552,loud_impact,7,urbansound8k,urbansound8k_180937-7-4-5.wav,data/raw_categorized/7_loud_impact/urbansound8k_180937-7-4-5.wav,us8k_180937,train
SMP_00553,loud_impact,7,urbansound8k,urbansound8k_177537-7-0-24.wav,data/raw_categorized/7_loud_impact/urbansound8k_177537-7-0-24.wav,us8k_177537,val
SMP_00554,loud_impact,7,urbansound8k,urbansound8k_162134-7-11-2.wav,data/raw_categorized/7_loud_impact/urbansound8k_162134-7-11-2.wav,us8k_162134,train
SMP_00555,loud_impact,7,urbansound8k,urbansound8k_168037-4-9-0.wav,data/raw_categorized/7_loud_impact/urbansound8k_168037-4-9-0.wav,us8k_168037,train
SMP_00556,loud_impact,7,urbansound8k,urbansound8k_74965-4-0-3.wav,data/raw_categorized/7_loud_impact/urbansound8k_74965-4-0-3.wav,us8k_74965,val
SMP_00557,loud_impact,7,urbansound8k,urbansound8k_99192-4-0-1.wav,data/raw_categorized/7_loud_impact/urbansound8k_99192-4-0-1.wav,us8k_99192,train
SMP_00558,loud_impact,7,urbansound8k,urbansound8k_187377-4-0-1.wav,data/raw_categorized/7_loud_impact/urbansound8k_187377-4-0-1.wav,us8k_187377,train
SMP_00559,loud_impact,7,urbansound8k,urbansound8k_166931-4-0-1.wav,data/raw_categorized/7_loud_impact/urbansound8k_166931-4-0-1.wav,us8k_166931,train
SMP_00560,loud_impact,7,urbansound8k,urbansound8k_167701-4-5-0.wav,data/raw_categorized/7_loud_impact/urbansound8k_167701-4-5-0.wav,us8k_167701,train
SMP_00561,fire_alarm_siren,6,urbansound8k,urbansound8k_159738-8-0-1.wav,data/raw_categorized/6_fire_alarm_siren/urbansound8k_159738-8-0-1.wav,us8k_159738,train
SMP_00562,fire_alarm_siren,6,urbansound8k,urbansound8k_159754-8-4-0.wav,data/raw_categorized/6_fire_alarm_siren/urbansound8k_159754-8-4-0.wav,us8k_159754,train
SMP_00563,fire_alarm_siren,6,urbansound8k,urbansound8k_133473-8-0-0.wav,data/raw_categorized/6_fire_alarm_siren/urbansound8k_133473-8-0-0.wav,us8k_133473,test
SMP_00564,fire_alarm_siren,6,urbansound8k,urbansound8k_203913-8-0-11.wav,data/raw_categorized/6_fire_alarm_siren/urbansound8k_203913-8-0-11.wav,us8k_203913,test
SMP_00565,fire_alarm_siren,6,urbansound8k,urbansound8k_159745-8-1-7.wav,data/raw_categorized/6_fire_alarm_siren/urbansound8k_159745-8-1-7.wav,us8k_159745,train
SMP_00566,fire_alarm_siren,6,urbansound8k,urbansound8k_159748-8-2-8.wav,data/raw_categorized/6_fire_alarm_siren/urbansound8k_159748-8-2-8.wav,us8k_159748,train
SMP_00567,fire_alarm_siren,6,urbansound8k,urbansound8k_24347-8-0-68.wav,data/raw_categorized/6_fire_alarm_siren/urbansound8k_24347-8-0-68.wav,us8k_24347,train
SMP_00568,fire_alarm_siren,6,urbansound8k,urbansound8k_102871-8-0-7.wav,data/raw_categorized/6_fire_alarm_siren/urbansound8k_102871-8-0-7.wav,us8k_102871,train
SMP_00569,fire_alarm_siren,6,urbansound8k,urbansound8k_159738-8-0-3.wav,data/raw_categorized/6_fire_alarm_siren/urbansound8k_159738-8-0-3.wav,us8k_159738,train
SMP_00570,fire_alarm_siren,6,urbansound8k,urbansound8k_158608-8-0-5.wav,data/raw_categorized/6_fire_alarm_siren/urbansound8k_158608-8-0-5.wav,us8k_158608,test
SMP_00571,fire_alarm_siren,6,urbansound8k,urbansound8k_159748-8-0-4.wav,data/raw_categorized/6_fire_alarm_siren/urbansound8k_159748-8-0-4.wav,us8k_159748,train
SMP_00572,fire_alarm_siren,6,urbansound8k,urbansound8k_74726-8-2-3.wav,data/raw_categorized/6_fire_alarm_siren/urbansound8k_74726-8-2-3.wav,us8k_74726,val
SMP_00573,fire_alarm_siren,6,urbansound8k,urbansound8k_117181-8-0-1.wav,data/raw_categorized/6_fire_alarm_siren/urbansound8k_117181-8-0-1.wav,us8k_117181,test
SMP_00574,fire_alarm_siren,6,urbansound8k,urbansound8k_117181-8-0-4.wav,data/raw_categorized/6_fire_alarm_siren/urbansound8k_117181-8-0-4.wav,us8k_117181,test
SMP_00575,fire_alarm_siren,6,urbansound8k,urbansound8k_74364-8-1-4.wav,data/raw_categorized/6_fire_alarm_siren/urbansound8k_74364-8-1-4.wav,us8k_74364,test
SMP_00576,fire_alarm_siren,6,urbansound8k,urbansound8k_157866-8-0-5.wav,data/raw_categorized/6_fire_alarm_siren/urbansound8k_157866-8-0-5.wav,us8k_157866,train
SMP_00577,fire_alarm_siren,6,urbansound8k,urbansound8k_22601-8-0-26.wav,data/raw_categorized/6_fire_alarm_siren/urbansound8k_22601-8-0-26.wav,us8k_22601,train
SMP_00578,fire_alarm_siren,6,urbansound8k,urbansound8k_74726-8-0-5.wav,data/raw_categorized/6_fire_alarm_siren/urbansound8k_74726-8-0-5.wav,us8k_74726,val
SMP_00579,fire_alarm_siren,6,urbansound8k,urbansound8k_159752-8-0-9.wav,data/raw_categorized/6_fire_alarm_siren/urbansound8k_159752-8-0-9.wav,us8k_159752,test
SMP_00580,fire_alarm_siren,6,urbansound8k,urbansound8k_157868-8-0-20.wav,data/raw_categorized/6_fire_alarm_siren/urbansound8k_157868-8-0-20.wav,us8k_157868,train
SMP_00581,fire_alarm_siren,6,urbansound8k,urbansound8k_74364-8-1-10.wav,data/raw_categorized/6_fire_alarm_siren/urbansound8k_74364-8-1-10.wav,us8k_74364,test
SMP_00582,fire_alarm_siren,6,urbansound8k,urbansound8k_105289-8-0-5.wav,data/raw_categorized/6_fire_alarm_siren/urbansound8k_105289-8-0-5.wav,us8k_105289,train
SMP_00583,fire_alarm_siren,6,urbansound8k,urbansound8k_159738-8-0-5.wav,data/raw_categorized/6_fire_alarm_siren/urbansound8k_159738-8-0-5.wav,us8k_159738,train
SMP_00584,fire_alarm_siren,6,urbansound8k,urbansound8k_124389-8-1-4.wav,data/raw_categorized/6_fire_alarm_siren/urbansound8k_124389-8-1-4.wav,us8k_124389,test
SMP_00585,fire_alarm_siren,6,urbansound8k,urbansound8k_157866-8-0-11.wav,data/raw_categorized/6_fire_alarm_siren/urbansound8k_157866-8-0-11.wav,us8k_157866,train
SMP_00586,fire_alarm_siren,6,urbansound8k,urbansound8k_105289-8-1-4.wav,data/raw_categorized/6_fire_alarm_siren/urbansound8k_105289-8-1-4.wav,us8k_105289,train
SMP_00587,fire_alarm_siren,6,urbansound8k,urbansound8k_24347-8-0-13.wav,data/raw_categorized/6_fire_alarm_siren/urbansound8k_24347-8-0-13.wav,us8k_24347,train
SMP_00588,fire_alarm_siren,6,urbansound8k,urbansound8k_157866-8-0-10.wav,data/raw_categorized/6_fire_alarm_siren/urbansound8k_157866-8-0-10.wav,us8k_157866,train
SMP_00589,fire_alarm_siren,6,urbansound8k,urbansound8k_102871-8-0-15.wav,data/raw_categorized/6_fire_alarm_siren/urbansound8k_102871-8-0-15.wav,us8k_102871,train
SMP_00590,fire_alarm_siren,6,urbansound8k,urbansound8k_148632-8-0-18.wav,data/raw_categorized/6_fire_alarm_siren/urbansound8k_148632-8-0-18.wav,us8k_148632,train
SMP_00591,fire_alarm_siren,6,urbansound8k,urbansound8k_93567-8-0-1.wav,data/raw_categorized/6_fire_alarm_siren/urbansound8k_93567-8-0-1.wav,us8k_93567,train
SMP_00592,fire_alarm_siren,6,urbansound8k,urbansound8k_111671-8-0-7.wav,data/raw_categorized/6_fire_alarm_siren/urbansound8k_111671-8-0-7.wav,us8k_111671,train
SMP_00593,fire_alarm_siren,6,urbansound8k,urbansound8k_102871-8-0-2.wav,data/raw_categorized/6_fire_alarm_siren/urbansound8k_102871-8-0-2.wav,us8k_102871,train
SMP_00594,fire_alarm_siren,6,urbansound8k,urbansound8k_74726-8-0-4.wav,data/raw_categorized/6_fire_alarm_siren/urbansound8k_74726-8-0-4.wav,us8k_74726,val
SMP_00595,fire_alarm_siren,6,urbansound8k,urbansound8k_93567-8-0-13.wav,data/raw_categorized/6_fire_alarm_siren/urbansound8k_93567-8-0-13.wav,us8k_93567,train
SMP_00596,fire_alarm_siren,6,urbansound8k,urbansound8k_123688-8-0-1.wav,data/raw_categorized/6_fire_alarm_siren/urbansound8k_123688-8-0-1.wav,us8k_123688,train
SMP_00597,fire_alarm_siren,6,urbansound8k,urbansound8k_157868-8-0-7.wav,data/raw_categorized/6_fire_alarm_siren/urbansound8k_157868-8-0-7.wav,us8k_157868,train
SMP_00598,fire_alarm_siren,6,urbansound8k,urbansound8k_157867-8-0-7.wav,data/raw_categorized/6_fire_alarm_siren/urbansound8k_157867-8-0-7.wav,us8k_157867,train
SMP_00599,fire_alarm_siren,6,urbansound8k,urbansound8k_40722-8-0-0.wav,data/raw_categorized/6_fire_alarm_siren/urbansound8k_40722-8-0-0.wav,us8k_40722,test
SMP_00600,fire_alarm_siren,6,urbansound8k,urbansound8k_157867-8-0-22.wav,data/raw_categorized/6_fire_alarm_siren/urbansound8k_157867-8-0-22.wav,us8k_157867,train
SMP_00601,fire_alarm_siren,6,urbansound8k,urbansound8k_62878-8-0-0.wav,data/raw_categorized/6_fire_alarm_siren/urbansound8k_62878-8-0-0.wav,us8k_62878,val
SMP_00602,fire_alarm_siren,6,urbansound8k,urbansound8k_74364-8-1-21.wav,data/raw_categorized/6_fire_alarm_siren/urbansound8k_74364-8-1-21.wav,us8k_74364,test
SMP_00603,fire_alarm_siren,6,urbansound8k,urbansound8k_107357-8-1-13.wav,data/raw_categorized/6_fire_alarm_siren/urbansound8k_107357-8-1-13.wav,us8k_107357,train
SMP_00604,fire_alarm_siren,6,urbansound8k,urbansound8k_24347-8-0-18.wav,data/raw_categorized/6_fire_alarm_siren/urbansound8k_24347-8-0-18.wav,us8k_24347,train
SMP_00605,fire_alarm_siren,6,urbansound8k,urbansound8k_159753-8-0-0.wav,data/raw_categorized/6_fire_alarm_siren/urbansound8k_159753-8-0-0.wav,us8k_159753,test
SMP_00606,fire_alarm_siren,6,urbansound8k,urbansound8k_159751-8-0-0.wav,data/raw_categorized/6_fire_alarm_siren/urbansound8k_159751-8-0-0.wav,us8k_159751,train
SMP_00607,fire_alarm_siren,6,urbansound8k,urbansound8k_157867-8-0-13.wav,data/raw_categorized/6_fire_alarm_siren/urbansound8k_157867-8-0-13.wav,us8k_157867,train
SMP_00608,fire_alarm_siren,6,urbansound8k,urbansound8k_159748-8-0-1.wav,data/raw_categorized/6_fire_alarm_siren/urbansound8k_159748-8-0-1.wav,us8k_159748,train
SMP_00609,fire_alarm_siren,6,urbansound8k,urbansound8k_43805-8-2-0.wav,data/raw_categorized/6_fire_alarm_siren/urbansound8k_43805-8-2-0.wav,us8k_43805,train
SMP_00610,fire_alarm_siren,6,urbansound8k,urbansound8k_159747-8-0-11.wav,data/raw_categorized/6_fire_alarm_siren/urbansound8k_159747-8-0-11.wav,us8k_159747,val
SMP_00611,fire_alarm_siren,6,urbansound8k,urbansound8k_107357-8-0-7.wav,data/raw_categorized/6_fire_alarm_siren/urbansound8k_107357-8-0-7.wav,us8k_107357,train
SMP_00612,fire_alarm_siren,6,urbansound8k,urbansound8k_24347-8-0-35.wav,data/raw_categorized/6_fire_alarm_siren/urbansound8k_24347-8-0-35.wav,us8k_24347,train
SMP_00613,fire_alarm_siren,6,urbansound8k,urbansound8k_90014-8-0-2.wav,data/raw_categorized/6_fire_alarm_siren/urbansound8k_90014-8-0-2.wav,us8k_90014,val
SMP_00614,fire_alarm_siren,6,urbansound8k,urbansound8k_54898-8-0-1.wav,data/raw_categorized/6_fire_alarm_siren/urbansound8k_54898-8-0-1.wav,us8k_54898,train
SMP_00615,fire_alarm_siren,6,urbansound8k,urbansound8k_57323-8-0-0.wav,data/raw_categorized/6_fire_alarm_siren/urbansound8k_57323-8-0-0.wav,us8k_57323,train
SMP_00616,fire_alarm_siren,6,urbansound8k,urbansound8k_94636-8-0-1.wav,data/raw_categorized/6_fire_alarm_siren/urbansound8k_94636-8-0-1.wav,us8k_94636,train
SMP_00617,fire_alarm_siren,6,urbansound8k,urbansound8k_24347-8-0-89.wav,data/raw_categorized/6_fire_alarm_siren/urbansound8k_24347-8-0-89.wav,us8k_24347,train
SMP_00618,fire_alarm_siren,6,urbansound8k,urbansound8k_42117-8-0-1.wav,data/raw_categorized/6_fire_alarm_siren/urbansound8k_42117-8-0-1.wav,us8k_42117,train
SMP_00619,fire_alarm_siren,6,urbansound8k,urbansound8k_105289-8-1-2.wav,data/raw_categorized/6_fire_alarm_siren/urbansound8k_105289-8-1-2.wav,us8k_105289,train
SMP_00620,fire_alarm_siren,6,urbansound8k,urbansound8k_94636-8-0-12.wav,data/raw_categorized/6_fire_alarm_siren/urbansound8k_94636-8-0-12.wav,us8k_94636,train
SMP_00621,fire_alarm_siren,6,urbansound8k,urbansound8k_159738-8-0-7.wav,data/raw_categorized/6_fire_alarm_siren/urbansound8k_159738-8-0-7.wav,us8k_159738,train
SMP_00622,fire_alarm_siren,6,urbansound8k,urbansound8k_156869-8-0-6.wav,data/raw_categorized/6_fire_alarm_siren/urbansound8k_156869-8-0-6.wav,us8k_156869,test
SMP_00623,fire_alarm_siren,6,urbansound8k,urbansound8k_159752-8-0-10.wav,data/raw_categorized/6_fire_alarm_siren/urbansound8k_159752-8-0-10.wav,us8k_159752,test
SMP_00624,fire_alarm_siren,6,urbansound8k,urbansound8k_184623-8-0-0.wav,data/raw_categorized/6_fire_alarm_siren/urbansound8k_184623-8-0-0.wav,us8k_184623,train
SMP_00625,fire_alarm_siren,6,urbansound8k,urbansound8k_164782-8-0-4.wav,data/raw_categorized/6_fire_alarm_siren/urbansound8k_164782-8-0-4.wav,us8k_164782,test
SMP_00626,fire_alarm_siren,6,urbansound8k,urbansound8k_158608-8-0-8.wav,data/raw_categorized/6_fire_alarm_siren/urbansound8k_158608-8-0-8.wav,us8k_158608,test
SMP_00627,fire_alarm_siren,6,urbansound8k,urbansound8k_107357-8-1-3.wav,data/raw_categorized/6_fire_alarm_siren/urbansound8k_107357-8-1-3.wav,us8k_107357,train
SMP_00628,fire_alarm_siren,6,urbansound8k,urbansound8k_159750-8-0-6.wav,data/raw_categorized/6_fire_alarm_siren/urbansound8k_159750-8-0-6.wav,us8k_159750,train
SMP_00629,fire_alarm_siren,6,urbansound8k,urbansound8k_157868-8-0-0.wav,data/raw_categorized/6_fire_alarm_siren/urbansound8k_157868-8-0-0.wav,us8k_157868,train
SMP_00630,fire_alarm_siren,6,urbansound8k,urbansound8k_70740-8-0-0.wav,data/raw_categorized/6_fire_alarm_siren/urbansound8k_70740-8-0-0.wav,us8k_70740,test
SMP_00631,fire_alarm_siren,6,urbansound8k,urbansound8k_90014-8-0-4.wav,data/raw_categorized/6_fire_alarm_siren/urbansound8k_90014-8-0-4.wav,us8k_90014,val
SMP_00632,fire_alarm_siren,6,urbansound8k,urbansound8k_159738-8-0-13.wav,data/raw_categorized/6_fire_alarm_siren/urbansound8k_159738-8-0-13.wav,us8k_159738,train
SMP_00633,fire_alarm_siren,6,urbansound8k,urbansound8k_157866-8-0-24.wav,data/raw_categorized/6_fire_alarm_siren/urbansound8k_157866-8-0-24.wav,us8k_157866,train
SMP_00634,fire_alarm_siren,6,urbansound8k,urbansound8k_94636-8-0-19.wav,data/raw_categorized/6_fire_alarm_siren/urbansound8k_94636-8-0-19.wav,us8k_94636,train
SMP_00635,fire_alarm_siren,6,urbansound8k,urbansound8k_118279-8-0-14.wav,data/raw_categorized/6_fire_alarm_siren/urbansound8k_118279-8-0-14.wav,us8k_118279,val
SMP_00636,fire_alarm_siren,6,urbansound8k,urbansound8k_93567-8-0-11.wav,data/raw_categorized/6_fire_alarm_siren/urbansound8k_93567-8-0-11.wav,us8k_93567,train
SMP_00637,fire_alarm_siren,6,urbansound8k,urbansound8k_159747-8-0-21.wav,data/raw_categorized/6_fire_alarm_siren/urbansound8k_159747-8-0-21.wav,us8k_159747,val
SMP_00638,fire_alarm_siren,6,urbansound8k,urbansound8k_24347-8-0-20.wav,data/raw_categorized/6_fire_alarm_siren/urbansound8k_24347-8-0-20.wav,us8k_24347,train
SMP_00639,fire_alarm_siren,6,urbansound8k,urbansound8k_22601-8-0-23.wav,data/raw_categorized/6_fire_alarm_siren/urbansound8k_22601-8-0-23.wav,us8k_22601,train
SMP_00640,fire_alarm_siren,6,urbansound8k,urbansound8k_203913-8-0-9.wav,data/raw_categorized/6_fire_alarm_siren/urbansound8k_203913-8-0-9.wav,us8k_203913,test
SMP_00641,fire_alarm_siren,6,urbansound8k,urbansound8k_159748-8-0-9.wav,data/raw_categorized/6_fire_alarm_siren/urbansound8k_159748-8-0-9.wav,us8k_159748,train
SMP_00642,fire_alarm_siren,6,urbansound8k,urbansound8k_105289-8-1-1.wav,data/raw_categorized/6_fire_alarm_siren/urbansound8k_105289-8-1-1.wav,us8k_105289,train
SMP_00643,fire_alarm_siren,6,urbansound8k,urbansound8k_74364-8-1-13.wav,data/raw_categorized/6_fire_alarm_siren/urbansound8k_74364-8-1-13.wav,us8k_74364,test
SMP_00644,fire_alarm_siren,6,urbansound8k,urbansound8k_24347-8-0-74.wav,data/raw_categorized/6_fire_alarm_siren/urbansound8k_24347-8-0-74.wav,us8k_24347,train
SMP_00645,fire_alarm_siren,6,urbansound8k,urbansound8k_22601-8-0-12.wav,data/raw_categorized/6_fire_alarm_siren/urbansound8k_22601-8-0-12.wav,us8k_22601,train
SMP_00646,fire_alarm_siren,6,urbansound8k,urbansound8k_107357-8-0-4.wav,data/raw_categorized/6_fire_alarm_siren/urbansound8k_107357-8-0-4.wav,us8k_107357,train
SMP_00647,fire_alarm_siren,6,urbansound8k,urbansound8k_43805-8-0-0.wav,data/raw_categorized/6_fire_alarm_siren/urbansound8k_43805-8-0-0.wav,us8k_43805,train
SMP_00648,fire_alarm_siren,6,urbansound8k,urbansound8k_107357-8-1-12.wav,data/raw_categorized/6_fire_alarm_siren/urbansound8k_107357-8-1-12.wav,us8k_107357,train
SMP_00649,fire_alarm_siren,6,urbansound8k,urbansound8k_159751-8-0-20.wav,data/raw_categorized/6_fire_alarm_siren/urbansound8k_159751-8-0-20.wav,us8k_159751,train
SMP_00650,fire_alarm_siren,6,urbansound8k,urbansound8k_159755-8-0-3.wav,data/raw_categorized/6_fire_alarm_siren/urbansound8k_159755-8-0-3.wav,us8k_159755,train
SMP_00651,fire_alarm_siren,6,urbansound8k,urbansound8k_118279-8-0-10.wav,data/raw_categorized/6_fire_alarm_siren/urbansound8k_118279-8-0-10.wav,us8k_118279,val
SMP_00652,fire_alarm_siren,6,urbansound8k,urbansound8k_123688-8-1-5.wav,data/raw_categorized/6_fire_alarm_siren/urbansound8k_123688-8-1-5.wav,us8k_123688,train
SMP_00653,fire_alarm_siren,6,urbansound8k,urbansound8k_157868-8-0-25.wav,data/raw_categorized/6_fire_alarm_siren/urbansound8k_157868-8-0-25.wav,us8k_157868,train
SMP_00654,fire_alarm_siren,6,urbansound8k,urbansound8k_164782-8-0-5.wav,data/raw_categorized/6_fire_alarm_siren/urbansound8k_164782-8-0-5.wav,us8k_164782,test
SMP_00655,fire_alarm_siren,6,urbansound8k,urbansound8k_22601-8-0-4.wav,data/raw_categorized/6_fire_alarm_siren/urbansound8k_22601-8-0-4.wav,us8k_22601,train
SMP_00656,fire_alarm_siren,6,urbansound8k,urbansound8k_158608-8-0-4.wav,data/raw_categorized/6_fire_alarm_siren/urbansound8k_158608-8-0-4.wav,us8k_158608,test
SMP_00657,fire_alarm_siren,6,urbansound8k,urbansound8k_74364-8-1-25.wav,data/raw_categorized/6_fire_alarm_siren/urbansound8k_74364-8-1-25.wav,us8k_74364,test
SMP_00658,fire_alarm_siren,6,urbansound8k,urbansound8k_105289-8-2-1.wav,data/raw_categorized/6_fire_alarm_siren/urbansound8k_105289-8-2-1.wav,us8k_105289,train
SMP_00659,fire_alarm_siren,6,urbansound8k,urbansound8k_157866-8-0-8.wav,data/raw_categorized/6_fire_alarm_siren/urbansound8k_157866-8-0-8.wav,us8k_157866,train
SMP_00660,fire_alarm_siren,6,urbansound8k,urbansound8k_24347-8-0-33.wav,data/raw_categorized/6_fire_alarm_siren/urbansound8k_24347-8-0-33.wav,us8k_24347,train
SMP_00661,background_normal,9,urbansound8k,urbansound8k_189989-0-0-1.wav,data/raw_categorized/9_background_normal/urbansound8k_189989-0-0-1.wav,us8k_189989,train
SMP_00662,background_normal,9,urbansound8k,urbansound8k_26184-5-4-2.wav,data/raw_categorized/9_background_normal/urbansound8k_26184-5-4-2.wav,us8k_26184,train
SMP_00663,background_normal,9,urbansound8k,urbansound8k_177729-0-0-74.wav,data/raw_categorized/9_background_normal/urbansound8k_177729-0-0-74.wav,us8k_177729,val
SMP_00664,background_normal,9,urbansound8k,urbansound8k_177621-0-0-145.wav,data/raw_categorized/9_background_normal/urbansound8k_177621-0-0-145.wav,us8k_177621,train
SMP_00665,background_normal,9,urbansound8k,urbansound8k_106015-5-0-13.wav,data/raw_categorized/9_background_normal/urbansound8k_106015-5-0-13.wav,us8k_106015,train
SMP_00666,background_normal,9,urbansound8k,urbansound8k_62564-5-0-3.wav,data/raw_categorized/9_background_normal/urbansound8k_62564-5-0-3.wav,us8k_62564,train
SMP_00667,background_normal,9,urbansound8k,urbansound8k_195451-5-0-11.wav,data/raw_categorized/9_background_normal/urbansound8k_195451-5-0-11.wav,us8k_195451,val
SMP_00668,background_normal,9,urbansound8k,urbansound8k_94632-5-0-22.wav,data/raw_categorized/9_background_normal/urbansound8k_94632-5-0-22.wav,us8k_94632,train
SMP_00669,background_normal,9,urbansound8k,urbansound8k_62567-5-0-8.wav,data/raw_categorized/9_background_normal/urbansound8k_62567-5-0-8.wav,us8k_62567,train
SMP_00670,background_normal,9,urbansound8k,urbansound8k_166942-0-0-7.wav,data/raw_categorized/9_background_normal/urbansound8k_166942-0-0-7.wav,us8k_166942,train
SMP_00671,background_normal,9,urbansound8k,urbansound8k_195969-0-0-12.wav,data/raw_categorized/9_background_normal/urbansound8k_195969-0-0-12.wav,us8k_195969,test
SMP_00672,background_normal,9,urbansound8k,urbansound8k_113202-5-0-4.wav,data/raw_categorized/9_background_normal/urbansound8k_113202-5-0-4.wav,us8k_113202,train
SMP_00673,background_normal,9,urbansound8k,urbansound8k_144068-5-4-7.wav,data/raw_categorized/9_background_normal/urbansound8k_144068-5-4-7.wav,us8k_144068,train
SMP_00674,background_normal,9,urbansound8k,urbansound8k_57320-0-0-9.wav,data/raw_categorized/9_background_normal/urbansound8k_57320-0-0-9.wav,us8k_57320,train
SMP_00675,background_normal,9,urbansound8k,urbansound8k_177621-0-0-54.wav,data/raw_categorized/9_background_normal/urbansound8k_177621-0-0-54.wav,us8k_177621,train
SMP_00676,background_normal,9,urbansound8k,urbansound8k_102857-5-0-2.wav,data/raw_categorized/9_background_normal/urbansound8k_102857-5-0-2.wav,us8k_102857,train
SMP_00677,background_normal,9,urbansound8k,urbansound8k_74507-0-0-4.wav,data/raw_categorized/9_background_normal/urbansound8k_74507-0-0-4.wav,us8k_74507,train
SMP_00678,background_normal,9,urbansound8k,urbansound8k_204240-0-0-28.wav,data/raw_categorized/9_background_normal/urbansound8k_204240-0-0-28.wav,us8k_204240,train
SMP_00679,background_normal,9,urbansound8k,urbansound8k_26184-5-2-0.wav,data/raw_categorized/9_background_normal/urbansound8k_26184-5-2-0.wav,us8k_26184,train
SMP_00680,background_normal,9,urbansound8k,urbansound8k_13230-0-0-28.wav,data/raw_categorized/9_background_normal/urbansound8k_13230-0-0-28.wav,us8k_13230,val
SMP_00681,background_normal,9,urbansound8k,urbansound8k_111386-5-0-0.wav,data/raw_categorized/9_background_normal/urbansound8k_111386-5-0-0.wav,us8k_111386,train
SMP_00682,background_normal,9,urbansound8k,urbansound8k_46918-5-0-0.wav,data/raw_categorized/9_background_normal/urbansound8k_46918-5-0-0.wav,us8k_46918,test
SMP_00683,background_normal,9,urbansound8k,urbansound8k_184805-0-0-16.wav,data/raw_categorized/9_background_normal/urbansound8k_184805-0-0-16.wav,us8k_184805,val
SMP_00684,background_normal,9,urbansound8k,urbansound8k_119455-5-0-7.wav,data/raw_categorized/9_background_normal/urbansound8k_119455-5-0-7.wav,us8k_119455,val
SMP_00685,background_normal,9,urbansound8k,urbansound8k_30204-0-0-1.wav,data/raw_categorized/9_background_normal/urbansound8k_30204-0-0-1.wav,us8k_30204,val
SMP_00686,background_normal,9,urbansound8k,urbansound8k_200786-5-1-3.wav,data/raw_categorized/9_background_normal/urbansound8k_200786-5-1-3.wav,us8k_200786,train
SMP_00687,background_normal,9,urbansound8k,urbansound8k_55018-0-0-145.wav,data/raw_categorized/9_background_normal/urbansound8k_55018-0-0-145.wav,us8k_55018,train
SMP_00688,background_normal,9,urbansound8k,urbansound8k_201652-5-3-1.wav,data/raw_categorized/9_background_normal/urbansound8k_201652-5-3-1.wav,us8k_201652,train
SMP_00689,background_normal,9,urbansound8k,urbansound8k_17578-5-0-26.wav,data/raw_categorized/9_background_normal/urbansound8k_17578-5-0-26.wav,us8k_17578,train
SMP_00690,background_normal,9,urbansound8k,urbansound8k_177742-0-0-161.wav,data/raw_categorized/9_background_normal/urbansound8k_177742-0-0-161.wav,us8k_177742,train
SMP_00691,background_normal,9,urbansound8k,urbansound8k_62567-5-0-9.wav,data/raw_categorized/9_background_normal/urbansound8k_62567-5-0-9.wav,us8k_62567,train
SMP_00692,background_normal,9,urbansound8k,urbansound8k_81068-5-2-0.wav,data/raw_categorized/9_background_normal/urbansound8k_81068-5-2-0.wav,us8k_81068,test
SMP_00693,background_normal,9,urbansound8k,urbansound8k_39856-5-0-4.wav,data/raw_categorized/9_background_normal/urbansound8k_39856-5-0-4.wav,us8k_39856,train
SMP_00694,background_normal,9,urbansound8k,urbansound8k_83502-0-0-8.wav,data/raw_categorized/9_background_normal/urbansound8k_83502-0-0-8.wav,us8k_83502,train
SMP_00695,background_normal,9,urbansound8k,urbansound8k_146709-0-0-1.wav,data/raw_categorized/9_background_normal/urbansound8k_146709-0-0-1.wav,us8k_146709,test
SMP_00696,background_normal,9,urbansound8k,urbansound8k_113202-5-0-24.wav,data/raw_categorized/9_background_normal/urbansound8k_113202-5-0-24.wav,us8k_113202,train
SMP_00697,background_normal,9,urbansound8k,urbansound8k_73524-0-0-137.wav,data/raw_categorized/9_background_normal/urbansound8k_73524-0-0-137.wav,us8k_73524,train
SMP_00698,background_normal,9,urbansound8k,urbansound8k_74507-0-0-11.wav,data/raw_categorized/9_background_normal/urbansound8k_74507-0-0-11.wav,us8k_74507,train
SMP_00699,background_normal,9,urbansound8k,urbansound8k_189982-0-0-36.wav,data/raw_categorized/9_background_normal/urbansound8k_189982-0-0-36.wav,us8k_189982,train
SMP_00700,background_normal,9,urbansound8k,urbansound8k_166942-0-0-15.wav,data/raw_categorized/9_background_normal/urbansound8k_166942-0-0-15.wav,us8k_166942,train
SMP_00701,background_normal,9,urbansound8k,urbansound8k_146845-0-0-13.wav,data/raw_categorized/9_background_normal/urbansound8k_146845-0-0-13.wav,us8k_146845,train
SMP_00702,background_normal,9,urbansound8k,urbansound8k_195451-5-0-8.wav,data/raw_categorized/9_background_normal/urbansound8k_195451-5-0-8.wav,us8k_195451,val
SMP_00703,background_normal,9,urbansound8k,urbansound8k_57320-0-0-11.wav,data/raw_categorized/9_background_normal/urbansound8k_57320-0-0-11.wav,us8k_57320,train
SMP_00704,background_normal,9,urbansound8k,urbansound8k_106015-5-0-17.wav,data/raw_categorized/9_background_normal/urbansound8k_106015-5-0-17.wav,us8k_106015,train
SMP_00705,background_normal,9,urbansound8k,urbansound8k_144007-5-1-8.wav,data/raw_categorized/9_background_normal/urbansound8k_144007-5-1-8.wav,us8k_144007,train
SMP_00706,background_normal,9,urbansound8k,urbansound8k_57320-0-0-33.wav,data/raw_categorized/9_background_normal/urbansound8k_57320-0-0-33.wav,us8k_57320,train
SMP_00707,background_normal,9,urbansound8k,urbansound8k_101729-0-0-39.wav,data/raw_categorized/9_background_normal/urbansound8k_101729-0-0-39.wav,us8k_101729,val
SMP_00708,background_normal,9,urbansound8k,urbansound8k_113201-5-0-2.wav,data/raw_categorized/9_background_normal/urbansound8k_113201-5-0-2.wav,us8k_113201,train
SMP_00709,background_normal,9,urbansound8k,urbansound8k_144007-5-0-1.wav,data/raw_categorized/9_background_normal/urbansound8k_144007-5-0-1.wav,us8k_144007,train
SMP_00710,background_normal,9,urbansound8k,urbansound8k_176787-5-0-15.wav,data/raw_categorized/9_background_normal/urbansound8k_176787-5-0-15.wav,us8k_176787,val
SMP_00711,background_normal,9,urbansound8k,urbansound8k_17578-5-0-18.wav,data/raw_categorized/9_background_normal/urbansound8k_17578-5-0-18.wav,us8k_17578,train
SMP_00712,background_normal,9,urbansound8k,urbansound8k_50901-0-1-0.wav,data/raw_categorized/9_background_normal/urbansound8k_50901-0-1-0.wav,us8k_50901,train
SMP_00713,background_normal,9,urbansound8k,urbansound8k_39857-5-1-0.wav,data/raw_categorized/9_background_normal/urbansound8k_39857-5-1-0.wav,us8k_39857,train
SMP_00714,background_normal,9,urbansound8k,urbansound8k_144068-5-0-14.wav,data/raw_categorized/9_background_normal/urbansound8k_144068-5-0-14.wav,us8k_144068,train
SMP_00715,background_normal,9,urbansound8k,urbansound8k_100852-0-0-7.wav,data/raw_categorized/9_background_normal/urbansound8k_100852-0-0-7.wav,us8k_100852,train
SMP_00716,background_normal,9,urbansound8k,urbansound8k_103258-5-0-6.wav,data/raw_categorized/9_background_normal/urbansound8k_103258-5-0-6.wav,us8k_103258,train
SMP_00717,background_normal,9,urbansound8k,urbansound8k_62564-5-0-1.wav,data/raw_categorized/9_background_normal/urbansound8k_62564-5-0-1.wav,us8k_62564,train
SMP_00718,background_normal,9,urbansound8k,urbansound8k_185709-0-0-4.wav,data/raw_categorized/9_background_normal/urbansound8k_185709-0-0-4.wav,us8k_185709,val
SMP_00719,background_normal,9,urbansound8k,urbansound8k_106486-5-0-2.wav,data/raw_categorized/9_background_normal/urbansound8k_106486-5-0-2.wav,us8k_106486,train
SMP_00720,background_normal,9,urbansound8k,urbansound8k_195451-5-0-17.wav,data/raw_categorized/9_background_normal/urbansound8k_195451-5-0-17.wav,us8k_195451,val
SMP_00721,background_normal,9,urbansound8k,urbansound8k_154758-5-0-18.wav,data/raw_categorized/9_background_normal/urbansound8k_154758-5-0-18.wav,us8k_154758,test
SMP_00722,background_normal,9,urbansound8k,urbansound8k_151977-0-0-2.wav,data/raw_categorized/9_background_normal/urbansound8k_151977-0-0-2.wav,us8k_151977,train
SMP_00723,background_normal,9,urbansound8k,urbansound8k_50668-5-5-0.wav,data/raw_categorized/9_background_normal/urbansound8k_50668-5-5-0.wav,us8k_50668,train
SMP_00724,background_normal,9,urbansound8k,urbansound8k_16692-5-0-5.wav,data/raw_categorized/9_background_normal/urbansound8k_16692-5-0-5.wav,us8k_16692,train
SMP_00725,background_normal,9,urbansound8k,urbansound8k_189985-0-0-3.wav,data/raw_categorized/9_background_normal/urbansound8k_189985-0-0-3.wav,us8k_189985,train
SMP_00726,background_normal,9,urbansound8k,urbansound8k_39854-5-0-0.wav,data/raw_categorized/9_background_normal/urbansound8k_39854-5-0-0.wav,us8k_39854,train
SMP_00727,background_normal,9,urbansound8k,urbansound8k_177729-0-0-40.wav,data/raw_categorized/9_background_normal/urbansound8k_177729-0-0-40.wav,us8k_177729,val
SMP_00728,background_normal,9,urbansound8k,urbansound8k_134717-0-0-12.wav,data/raw_categorized/9_background_normal/urbansound8k_134717-0-0-12.wav,us8k_134717,val
SMP_00729,background_normal,9,urbansound8k,urbansound8k_178686-0-0-66.wav,data/raw_categorized/9_background_normal/urbansound8k_178686-0-0-66.wav,us8k_178686,train
SMP_00730,background_normal,9,urbansound8k,urbansound8k_73524-0-0-73.wav,data/raw_categorized/9_background_normal/urbansound8k_73524-0-0-73.wav,us8k_73524,train
SMP_00731,background_normal,9,urbansound8k,urbansound8k_168846-5-1-1.wav,data/raw_categorized/9_background_normal/urbansound8k_168846-5-1-1.wav,us8k_168846,train
SMP_00732,background_normal,9,urbansound8k,urbansound8k_146845-0-0-25.wav,data/raw_categorized/9_background_normal/urbansound8k_146845-0-0-25.wav,us8k_146845,train
SMP_00733,background_normal,9,urbansound8k,urbansound8k_203962-5-0-0.wav,data/raw_categorized/9_background_normal/urbansound8k_203962-5-0-0.wav,us8k_203962,train
SMP_00734,background_normal,9,urbansound8k,urbansound8k_50668-5-0-0.wav,data/raw_categorized/9_background_normal/urbansound8k_50668-5-0-0.wav,us8k_50668,train
SMP_00735,background_normal,9,urbansound8k,urbansound8k_177621-0-0-93.wav,data/raw_categorized/9_background_normal/urbansound8k_177621-0-0-93.wav,us8k_177621,train
SMP_00736,background_normal,9,urbansound8k,urbansound8k_184805-0-0-45.wav,data/raw_categorized/9_background_normal/urbansound8k_184805-0-0-45.wav,us8k_184805,val
SMP_00737,background_normal,9,urbansound8k,urbansound8k_185709-0-0-2.wav,data/raw_categorized/9_background_normal/urbansound8k_185709-0-0-2.wav,us8k_185709,val
SMP_00738,background_normal,9,urbansound8k,urbansound8k_201652-5-0-2.wav,data/raw_categorized/9_background_normal/urbansound8k_201652-5-0-2.wav,us8k_201652,train
SMP_00739,background_normal,9,urbansound8k,urbansound8k_119455-5-0-6.wav,data/raw_categorized/9_background_normal/urbansound8k_119455-5-0-6.wav,us8k_119455,val
SMP_00740,background_normal,9,urbansound8k,urbansound8k_85569-0-0-5.wav,data/raw_categorized/9_background_normal/urbansound8k_85569-0-0-5.wav,us8k_85569,train
SMP_00741,background_normal,9,urbansound8k,urbansound8k_184805-0-0-63.wav,data/raw_categorized/9_background_normal/urbansound8k_184805-0-0-63.wav,us8k_184805,val
SMP_00742,background_normal,9,urbansound8k,urbansound8k_134717-0-0-19.wav,data/raw_categorized/9_background_normal/urbansound8k_134717-0-0-19.wav,us8k_134717,val
SMP_00743,background_normal,9,urbansound8k,urbansound8k_168846-5-1-10.wav,data/raw_categorized/9_background_normal/urbansound8k_168846-5-1-10.wav,us8k_168846,train
SMP_00744,background_normal,9,urbansound8k,urbansound8k_184805-0-0-51.wav,data/raw_categorized/9_background_normal/urbansound8k_184805-0-0-51.wav,us8k_184805,val
SMP_00745,background_normal,9,urbansound8k,urbansound8k_73524-0-0-0.wav,data/raw_categorized/9_background_normal/urbansound8k_73524-0-0-0.wav,us8k_73524,train
SMP_00746,background_normal,9,urbansound8k,urbansound8k_101729-0-0-33.wav,data/raw_categorized/9_background_normal/urbansound8k_101729-0-0-33.wav,us8k_101729,val
SMP_00747,background_normal,9,urbansound8k,urbansound8k_101729-0-0-13.wav,data/raw_categorized/9_background_normal/urbansound8k_101729-0-0-13.wav,us8k_101729,val
SMP_00748,background_normal,9,urbansound8k,urbansound8k_100852-0-0-0.wav,data/raw_categorized/9_background_normal/urbansound8k_100852-0-0-0.wav,us8k_100852,train
SMP_00749,background_normal,9,urbansound8k,urbansound8k_151877-5-0-0.wav,data/raw_categorized/9_background_normal/urbansound8k_151877-5-0-0.wav,us8k_151877,train
SMP_00750,background_normal,9,urbansound8k,urbansound8k_74507-0-0-12.wav,data/raw_categorized/9_background_normal/urbansound8k_74507-0-0-12.wav,us8k_74507,train
SMP_00751,background_normal,9,urbansound8k,urbansound8k_121286-0-0-0.wav,data/raw_categorized/9_background_normal/urbansound8k_121286-0-0-0.wav,us8k_121286,val
SMP_00752,background_normal,9,urbansound8k,urbansound8k_18592-5-0-1.wav,data/raw_categorized/9_background_normal/urbansound8k_18592-5-0-1.wav,us8k_18592,train
SMP_00753,background_normal,9,urbansound8k,urbansound8k_39856-5-0-26.wav,data/raw_categorized/9_background_normal/urbansound8k_39856-5-0-26.wav,us8k_39856,train
SMP_00754,background_normal,9,urbansound8k,urbansound8k_209992-5-2-26.wav,data/raw_categorized/9_background_normal/urbansound8k_209992-5-2-26.wav,us8k_209992,train
SMP_00755,background_normal,9,urbansound8k,urbansound8k_195451-5-0-13.wav,data/raw_categorized/9_background_normal/urbansound8k_195451-5-0-13.wav,us8k_195451,val
SMP_00756,background_normal,9,urbansound8k,urbansound8k_209992-5-2-138.wav,data/raw_categorized/9_background_normal/urbansound8k_209992-5-2-138.wav,us8k_209992,train
SMP_00757,background_normal,9,urbansound8k,urbansound8k_167464-0-0-23.wav,data/raw_categorized/9_background_normal/urbansound8k_167464-0-0-23.wav,us8k_167464,test
SMP_00758,background_normal,9,urbansound8k,urbansound8k_162103-0-0-5.wav,data/raw_categorized/9_background_normal/urbansound8k_162103-0-0-5.wav,us8k_162103,train
SMP_00759,background_normal,9,urbansound8k,urbansound8k_146709-0-0-65.wav,data/raw_categorized/9_background_normal/urbansound8k_146709-0-0-65.wav,us8k_146709,test
SMP_00760,background_normal,9,urbansound8k,urbansound8k_195451-5-0-18.wav,data/raw_categorized/9_background_normal/urbansound8k_195451-5-0-18.wav,us8k_195451,val
SMP_00761,glass_break,1,fsd50k,fsd50k_141680.wav,data/raw_categorized/1_glass_break/fsd50k_141680.wav,fsd_141680,train
SMP_00762,glass_break,1,fsd50k,fsd50k_319813.wav,data/raw_categorized/1_glass_break/fsd50k_319813.wav,fsd_319813,train
SMP_00763,glass_break,1,fsd50k,fsd50k_132918.wav,data/raw_categorized/1_glass_break/fsd50k_132918.wav,fsd_132918,train
SMP_00764,glass_break,1,fsd50k,fsd50k_85107.wav,data/raw_categorized/1_glass_break/fsd50k_85107.wav,fsd_85107,train
SMP_00765,glass_break,1,fsd50k,fsd50k_88800.wav,data/raw_categorized/1_glass_break/fsd50k_88800.wav,fsd_88800,train
SMP_00766,glass_break,1,fsd50k,fsd50k_368343.wav,data/raw_categorized/1_glass_break/fsd50k_368343.wav,fsd_368343,train
SMP_00767,glass_break,1,fsd50k,fsd50k_88941.wav,data/raw_categorized/1_glass_break/fsd50k_88941.wav,fsd_88941,test
SMP_00768,glass_break,1,fsd50k,fsd50k_59317.wav,data/raw_categorized/1_glass_break/fsd50k_59317.wav,fsd_59317,test
SMP_00769,glass_break,1,fsd50k,fsd50k_186692.wav,data/raw_categorized/1_glass_break/fsd50k_186692.wav,fsd_186692,train
SMP_00770,glass_break,1,fsd50k,fsd50k_378321.wav,data/raw_categorized/1_glass_break/fsd50k_378321.wav,fsd_378321,train
SMP_00771,glass_break,1,fsd50k,fsd50k_164328.wav,data/raw_categorized/1_glass_break/fsd50k_164328.wav,fsd_164328,val
SMP_00772,glass_break,1,fsd50k,fsd50k_114371.wav,data/raw_categorized/1_glass_break/fsd50k_114371.wav,fsd_114371,train
SMP_00773,glass_break,1,fsd50k,fsd50k_159004.wav,data/raw_categorized/1_glass_break/fsd50k_159004.wav,fsd_159004,train
SMP_00774,glass_break,1,fsd50k,fsd50k_119839.wav,data/raw_categorized/1_glass_break/fsd50k_119839.wav,fsd_119839,train
SMP_00775,glass_break,1,fsd50k,fsd50k_267889.wav,data/raw_categorized/1_glass_break/fsd50k_267889.wav,fsd_267889,train
SMP_00776,glass_break,1,fsd50k,fsd50k_416288.wav,data/raw_categorized/1_glass_break/fsd50k_416288.wav,fsd_416288,train
SMP_00777,glass_break,1,fsd50k,fsd50k_35213.wav,data/raw_categorized/1_glass_break/fsd50k_35213.wav,fsd_35213,train
SMP_00778,glass_break,1,fsd50k,fsd50k_100733.wav,data/raw_categorized/1_glass_break/fsd50k_100733.wav,fsd_100733,test
SMP_00779,glass_break,1,fsd50k,fsd50k_186419.wav,data/raw_categorized/1_glass_break/fsd50k_186419.wav,fsd_186419,train
SMP_00780,glass_break,1,fsd50k,fsd50k_339471.wav,data/raw_categorized/1_glass_break/fsd50k_339471.wav,fsd_339471,test
SMP_00781,glass_break,1,fsd50k,fsd50k_203379.wav,data/raw_categorized/1_glass_break/fsd50k_203379.wav,fsd_203379,train
SMP_00782,glass_break,1,fsd50k,fsd50k_203373.wav,data/raw_categorized/1_glass_break/fsd50k_203373.wav,fsd_203373,train
SMP_00783,glass_break,1,fsd50k,fsd50k_221532.wav,data/raw_categorized/1_glass_break/fsd50k_221532.wav,fsd_221532,train
SMP_00784,glass_break,1,fsd50k,fsd50k_188518.wav,data/raw_categorized/1_glass_break/fsd50k_188518.wav,fsd_188518,val
SMP_00785,glass_break,1,fsd50k,fsd50k_368347.wav,data/raw_categorized/1_glass_break/fsd50k_368347.wav,fsd_368347,test
SMP_00786,glass_break,1,fsd50k,fsd50k_88881.wav,data/raw_categorized/1_glass_break/fsd50k_88881.wav,fsd_88881,val
SMP_00787,glass_break,1,fsd50k,fsd50k_213163.wav,data/raw_categorized/1_glass_break/fsd50k_213163.wav,fsd_213163,train
SMP_00788,glass_break,1,fsd50k,fsd50k_68654.wav,data/raw_categorized/1_glass_break/fsd50k_68654.wav,fsd_68654,train
SMP_00789,glass_break,1,fsd50k,fsd50k_88806.wav,data/raw_categorized/1_glass_break/fsd50k_88806.wav,fsd_88806,train
SMP_00790,glass_break,1,fsd50k,fsd50k_89825.wav,data/raw_categorized/1_glass_break/fsd50k_89825.wav,fsd_89825,train
SMP_00791,glass_break,1,fsd50k,fsd50k_390729.wav,data/raw_categorized/1_glass_break/fsd50k_390729.wav,fsd_390729,train
SMP_00792,glass_break,1,fsd50k,fsd50k_216001.wav,data/raw_categorized/1_glass_break/fsd50k_216001.wav,fsd_216001,val
SMP_00793,glass_break,1,fsd50k,fsd50k_84526.wav,data/raw_categorized/1_glass_break/fsd50k_84526.wav,fsd_84526,val
SMP_00794,glass_break,1,fsd50k,fsd50k_231297.wav,data/raw_categorized/1_glass_break/fsd50k_231297.wav,fsd_231297,train
SMP_00795,glass_break,1,fsd50k,fsd50k_403578.wav,data/raw_categorized/1_glass_break/fsd50k_403578.wav,fsd_403578,val
SMP_00796,glass_break,1,fsd50k,fsd50k_368354.wav,data/raw_categorized/1_glass_break/fsd50k_368354.wav,fsd_368354,train
SMP_00797,glass_break,1,fsd50k,fsd50k_379138.wav,data/raw_categorized/1_glass_break/fsd50k_379138.wav,fsd_379138,test
SMP_00798,glass_break,1,fsd50k,fsd50k_365193.wav,data/raw_categorized/1_glass_break/fsd50k_365193.wav,fsd_365193,train
SMP_00799,glass_break,1,fsd50k,fsd50k_163364.wav,data/raw_categorized/1_glass_break/fsd50k_163364.wav,fsd_163364,val
SMP_00800,glass_break,1,fsd50k,fsd50k_94689.wav,data/raw_categorized/1_glass_break/fsd50k_94689.wav,fsd_94689,train
SMP_00801,glass_break,1,fsd50k,fsd50k_429234.wav,data/raw_categorized/1_glass_break/fsd50k_429234.wav,fsd_429234,train
SMP_00802,glass_break,1,fsd50k,fsd50k_216288.wav,data/raw_categorized/1_glass_break/fsd50k_216288.wav,fsd_216288,train
SMP_00803,glass_break,1,fsd50k,fsd50k_328146.wav,data/raw_categorized/1_glass_break/fsd50k_328146.wav,fsd_328146,train
SMP_00804,glass_break,1,fsd50k,fsd50k_272480.wav,data/raw_categorized/1_glass_break/fsd50k_272480.wav,fsd_272480,train
SMP_00805,glass_break,1,fsd50k,fsd50k_378330.wav,data/raw_categorized/1_glass_break/fsd50k_378330.wav,fsd_378330,train
SMP_00806,glass_break,1,fsd50k,fsd50k_242340.wav,data/raw_categorized/1_glass_break/fsd50k_242340.wav,fsd_242340,train
SMP_00807,glass_break,1,fsd50k,fsd50k_368324.wav,data/raw_categorized/1_glass_break/fsd50k_368324.wav,fsd_368324,train
SMP_00808,glass_break,1,fsd50k,fsd50k_315648.wav,data/raw_categorized/1_glass_break/fsd50k_315648.wav,fsd_315648,train
SMP_00809,glass_break,1,fsd50k,fsd50k_193060.wav,data/raw_categorized/1_glass_break/fsd50k_193060.wav,fsd_193060,train
SMP_00810,glass_break,1,fsd50k,fsd50k_88808.wav,data/raw_categorized/1_glass_break/fsd50k_88808.wav,fsd_88808,test
SMP_00811,glass_break,1,fsd50k,fsd50k_88862.wav,data/raw_categorized/1_glass_break/fsd50k_88862.wav,fsd_88862,val
SMP_00812,glass_break,1,fsd50k,fsd50k_407188.wav,data/raw_categorized/1_glass_break/fsd50k_407188.wav,fsd_407188,train
SMP_00813,glass_break,1,fsd50k,fsd50k_84704.wav,data/raw_categorized/1_glass_break/fsd50k_84704.wav,fsd_84704,train
SMP_00814,glass_break,1,fsd50k,fsd50k_257642.wav,data/raw_categorized/1_glass_break/fsd50k_257642.wav,fsd_257642,train
SMP_00815,glass_break,1,fsd50k,fsd50k_60467.wav,data/raw_categorized/1_glass_break/fsd50k_60467.wav,fsd_60467,val
SMP_00816,glass_break,1,fsd50k,fsd50k_268586.wav,data/raw_categorized/1_glass_break/fsd50k_268586.wav,fsd_268586,train
SMP_00817,glass_break,1,fsd50k,fsd50k_92638.wav,data/raw_categorized/1_glass_break/fsd50k_92638.wav,fsd_92638,train
SMP_00818,glass_break,1,fsd50k,fsd50k_339640.wav,data/raw_categorized/1_glass_break/fsd50k_339640.wav,fsd_339640,val
SMP_00819,glass_break,1,fsd50k,fsd50k_152753.wav,data/raw_categorized/1_glass_break/fsd50k_152753.wav,fsd_152753,test
SMP_00820,glass_break,1,fsd50k,fsd50k_93449.wav,data/raw_categorized/1_glass_break/fsd50k_93449.wav,fsd_93449,test
SMP_00821,glass_break,1,fsd50k,fsd50k_390727.wav,data/raw_categorized/1_glass_break/fsd50k_390727.wav,fsd_390727,train
SMP_00822,glass_break,1,fsd50k,fsd50k_204122.wav,data/raw_categorized/1_glass_break/fsd50k_204122.wav,fsd_204122,val
SMP_00823,glass_break,1,fsd50k,fsd50k_214192.wav,data/raw_categorized/1_glass_break/fsd50k_214192.wav,fsd_214192,train
SMP_00824,glass_break,1,fsd50k,fsd50k_379012.wav,data/raw_categorized/1_glass_break/fsd50k_379012.wav,fsd_379012,train
SMP_00825,glass_break,1,fsd50k,fsd50k_250692.wav,data/raw_categorized/1_glass_break/fsd50k_250692.wav,fsd_250692,val
SMP_00826,glass_break,1,fsd50k,fsd50k_173602.wav,data/raw_categorized/1_glass_break/fsd50k_173602.wav,fsd_173602,train
SMP_00827,glass_break,1,fsd50k,fsd50k_378846.wav,data/raw_categorized/1_glass_break/fsd50k_378846.wav,fsd_378846,train
SMP_00828,glass_break,1,fsd50k,fsd50k_383988.wav,data/raw_categorized/1_glass_break/fsd50k_383988.wav,fsd_383988,val
SMP_00829,glass_break,1,fsd50k,fsd50k_390702.wav,data/raw_categorized/1_glass_break/fsd50k_390702.wav,fsd_390702,val
SMP_00830,glass_break,1,fsd50k,fsd50k_360673.wav,data/raw_categorized/1_glass_break/fsd50k_360673.wav,fsd_360673,train
SMP_00831,glass_break,1,fsd50k,fsd50k_88927.wav,data/raw_categorized/1_glass_break/fsd50k_88927.wav,fsd_88927,train
SMP_00832,glass_break,1,fsd50k,fsd50k_145513.wav,data/raw_categorized/1_glass_break/fsd50k_145513.wav,fsd_145513,val
SMP_00833,glass_break,1,fsd50k,fsd50k_182510.wav,data/raw_categorized/1_glass_break/fsd50k_182510.wav,fsd_182510,train
SMP_00834,glass_break,1,fsd50k,fsd50k_272216.wav,data/raw_categorized/1_glass_break/fsd50k_272216.wav,fsd_272216,test
SMP_00835,glass_break,1,fsd50k,fsd50k_323077.wav,data/raw_categorized/1_glass_break/fsd50k_323077.wav,fsd_323077,train
SMP_00836,glass_break,1,fsd50k,fsd50k_173618.wav,data/raw_categorized/1_glass_break/fsd50k_173618.wav,fsd_173618,train
SMP_00837,glass_break,1,fsd50k,fsd50k_407434.wav,data/raw_categorized/1_glass_break/fsd50k_407434.wav,fsd_407434,test
SMP_00838,glass_break,1,fsd50k,fsd50k_84536.wav,data/raw_categorized/1_glass_break/fsd50k_84536.wav,fsd_84536,val
SMP_00839,glass_break,1,fsd50k,fsd50k_88838.wav,data/raw_categorized/1_glass_break/fsd50k_88838.wav,fsd_88838,train
SMP_00840,glass_break,1,fsd50k,fsd50k_88936.wav,data/raw_categorized/1_glass_break/fsd50k_88936.wav,fsd_88936,train
SMP_00841,glass_break,1,fsd50k,fsd50k_242361.wav,data/raw_categorized/1_glass_break/fsd50k_242361.wav,fsd_242361,test
SMP_00842,glass_break,1,fsd50k,fsd50k_434442.wav,data/raw_categorized/1_glass_break/fsd50k_434442.wav,fsd_434442,train
SMP_00843,glass_break,1,fsd50k,fsd50k_88969.wav,data/raw_categorized/1_glass_break/fsd50k_88969.wav,fsd_88969,val
SMP_00844,glass_break,1,fsd50k,fsd50k_216290.wav,data/raw_categorized/1_glass_break/fsd50k_216290.wav,fsd_216290,train
SMP_00845,glass_break,1,fsd50k,fsd50k_206144.wav,data/raw_categorized/1_glass_break/fsd50k_206144.wav,fsd_206144,val
SMP_00846,glass_break,1,fsd50k,fsd50k_112213.wav,data/raw_categorized/1_glass_break/fsd50k_112213.wav,fsd_112213,train
SMP_00847,glass_break,1,fsd50k,fsd50k_90386.wav,data/raw_categorized/1_glass_break/fsd50k_90386.wav,fsd_90386,train
SMP_00848,glass_break,1,fsd50k,fsd50k_144115.wav,data/raw_categorized/1_glass_break/fsd50k_144115.wav,fsd_144115,train
SMP_00849,glass_break,1,fsd50k,fsd50k_179250.wav,data/raw_categorized/1_glass_break/fsd50k_179250.wav,fsd_179250,train
SMP_00850,glass_break,1,fsd50k,fsd50k_173560.wav,data/raw_categorized/1_glass_break/fsd50k_173560.wav,fsd_173560,train
SMP_00851,glass_break,1,fsd50k,fsd50k_95078.wav,data/raw_categorized/1_glass_break/fsd50k_95078.wav,fsd_95078,val
SMP_00852,glass_break,1,fsd50k,fsd50k_390728.wav,data/raw_categorized/1_glass_break/fsd50k_390728.wav,fsd_390728,val
SMP_00853,glass_break,1,fsd50k,fsd50k_390716.wav,data/raw_categorized/1_glass_break/fsd50k_390716.wav,fsd_390716,train
SMP_00854,glass_break,1,fsd50k,fsd50k_396270.wav,data/raw_categorized/1_glass_break/fsd50k_396270.wav,fsd_396270,train
SMP_00855,glass_break,1,fsd50k,fsd50k_67273.wav,data/raw_categorized/1_glass_break/fsd50k_67273.wav,fsd_67273,val
SMP_00856,glass_break,1,fsd50k,fsd50k_368944.wav,data/raw_categorized/1_glass_break/fsd50k_368944.wav,fsd_368944,train
SMP_00857,glass_break,1,fsd50k,fsd50k_135699.wav,data/raw_categorized/1_glass_break/fsd50k_135699.wav,fsd_135699,train
SMP_00858,glass_break,1,fsd50k,fsd50k_94682.wav,data/raw_categorized/1_glass_break/fsd50k_94682.wav,fsd_94682,train
SMP_00859,glass_break,1,fsd50k,fsd50k_22770.wav,data/raw_categorized/1_glass_break/fsd50k_22770.wav,fsd_22770,train
SMP_00860,glass_break,1,fsd50k,fsd50k_88839.wav,data/raw_categorized/1_glass_break/fsd50k_88839.wav,fsd_88839,train
SMP_00861,glass_break,1,fsd50k,fsd50k_389.wav,data/raw_categorized/1_glass_break/fsd50k_389.wav,fsd_389,train
SMP_00862,glass_break,1,fsd50k,fsd50k_406091.wav,data/raw_categorized/1_glass_break/fsd50k_406091.wav,fsd_406091,train
SMP_00863,glass_break,1,fsd50k,fsd50k_331913.wav,data/raw_categorized/1_glass_break/fsd50k_331913.wav,fsd_331913,train
SMP_00864,glass_break,1,fsd50k,fsd50k_216279.wav,data/raw_categorized/1_glass_break/fsd50k_216279.wav,fsd_216279,test
SMP_00865,glass_break,1,fsd50k,fsd50k_407431.wav,data/raw_categorized/1_glass_break/fsd50k_407431.wav,fsd_407431,train
SMP_00866,glass_break,1,fsd50k,fsd50k_341417.wav,data/raw_categorized/1_glass_break/fsd50k_341417.wav,fsd_341417,train
SMP_00867,glass_break,1,fsd50k,fsd50k_390700.wav,data/raw_categorized/1_glass_break/fsd50k_390700.wav,fsd_390700,train
SMP_00868,glass_break,1,fsd50k,fsd50k_159008.wav,data/raw_categorized/1_glass_break/fsd50k_159008.wav,fsd_159008,train
SMP_00869,glass_break,1,fsd50k,fsd50k_245167.wav,data/raw_categorized/1_glass_break/fsd50k_245167.wav,fsd_245167,train
SMP_00870,glass_break,1,fsd50k,fsd50k_331926.wav,data/raw_categorized/1_glass_break/fsd50k_331926.wav,fsd_331926,train
SMP_00871,glass_break,1,fsd50k,fsd50k_148073.wav,data/raw_categorized/1_glass_break/fsd50k_148073.wav,fsd_148073,train
SMP_00872,glass_break,1,fsd50k,fsd50k_104815.wav,data/raw_categorized/1_glass_break/fsd50k_104815.wav,fsd_104815,train
SMP_00873,glass_break,1,fsd50k,fsd50k_186686.wav,data/raw_categorized/1_glass_break/fsd50k_186686.wav,fsd_186686,train
SMP_00874,glass_break,1,fsd50k,fsd50k_339647.wav,data/raw_categorized/1_glass_break/fsd50k_339647.wav,fsd_339647,train
SMP_00875,glass_break,1,fsd50k,fsd50k_89890.wav,data/raw_categorized/1_glass_break/fsd50k_89890.wav,fsd_89890,test
SMP_00876,glass_break,1,fsd50k,fsd50k_66876.wav,data/raw_categorized/1_glass_break/fsd50k_66876.wav,fsd_66876,test
SMP_00877,glass_break,1,fsd50k,fsd50k_204142.wav,data/raw_categorized/1_glass_break/fsd50k_204142.wav,fsd_204142,train
SMP_00878,glass_break,1,fsd50k,fsd50k_59263.wav,data/raw_categorized/1_glass_break/fsd50k_59263.wav,fsd_59263,test
SMP_00879,glass_break,1,fsd50k,fsd50k_233381.wav,data/raw_categorized/1_glass_break/fsd50k_233381.wav,fsd_233381,test
SMP_00880,glass_break,1,fsd50k,fsd50k_179234.wav,data/raw_categorized/1_glass_break/fsd50k_179234.wav,fsd_179234,train
SMP_00881,glass_break,1,fsd50k,fsd50k_320128.wav,data/raw_categorized/1_glass_break/fsd50k_320128.wav,fsd_320128,train
SMP_00882,glass_break,1,fsd50k,fsd50k_160759.wav,data/raw_categorized/1_glass_break/fsd50k_160759.wav,fsd_160759,test
SMP_00883,glass_break,1,fsd50k,fsd50k_378867.wav,data/raw_categorized/1_glass_break/fsd50k_378867.wav,fsd_378867,train
SMP_00884,glass_break,1,fsd50k,fsd50k_197383.wav,data/raw_categorized/1_glass_break/fsd50k_197383.wav,fsd_197383,train
SMP_00885,glass_break,1,fsd50k,fsd50k_88915.wav,data/raw_categorized/1_glass_break/fsd50k_88915.wav,fsd_88915,test
SMP_00886,glass_break,1,fsd50k,fsd50k_206171.wav,data/raw_categorized/1_glass_break/fsd50k_206171.wav,fsd_206171,train
SMP_00887,glass_break,1,fsd50k,fsd50k_88975.wav,data/raw_categorized/1_glass_break/fsd50k_88975.wav,fsd_88975,train
SMP_00888,glass_break,1,fsd50k,fsd50k_326990.wav,data/raw_categorized/1_glass_break/fsd50k_326990.wav,fsd_326990,train
SMP_00889,glass_break,1,fsd50k,fsd50k_980.wav,data/raw_categorized/1_glass_break/fsd50k_980.wav,fsd_980,train
SMP_00890,glass_break,1,fsd50k,fsd50k_213164.wav,data/raw_categorized/1_glass_break/fsd50k_213164.wav,fsd_213164,test
SMP_00891,glass_break,1,fsd50k,fsd50k_341068.wav,data/raw_categorized/1_glass_break/fsd50k_341068.wav,fsd_341068,train
SMP_00892,glass_break,1,fsd50k,fsd50k_331922.wav,data/raw_categorized/1_glass_break/fsd50k_331922.wav,fsd_331922,train
SMP_00893,glass_break,1,fsd50k,fsd50k_89908.wav,data/raw_categorized/1_glass_break/fsd50k_89908.wav,fsd_89908,val
SMP_00894,glass_break,1,fsd50k,fsd50k_60475.wav,data/raw_categorized/1_glass_break/fsd50k_60475.wav,fsd_60475,train
SMP_00895,glass_break,1,fsd50k,fsd50k_331924.wav,data/raw_categorized/1_glass_break/fsd50k_331924.wav,fsd_331924,train
SMP_00896,glass_break,1,fsd50k,fsd50k_427459.wav,data/raw_categorized/1_glass_break/fsd50k_427459.wav,fsd_427459,train
SMP_00897,glass_break,1,fsd50k,fsd50k_269395.wav,data/raw_categorized/1_glass_break/fsd50k_269395.wav,fsd_269395,train
SMP_00898,glass_break,1,fsd50k,fsd50k_337235.wav,data/raw_categorized/1_glass_break/fsd50k_337235.wav,fsd_337235,test
SMP_00899,glass_break,1,fsd50k,fsd50k_147867.wav,data/raw_categorized/1_glass_break/fsd50k_147867.wav,fsd_147867,val
SMP_00900,glass_break,1,fsd50k,fsd50k_391496.wav,data/raw_categorized/1_glass_break/fsd50k_391496.wav,fsd_391496,train
SMP_00901,glass_break,1,fsd50k,fsd50k_204143.wav,data/raw_categorized/1_glass_break/fsd50k_204143.wav,fsd_204143,train
SMP_00902,glass_break,1,fsd50k,fsd50k_366595.wav,data/raw_categorized/1_glass_break/fsd50k_366595.wav,fsd_366595,train
SMP_00903,glass_break,1,fsd50k,fsd50k_89914.wav,data/raw_categorized/1_glass_break/fsd50k_89914.wav,fsd_89914,train
SMP_00904,glass_break,1,fsd50k,fsd50k_339650.wav,data/raw_categorized/1_glass_break/fsd50k_339650.wav,fsd_339650,train
SMP_00905,glass_break,1,fsd50k,fsd50k_94790.wav,data/raw_categorized/1_glass_break/fsd50k_94790.wav,fsd_94790,train
SMP_00906,glass_break,1,fsd50k,fsd50k_154466.wav,data/raw_categorized/1_glass_break/fsd50k_154466.wav,fsd_154466,train
SMP_00907,glass_break,1,fsd50k,fsd50k_221528.wav,data/raw_categorized/1_glass_break/fsd50k_221528.wav,fsd_221528,train
SMP_00908,glass_break,1,fsd50k,fsd50k_322407.wav,data/raw_categorized/1_glass_break/fsd50k_322407.wav,fsd_322407,test
SMP_00909,glass_break,1,fsd50k,fsd50k_260432.wav,data/raw_categorized/1_glass_break/fsd50k_260432.wav,fsd_260432,train
SMP_00910,glass_break,1,fsd50k,fsd50k_88917.wav,data/raw_categorized/1_glass_break/fsd50k_88917.wav,fsd_88917,train
SMP_00911,glass_break,1,fsd50k,fsd50k_406718.wav,data/raw_categorized/1_glass_break/fsd50k_406718.wav,fsd_406718,train
SMP_00912,glass_break,1,fsd50k,fsd50k_104670.wav,data/raw_categorized/1_glass_break/fsd50k_104670.wav,fsd_104670,train
SMP_00913,glass_break,1,fsd50k,fsd50k_98054.wav,data/raw_categorized/1_glass_break/fsd50k_98054.wav,fsd_98054,train
SMP_00914,glass_break,1,fsd50k,fsd50k_339649.wav,data/raw_categorized/1_glass_break/fsd50k_339649.wav,fsd_339649,val
SMP_00915,glass_break,1,fsd50k,fsd50k_383978.wav,data/raw_categorized/1_glass_break/fsd50k_383978.wav,fsd_383978,train
SMP_00916,glass_break,1,fsd50k,fsd50k_344265.wav,data/raw_categorized/1_glass_break/fsd50k_344265.wav,fsd_344265,train
SMP_00917,glass_break,1,fsd50k,fsd50k_339645.wav,data/raw_categorized/1_glass_break/fsd50k_339645.wav,fsd_339645,train
SMP_00918,glass_break,1,fsd50k,fsd50k_981.wav,data/raw_categorized/1_glass_break/fsd50k_981.wav,fsd_981,test
SMP_00919,glass_break,1,fsd50k,fsd50k_88976.wav,data/raw_categorized/1_glass_break/fsd50k_88976.wav,fsd_88976,val
SMP_00920,glass_break,1,fsd50k,fsd50k_88850.wav,data/raw_categorized/1_glass_break/fsd50k_88850.wav,fsd_88850,train
SMP_00921,glass_break,1,fsd50k,fsd50k_242363.wav,data/raw_categorized/1_glass_break/fsd50k_242363.wav,fsd_242363,test
SMP_00922,glass_break,1,fsd50k,fsd50k_393965.wav,data/raw_categorized/1_glass_break/fsd50k_393965.wav,fsd_393965,train
SMP_00923,glass_break,1,fsd50k,fsd50k_187468.wav,data/raw_categorized/1_glass_break/fsd50k_187468.wav,fsd_187468,test
SMP_00924,glass_break,1,fsd50k,fsd50k_214191.wav,data/raw_categorized/1_glass_break/fsd50k_214191.wav,fsd_214191,val
SMP_00925,glass_break,1,fsd50k,fsd50k_69245.wav,data/raw_categorized/1_glass_break/fsd50k_69245.wav,fsd_69245,train
SMP_00926,glass_break,1,fsd50k,fsd50k_377805.wav,data/raw_categorized/1_glass_break/fsd50k_377805.wav,fsd_377805,train
SMP_00927,glass_break,1,fsd50k,fsd50k_198394.wav,data/raw_categorized/1_glass_break/fsd50k_198394.wav,fsd_198394,train
SMP_00928,glass_break,1,fsd50k,fsd50k_88886.wav,data/raw_categorized/1_glass_break/fsd50k_88886.wav,fsd_88886,train
SMP_00929,glass_break,1,fsd50k,fsd50k_380840.wav,data/raw_categorized/1_glass_break/fsd50k_380840.wav,fsd_380840,train
SMP_00930,glass_break,1,fsd50k,fsd50k_213165.wav,data/raw_categorized/1_glass_break/fsd50k_213165.wav,fsd_213165,test
SMP_00931,glass_break,1,fsd50k,fsd50k_89884.wav,data/raw_categorized/1_glass_break/fsd50k_89884.wav,fsd_89884,train
SMP_00932,glass_break,1,fsd50k,fsd50k_179231.wav,data/raw_categorized/1_glass_break/fsd50k_179231.wav,fsd_179231,train
SMP_00933,glass_break,1,fsd50k,fsd50k_341405.wav,data/raw_categorized/1_glass_break/fsd50k_341405.wav,fsd_341405,train
SMP_00934,glass_break,1,fsd50k,fsd50k_255622.wav,data/raw_categorized/1_glass_break/fsd50k_255622.wav,fsd_255622,train
SMP_00935,glass_break,1,fsd50k,fsd50k_250696.wav,data/raw_categorized/1_glass_break/fsd50k_250696.wav,fsd_250696,train
SMP_00936,glass_break,1,fsd50k,fsd50k_244245.wav,data/raw_categorized/1_glass_break/fsd50k_244245.wav,fsd_244245,train
SMP_00937,glass_break,1,fsd50k,fsd50k_414222.wav,data/raw_categorized/1_glass_break/fsd50k_414222.wav,fsd_414222,train
SMP_00938,glass_break,1,fsd50k,fsd50k_9206.wav,data/raw_categorized/1_glass_break/fsd50k_9206.wav,fsd_9206,train
SMP_00939,glass_break,1,fsd50k,fsd50k_249873.wav,data/raw_categorized/1_glass_break/fsd50k_249873.wav,fsd_249873,test
SMP_00940,glass_break,1,fsd50k,fsd50k_368345.wav,data/raw_categorized/1_glass_break/fsd50k_368345.wav,fsd_368345,train
SMP_00941,glass_break,1,fsd50k,fsd50k_345134.wav,data/raw_categorized/1_glass_break/fsd50k_345134.wav,fsd_345134,train
SMP_00942,glass_break,1,fsd50k,fsd50k_208741.wav,data/raw_categorized/1_glass_break/fsd50k_208741.wav,fsd_208741,train
SMP_00943,glass_break,1,fsd50k,fsd50k_179175.wav,data/raw_categorized/1_glass_break/fsd50k_179175.wav,fsd_179175,val
SMP_00944,glass_break,1,fsd50k,fsd50k_86047.wav,data/raw_categorized/1_glass_break/fsd50k_86047.wav,fsd_86047,train
SMP_00945,glass_break,1,fsd50k,fsd50k_9205.wav,data/raw_categorized/1_glass_break/fsd50k_9205.wav,fsd_9205,val
SMP_00946,glass_break,1,fsd50k,fsd50k_144187.wav,data/raw_categorized/1_glass_break/fsd50k_144187.wav,fsd_144187,val
SMP_00947,glass_break,1,fsd50k,fsd50k_124030.wav,data/raw_categorized/1_glass_break/fsd50k_124030.wav,fsd_124030,train
SMP_00948,glass_break,1,fsd50k,fsd50k_88811.wav,data/raw_categorized/1_glass_break/fsd50k_88811.wav,fsd_88811,test
SMP_00949,glass_break,1,fsd50k,fsd50k_352068.wav,data/raw_categorized/1_glass_break/fsd50k_352068.wav,fsd_352068,train
SMP_00950,glass_break,1,fsd50k,fsd50k_158142.wav,data/raw_categorized/1_glass_break/fsd50k_158142.wav,fsd_158142,val
SMP_00951,glass_break,1,fsd50k,fsd50k_242262.wav,data/raw_categorized/1_glass_break/fsd50k_242262.wav,fsd_242262,train
SMP_00952,glass_break,1,fsd50k,fsd50k_204047.wav,data/raw_categorized/1_glass_break/fsd50k_204047.wav,fsd_204047,train
SMP_00953,glass_break,1,fsd50k,fsd50k_89870.wav,data/raw_categorized/1_glass_break/fsd50k_89870.wav,fsd_89870,train
SMP_00954,glass_break,1,fsd50k,fsd50k_414217.wav,data/raw_categorized/1_glass_break/fsd50k_414217.wav,fsd_414217,train
SMP_00955,glass_break,1,fsd50k,fsd50k_368905.wav,data/raw_categorized/1_glass_break/fsd50k_368905.wav,fsd_368905,test
SMP_00956,glass_break,1,fsd50k,fsd50k_194683.wav,data/raw_categorized/1_glass_break/fsd50k_194683.wav,fsd_194683,test
SMP_00957,glass_break,1,fsd50k,fsd50k_378850.wav,data/raw_categorized/1_glass_break/fsd50k_378850.wav,fsd_378850,test
SMP_00958,glass_break,1,fsd50k,fsd50k_255651.wav,data/raw_categorized/1_glass_break/fsd50k_255651.wav,fsd_255651,val
SMP_00959,glass_break,1,fsd50k,fsd50k_89876.wav,data/raw_categorized/1_glass_break/fsd50k_89876.wav,fsd_89876,train
SMP_00960,glass_break,1,fsd50k,fsd50k_414219.wav,data/raw_categorized/1_glass_break/fsd50k_414219.wav,fsd_414219,train
SMP_00961,gunshot_explosion,2,fsd50k,fsd50k_361341.wav,data/raw_categorized/2_gunshot_explosion/fsd50k_361341.wav,fsd_361341,train
SMP_00962,gunshot_explosion,2,fsd50k,fsd50k_259539.wav,data/raw_categorized/2_gunshot_explosion/fsd50k_259539.wav,fsd_259539,train
SMP_00963,gunshot_explosion,2,fsd50k,fsd50k_362487.wav,data/raw_categorized/2_gunshot_explosion/fsd50k_362487.wav,fsd_362487,train
SMP_00964,gunshot_explosion,2,fsd50k,fsd50k_186958.wav,data/raw_categorized/2_gunshot_explosion/fsd50k_186958.wav,fsd_186958,train
SMP_00965,gunshot_explosion,2,fsd50k,fsd50k_219455.wav,data/raw_categorized/2_gunshot_explosion/fsd50k_219455.wav,fsd_219455,test
SMP_00966,gunshot_explosion,2,fsd50k,fsd50k_434254.wav,data/raw_categorized/2_gunshot_explosion/fsd50k_434254.wav,fsd_434254,train
SMP_00967,gunshot_explosion,2,fsd50k,fsd50k_109739.wav,data/raw_categorized/2_gunshot_explosion/fsd50k_109739.wav,fsd_109739,train
SMP_00968,gunshot_explosion,2,fsd50k,fsd50k_221640.wav,data/raw_categorized/2_gunshot_explosion/fsd50k_221640.wav,fsd_221640,train
SMP_00969,gunshot_explosion,2,fsd50k,fsd50k_95089.wav,data/raw_categorized/2_gunshot_explosion/fsd50k_95089.wav,fsd_95089,train
SMP_00970,gunshot_explosion,2,fsd50k,fsd50k_117138.wav,data/raw_categorized/2_gunshot_explosion/fsd50k_117138.wav,fsd_117138,test
SMP_00971,gunshot_explosion,2,fsd50k,fsd50k_434270.wav,data/raw_categorized/2_gunshot_explosion/fsd50k_434270.wav,fsd_434270,train
SMP_00972,gunshot_explosion,2,fsd50k,fsd50k_67523.wav,data/raw_categorized/2_gunshot_explosion/fsd50k_67523.wav,fsd_67523,train
SMP_00973,gunshot_explosion,2,fsd50k,fsd50k_251759.wav,data/raw_categorized/2_gunshot_explosion/fsd50k_251759.wav,fsd_251759,test
SMP_00974,gunshot_explosion,2,fsd50k,fsd50k_244767.wav,data/raw_categorized/2_gunshot_explosion/fsd50k_244767.wav,fsd_244767,train
SMP_00975,gunshot_explosion,2,fsd50k,fsd50k_109733.wav,data/raw_categorized/2_gunshot_explosion/fsd50k_109733.wav,fsd_109733,test
SMP_00976,gunshot_explosion,2,fsd50k,fsd50k_370304.wav,data/raw_categorized/2_gunshot_explosion/fsd50k_370304.wav,fsd_370304,val
SMP_00977,gunshot_explosion,2,fsd50k,fsd50k_205608.wav,data/raw_categorized/2_gunshot_explosion/fsd50k_205608.wav,fsd_205608,train
SMP_00978,gunshot_explosion,2,fsd50k,fsd50k_434143.wav,data/raw_categorized/2_gunshot_explosion/fsd50k_434143.wav,fsd_434143,train
SMP_00979,gunshot_explosion,2,fsd50k,fsd50k_366402.wav,data/raw_categorized/2_gunshot_explosion/fsd50k_366402.wav,fsd_366402,test
SMP_00980,gunshot_explosion,2,fsd50k,fsd50k_136727.wav,data/raw_categorized/2_gunshot_explosion/fsd50k_136727.wav,fsd_136727,val
SMP_00981,gunshot_explosion,2,fsd50k,fsd50k_251004.wav,data/raw_categorized/2_gunshot_explosion/fsd50k_251004.wav,fsd_251004,val
SMP_00982,gunshot_explosion,2,fsd50k,fsd50k_67582.wav,data/raw_categorized/2_gunshot_explosion/fsd50k_67582.wav,fsd_67582,train
SMP_00983,gunshot_explosion,2,fsd50k,fsd50k_405571.wav,data/raw_categorized/2_gunshot_explosion/fsd50k_405571.wav,fsd_405571,test
SMP_00984,gunshot_explosion,2,fsd50k,fsd50k_233323.wav,data/raw_categorized/2_gunshot_explosion/fsd50k_233323.wav,fsd_233323,train
SMP_00985,gunshot_explosion,2,fsd50k,fsd50k_349796.wav,data/raw_categorized/2_gunshot_explosion/fsd50k_349796.wav,fsd_349796,train
SMP_00986,gunshot_explosion,2,fsd50k,fsd50k_82110.wav,data/raw_categorized/2_gunshot_explosion/fsd50k_82110.wav,fsd_82110,train
SMP_00987,gunshot_explosion,2,fsd50k,fsd50k_233318.wav,data/raw_categorized/2_gunshot_explosion/fsd50k_233318.wav,fsd_233318,train
SMP_00988,gunshot_explosion,2,fsd50k,fsd50k_369126.wav,data/raw_categorized/2_gunshot_explosion/fsd50k_369126.wav,fsd_369126,test
SMP_00989,gunshot_explosion,2,fsd50k,fsd50k_342184.wav,data/raw_categorized/2_gunshot_explosion/fsd50k_342184.wav,fsd_342184,train
SMP_00990,gunshot_explosion,2,fsd50k,fsd50k_328861.wav,data/raw_categorized/2_gunshot_explosion/fsd50k_328861.wav,fsd_328861,train
SMP_00991,gunshot_explosion,2,fsd50k,fsd50k_186951.wav,data/raw_categorized/2_gunshot_explosion/fsd50k_186951.wav,fsd_186951,train
SMP_00992,gunshot_explosion,2,fsd50k,fsd50k_198336.wav,data/raw_categorized/2_gunshot_explosion/fsd50k_198336.wav,fsd_198336,train
SMP_00993,gunshot_explosion,2,fsd50k,fsd50k_108045.wav,data/raw_categorized/2_gunshot_explosion/fsd50k_108045.wav,fsd_108045,train
SMP_00994,gunshot_explosion,2,fsd50k,fsd50k_65290.wav,data/raw_categorized/2_gunshot_explosion/fsd50k_65290.wav,fsd_65290,test
SMP_00995,gunshot_explosion,2,fsd50k,fsd50k_434239.wav,data/raw_categorized/2_gunshot_explosion/fsd50k_434239.wav,fsd_434239,train
SMP_00996,gunshot_explosion,2,fsd50k,fsd50k_114050.wav,data/raw_categorized/2_gunshot_explosion/fsd50k_114050.wav,fsd_114050,train
SMP_00997,gunshot_explosion,2,fsd50k,fsd50k_60902.wav,data/raw_categorized/2_gunshot_explosion/fsd50k_60902.wav,fsd_60902,train
SMP_00998,gunshot_explosion,2,fsd50k,fsd50k_212679.wav,data/raw_categorized/2_gunshot_explosion/fsd50k_212679.wav,fsd_212679,train
SMP_00999,gunshot_explosion,2,fsd50k,fsd50k_265623.wav,data/raw_categorized/2_gunshot_explosion/fsd50k_265623.wav,fsd_265623,train
SMP_01000,gunshot_explosion,2,fsd50k,fsd50k_255326.wav,data/raw_categorized/2_gunshot_explosion/fsd50k_255326.wav,fsd_255326,train
SMP_01001,gunshot_explosion,2,fsd50k,fsd50k_67571.wav,data/raw_categorized/2_gunshot_explosion/fsd50k_67571.wav,fsd_67571,val
SMP_01002,gunshot_explosion,2,fsd50k,fsd50k_151556.wav,data/raw_categorized/2_gunshot_explosion/fsd50k_151556.wav,fsd_151556,train
SMP_01003,gunshot_explosion,2,fsd50k,fsd50k_213241.wav,data/raw_categorized/2_gunshot_explosion/fsd50k_213241.wav,fsd_213241,test
SMP_01004,gunshot_explosion,2,fsd50k,fsd50k_216317.wav,data/raw_categorized/2_gunshot_explosion/fsd50k_216317.wav,fsd_216317,train
SMP_01005,gunshot_explosion,2,fsd50k,fsd50k_21410.wav,data/raw_categorized/2_gunshot_explosion/fsd50k_21410.wav,fsd_21410,train
SMP_01006,gunshot_explosion,2,fsd50k,fsd50k_191994.wav,data/raw_categorized/2_gunshot_explosion/fsd50k_191994.wav,fsd_191994,val
SMP_01007,gunshot_explosion,2,fsd50k,fsd50k_87080.wav,data/raw_categorized/2_gunshot_explosion/fsd50k_87080.wav,fsd_87080,train
SMP_01008,gunshot_explosion,2,fsd50k,fsd50k_399266.wav,data/raw_categorized/2_gunshot_explosion/fsd50k_399266.wav,fsd_399266,train
SMP_01009,gunshot_explosion,2,fsd50k,fsd50k_220612.wav,data/raw_categorized/2_gunshot_explosion/fsd50k_220612.wav,fsd_220612,train
SMP_01010,gunshot_explosion,2,fsd50k,fsd50k_209305.wav,data/raw_categorized/2_gunshot_explosion/fsd50k_209305.wav,fsd_209305,train
SMP_01011,gunshot_explosion,2,fsd50k,fsd50k_209944.wav,data/raw_categorized/2_gunshot_explosion/fsd50k_209944.wav,fsd_209944,train
SMP_01012,gunshot_explosion,2,fsd50k,fsd50k_320742.wav,data/raw_categorized/2_gunshot_explosion/fsd50k_320742.wav,fsd_320742,train
SMP_01013,gunshot_explosion,2,fsd50k,fsd50k_348664.wav,data/raw_categorized/2_gunshot_explosion/fsd50k_348664.wav,fsd_348664,val
SMP_01014,gunshot_explosion,2,fsd50k,fsd50k_424317.wav,data/raw_categorized/2_gunshot_explosion/fsd50k_424317.wav,fsd_424317,train
SMP_01015,gunshot_explosion,2,fsd50k,fsd50k_238247.wav,data/raw_categorized/2_gunshot_explosion/fsd50k_238247.wav,fsd_238247,test
SMP_01016,gunshot_explosion,2,fsd50k,fsd50k_413120.wav,data/raw_categorized/2_gunshot_explosion/fsd50k_413120.wav,fsd_413120,train
SMP_01017,gunshot_explosion,2,fsd50k,fsd50k_198352.wav,data/raw_categorized/2_gunshot_explosion/fsd50k_198352.wav,fsd_198352,train
SMP_01018,gunshot_explosion,2,fsd50k,fsd50k_18384.wav,data/raw_categorized/2_gunshot_explosion/fsd50k_18384.wav,fsd_18384,train
SMP_01019,gunshot_explosion,2,fsd50k,fsd50k_423115.wav,data/raw_categorized/2_gunshot_explosion/fsd50k_423115.wav,fsd_423115,test
SMP_01020,gunshot_explosion,2,fsd50k,fsd50k_434262.wav,data/raw_categorized/2_gunshot_explosion/fsd50k_434262.wav,fsd_434262,train
SMP_01021,gunshot_explosion,2,fsd50k,fsd50k_387336.wav,data/raw_categorized/2_gunshot_explosion/fsd50k_387336.wav,fsd_387336,train
SMP_01022,gunshot_explosion,2,fsd50k,fsd50k_109751.wav,data/raw_categorized/2_gunshot_explosion/fsd50k_109751.wav,fsd_109751,train
SMP_01023,gunshot_explosion,2,fsd50k,fsd50k_198952.wav,data/raw_categorized/2_gunshot_explosion/fsd50k_198952.wav,fsd_198952,test
SMP_01024,gunshot_explosion,2,fsd50k,fsd50k_67505.wav,data/raw_categorized/2_gunshot_explosion/fsd50k_67505.wav,fsd_67505,train
SMP_01025,gunshot_explosion,2,fsd50k,fsd50k_216319.wav,data/raw_categorized/2_gunshot_explosion/fsd50k_216319.wav,fsd_216319,test
SMP_01026,gunshot_explosion,2,fsd50k,fsd50k_102719.wav,data/raw_categorized/2_gunshot_explosion/fsd50k_102719.wav,fsd_102719,train
SMP_01027,gunshot_explosion,2,fsd50k,fsd50k_257875.wav,data/raw_categorized/2_gunshot_explosion/fsd50k_257875.wav,fsd_257875,train
SMP_01028,gunshot_explosion,2,fsd50k,fsd50k_100183.wav,data/raw_categorized/2_gunshot_explosion/fsd50k_100183.wav,fsd_100183,train
SMP_01029,gunshot_explosion,2,fsd50k,fsd50k_322499.wav,data/raw_categorized/2_gunshot_explosion/fsd50k_322499.wav,fsd_322499,train
SMP_01030,gunshot_explosion,2,fsd50k,fsd50k_154678.wav,data/raw_categorized/2_gunshot_explosion/fsd50k_154678.wav,fsd_154678,train
SMP_01031,gunshot_explosion,2,fsd50k,fsd50k_56595.wav,data/raw_categorized/2_gunshot_explosion/fsd50k_56595.wav,fsd_56595,train
SMP_01032,gunshot_explosion,2,fsd50k,fsd50k_218484.wav,data/raw_categorized/2_gunshot_explosion/fsd50k_218484.wav,fsd_218484,val
SMP_01033,gunshot_explosion,2,fsd50k,fsd50k_331369.wav,data/raw_categorized/2_gunshot_explosion/fsd50k_331369.wav,fsd_331369,train
SMP_01034,gunshot_explosion,2,fsd50k,fsd50k_265303.wav,data/raw_categorized/2_gunshot_explosion/fsd50k_265303.wav,fsd_265303,train
SMP_01035,gunshot_explosion,2,fsd50k,fsd50k_186955.wav,data/raw_categorized/2_gunshot_explosion/fsd50k_186955.wav,fsd_186955,train
SMP_01036,gunshot_explosion,2,fsd50k,fsd50k_98748.wav,data/raw_categorized/2_gunshot_explosion/fsd50k_98748.wav,fsd_98748,val
SMP_01037,gunshot_explosion,2,fsd50k,fsd50k_191691.wav,data/raw_categorized/2_gunshot_explosion/fsd50k_191691.wav,fsd_191691,train
SMP_01038,gunshot_explosion,2,fsd50k,fsd50k_239569.wav,data/raw_categorized/2_gunshot_explosion/fsd50k_239569.wav,fsd_239569,train
SMP_01039,gunshot_explosion,2,fsd50k,fsd50k_377245.wav,data/raw_categorized/2_gunshot_explosion/fsd50k_377245.wav,fsd_377245,train
SMP_01040,gunshot_explosion,2,fsd50k,fsd50k_169673.wav,data/raw_categorized/2_gunshot_explosion/fsd50k_169673.wav,fsd_169673,train
SMP_01041,gunshot_explosion,2,fsd50k,fsd50k_27657.wav,data/raw_categorized/2_gunshot_explosion/fsd50k_27657.wav,fsd_27657,train
SMP_01042,gunshot_explosion,2,fsd50k,fsd50k_368805.wav,data/raw_categorized/2_gunshot_explosion/fsd50k_368805.wav,fsd_368805,train
SMP_01043,gunshot_explosion,2,fsd50k,fsd50k_67522.wav,data/raw_categorized/2_gunshot_explosion/fsd50k_67522.wav,fsd_67522,train
SMP_01044,gunshot_explosion,2,fsd50k,fsd50k_82116.wav,data/raw_categorized/2_gunshot_explosion/fsd50k_82116.wav,fsd_82116,test
SMP_01045,gunshot_explosion,2,fsd50k,fsd50k_203331.wav,data/raw_categorized/2_gunshot_explosion/fsd50k_203331.wav,fsd_203331,train
SMP_01046,gunshot_explosion,2,fsd50k,fsd50k_80501.wav,data/raw_categorized/2_gunshot_explosion/fsd50k_80501.wav,fsd_80501,train
SMP_01047,gunshot_explosion,2,fsd50k,fsd50k_403570.wav,data/raw_categorized/2_gunshot_explosion/fsd50k_403570.wav,fsd_403570,train
SMP_01048,gunshot_explosion,2,fsd50k,fsd50k_162434.wav,data/raw_categorized/2_gunshot_explosion/fsd50k_162434.wav,fsd_162434,train
SMP_01049,gunshot_explosion,2,fsd50k,fsd50k_199741.wav,data/raw_categorized/2_gunshot_explosion/fsd50k_199741.wav,fsd_199741,val
SMP_01050,gunshot_explosion,2,fsd50k,fsd50k_165478.wav,data/raw_categorized/2_gunshot_explosion/fsd50k_165478.wav,fsd_165478,test
SMP_01051,gunshot_explosion,2,fsd50k,fsd50k_34708.wav,data/raw_categorized/2_gunshot_explosion/fsd50k_34708.wav,fsd_34708,train
SMP_01052,gunshot_explosion,2,fsd50k,fsd50k_97966.wav,data/raw_categorized/2_gunshot_explosion/fsd50k_97966.wav,fsd_97966,train
SMP_01053,gunshot_explosion,2,fsd50k,fsd50k_68036.wav,data/raw_categorized/2_gunshot_explosion/fsd50k_68036.wav,fsd_68036,train
SMP_01054,gunshot_explosion,2,fsd50k,fsd50k_89147.wav,data/raw_categorized/2_gunshot_explosion/fsd50k_89147.wav,fsd_89147,test
SMP_01055,gunshot_explosion,2,fsd50k,fsd50k_60877.wav,data/raw_categorized/2_gunshot_explosion/fsd50k_60877.wav,fsd_60877,train
SMP_01056,gunshot_explosion,2,fsd50k,fsd50k_353421.wav,data/raw_categorized/2_gunshot_explosion/fsd50k_353421.wav,fsd_353421,train
SMP_01057,gunshot_explosion,2,fsd50k,fsd50k_186945.wav,data/raw_categorized/2_gunshot_explosion/fsd50k_186945.wav,fsd_186945,train
SMP_01058,gunshot_explosion,2,fsd50k,fsd50k_110622.wav,data/raw_categorized/2_gunshot_explosion/fsd50k_110622.wav,fsd_110622,train
SMP_01059,gunshot_explosion,2,fsd50k,fsd50k_105025.wav,data/raw_categorized/2_gunshot_explosion/fsd50k_105025.wav,fsd_105025,train
SMP_01060,gunshot_explosion,2,fsd50k,fsd50k_366090.wav,data/raw_categorized/2_gunshot_explosion/fsd50k_366090.wav,fsd_366090,train
SMP_01061,door_forced,3,fsd50k,fsd50k_100634.wav,data/raw_categorized/3_door_forced/fsd50k_100634.wav,fsd_100634,test
SMP_01062,door_forced,3,fsd50k,fsd50k_69387.wav,data/raw_categorized/3_door_forced/fsd50k_69387.wav,fsd_69387,train
SMP_01063,door_forced,3,fsd50k,fsd50k_432773.wav,data/raw_categorized/3_door_forced/fsd50k_432773.wav,fsd_432773,test
SMP_01064,door_forced,3,fsd50k,fsd50k_158458.wav,data/raw_categorized/3_door_forced/fsd50k_158458.wav,fsd_158458,train
SMP_01065,door_forced,3,fsd50k,fsd50k_203943.wav,data/raw_categorized/3_door_forced/fsd50k_203943.wav,fsd_203943,train
SMP_01066,door_forced,3,fsd50k,fsd50k_349307.wav,data/raw_categorized/3_door_forced/fsd50k_349307.wav,fsd_349307,train
SMP_01067,door_forced,3,fsd50k,fsd50k_76331.wav,data/raw_categorized/3_door_forced/fsd50k_76331.wav,fsd_76331,val
SMP_01068,door_forced,3,fsd50k,fsd50k_232896.wav,data/raw_categorized/3_door_forced/fsd50k_232896.wav,fsd_232896,train
SMP_01069,door_forced,3,fsd50k,fsd50k_331569.wav,data/raw_categorized/3_door_forced/fsd50k_331569.wav,fsd_331569,train
SMP_01070,door_forced,3,fsd50k,fsd50k_99565.wav,data/raw_categorized/3_door_forced/fsd50k_99565.wav,fsd_99565,val
SMP_01071,door_forced,3,fsd50k,fsd50k_59627.wav,data/raw_categorized/3_door_forced/fsd50k_59627.wav,fsd_59627,val
SMP_01072,door_forced,3,fsd50k,fsd50k_266364.wav,data/raw_categorized/3_door_forced/fsd50k_266364.wav,fsd_266364,train
SMP_01073,door_forced,3,fsd50k,fsd50k_407349.wav,data/raw_categorized/3_door_forced/fsd50k_407349.wav,fsd_407349,train
SMP_01074,door_forced,3,fsd50k,fsd50k_153231.wav,data/raw_categorized/3_door_forced/fsd50k_153231.wav,fsd_153231,train
SMP_01075,door_forced,3,fsd50k,fsd50k_347217.wav,data/raw_categorized/3_door_forced/fsd50k_347217.wav,fsd_347217,train
SMP_01076,door_forced,3,fsd50k,fsd50k_217965.wav,data/raw_categorized/3_door_forced/fsd50k_217965.wav,fsd_217965,test
SMP_01077,door_forced,3,fsd50k,fsd50k_69184.wav,data/raw_categorized/3_door_forced/fsd50k_69184.wav,fsd_69184,train
SMP_01078,door_forced,3,fsd50k,fsd50k_233291.wav,data/raw_categorized/3_door_forced/fsd50k_233291.wav,fsd_233291,test
SMP_01079,door_forced,3,fsd50k,fsd50k_94254.wav,data/raw_categorized/3_door_forced/fsd50k_94254.wav,fsd_94254,train
SMP_01080,door_forced,3,fsd50k,fsd50k_263078.wav,data/raw_categorized/3_door_forced/fsd50k_263078.wav,fsd_263078,train
SMP_01081,door_forced,3,fsd50k,fsd50k_365478.wav,data/raw_categorized/3_door_forced/fsd50k_365478.wav,fsd_365478,train
SMP_01082,door_forced,3,fsd50k,fsd50k_352380.wav,data/raw_categorized/3_door_forced/fsd50k_352380.wav,fsd_352380,train
SMP_01083,door_forced,3,fsd50k,fsd50k_164571.wav,data/raw_categorized/3_door_forced/fsd50k_164571.wav,fsd_164571,train
SMP_01084,door_forced,3,fsd50k,fsd50k_251543.wav,data/raw_categorized/3_door_forced/fsd50k_251543.wav,fsd_251543,val
SMP_01085,door_forced,3,fsd50k,fsd50k_237405.wav,data/raw_categorized/3_door_forced/fsd50k_237405.wav,fsd_237405,train
SMP_01086,door_forced,3,fsd50k,fsd50k_148950.wav,data/raw_categorized/3_door_forced/fsd50k_148950.wav,fsd_148950,train
SMP_01087,door_forced,3,fsd50k,fsd50k_325213.wav,data/raw_categorized/3_door_forced/fsd50k_325213.wav,fsd_325213,train
SMP_01088,door_forced,3,fsd50k,fsd50k_259974.wav,data/raw_categorized/3_door_forced/fsd50k_259974.wav,fsd_259974,train
SMP_01089,door_forced,3,fsd50k,fsd50k_123001.wav,data/raw_categorized/3_door_forced/fsd50k_123001.wav,fsd_123001,train
SMP_01090,door_forced,3,fsd50k,fsd50k_211924.wav,data/raw_categorized/3_door_forced/fsd50k_211924.wav,fsd_211924,test
SMP_01091,door_forced,3,fsd50k,fsd50k_340747.wav,data/raw_categorized/3_door_forced/fsd50k_340747.wav,fsd_340747,train
SMP_01092,door_forced,3,fsd50k,fsd50k_387983.wav,data/raw_categorized/3_door_forced/fsd50k_387983.wav,fsd_387983,train
SMP_01093,door_forced,3,fsd50k,fsd50k_213724.wav,data/raw_categorized/3_door_forced/fsd50k_213724.wav,fsd_213724,train
SMP_01094,door_forced,3,fsd50k,fsd50k_69487.wav,data/raw_categorized/3_door_forced/fsd50k_69487.wav,fsd_69487,val
SMP_01095,door_forced,3,fsd50k,fsd50k_114509.wav,data/raw_categorized/3_door_forced/fsd50k_114509.wav,fsd_114509,train
SMP_01096,door_forced,3,fsd50k,fsd50k_59594.wav,data/raw_categorized/3_door_forced/fsd50k_59594.wav,fsd_59594,train
SMP_01097,door_forced,3,fsd50k,fsd50k_89137.wav,data/raw_categorized/3_door_forced/fsd50k_89137.wav,fsd_89137,val
SMP_01098,door_forced,3,fsd50k,fsd50k_406595.wav,data/raw_categorized/3_door_forced/fsd50k_406595.wav,fsd_406595,val
SMP_01099,door_forced,3,fsd50k,fsd50k_387981.wav,data/raw_categorized/3_door_forced/fsd50k_387981.wav,fsd_387981,train
SMP_01100,door_forced,3,fsd50k,fsd50k_216872.wav,data/raw_categorized/3_door_forced/fsd50k_216872.wav,fsd_216872,train
SMP_01101,door_forced,3,fsd50k,fsd50k_93646.wav,data/raw_categorized/3_door_forced/fsd50k_93646.wav,fsd_93646,val
SMP_01102,door_forced,3,fsd50k,fsd50k_193846.wav,data/raw_categorized/3_door_forced/fsd50k_193846.wav,fsd_193846,train
SMP_01103,door_forced,3,fsd50k,fsd50k_324427.wav,data/raw_categorized/3_door_forced/fsd50k_324427.wav,fsd_324427,train
SMP_01104,door_forced,3,fsd50k,fsd50k_144943.wav,data/raw_categorized/3_door_forced/fsd50k_144943.wav,fsd_144943,val
SMP_01105,door_forced,3,fsd50k,fsd50k_131016.wav,data/raw_categorized/3_door_forced/fsd50k_131016.wav,fsd_131016,train
SMP_01106,door_forced,3,fsd50k,fsd50k_365907.wav,data/raw_categorized/3_door_forced/fsd50k_365907.wav,fsd_365907,train
SMP_01107,door_forced,3,fsd50k,fsd50k_61699.wav,data/raw_categorized/3_door_forced/fsd50k_61699.wav,fsd_61699,train
SMP_01108,door_forced,3,fsd50k,fsd50k_265044.wav,data/raw_categorized/3_door_forced/fsd50k_265044.wav,fsd_265044,train
SMP_01109,door_forced,3,fsd50k,fsd50k_390976.wav,data/raw_categorized/3_door_forced/fsd50k_390976.wav,fsd_390976,train
SMP_01110,door_forced,3,fsd50k,fsd50k_202231.wav,data/raw_categorized/3_door_forced/fsd50k_202231.wav,fsd_202231,val
SMP_01111,door_forced,3,fsd50k,fsd50k_209964.wav,data/raw_categorized/3_door_forced/fsd50k_209964.wav,fsd_209964,train
SMP_01112,door_forced,3,fsd50k,fsd50k_68659.wav,data/raw_categorized/3_door_forced/fsd50k_68659.wav,fsd_68659,test
SMP_01113,door_forced,3,fsd50k,fsd50k_263033.wav,data/raw_categorized/3_door_forced/fsd50k_263033.wav,fsd_263033,val
SMP_01114,door_forced,3,fsd50k,fsd50k_403546.wav,data/raw_categorized/3_door_forced/fsd50k_403546.wav,fsd_403546,train
SMP_01115,door_forced,3,fsd50k,fsd50k_198869.wav,data/raw_categorized/3_door_forced/fsd50k_198869.wav,fsd_198869,test
SMP_01116,door_forced,3,fsd50k,fsd50k_138323.wav,data/raw_categorized/3_door_forced/fsd50k_138323.wav,fsd_138323,test
SMP_01117,door_forced,3,fsd50k,fsd50k_52289.wav,data/raw_categorized/3_door_forced/fsd50k_52289.wav,fsd_52289,val
SMP_01118,door_forced,3,fsd50k,fsd50k_193857.wav,data/raw_categorized/3_door_forced/fsd50k_193857.wav,fsd_193857,train
SMP_01119,door_forced,3,fsd50k,fsd50k_152888.wav,data/raw_categorized/3_door_forced/fsd50k_152888.wav,fsd_152888,train
SMP_01120,door_forced,3,fsd50k,fsd50k_125957.wav,data/raw_categorized/3_door_forced/fsd50k_125957.wav,fsd_125957,train
SMP_01121,door_forced,3,fsd50k,fsd50k_106270.wav,data/raw_categorized/3_door_forced/fsd50k_106270.wav,fsd_106270,test
SMP_01122,door_forced,3,fsd50k,fsd50k_70102.wav,data/raw_categorized/3_door_forced/fsd50k_70102.wav,fsd_70102,train
SMP_01123,door_forced,3,fsd50k,fsd50k_253993.wav,data/raw_categorized/3_door_forced/fsd50k_253993.wav,fsd_253993,test
SMP_01124,door_forced,3,fsd50k,fsd50k_137146.wav,data/raw_categorized/3_door_forced/fsd50k_137146.wav,fsd_137146,train
SMP_01125,door_forced,3,fsd50k,fsd50k_171755.wav,data/raw_categorized/3_door_forced/fsd50k_171755.wav,fsd_171755,train
SMP_01126,door_forced,3,fsd50k,fsd50k_89143.wav,data/raw_categorized/3_door_forced/fsd50k_89143.wav,fsd_89143,train
SMP_01127,door_forced,3,fsd50k,fsd50k_257912.wav,data/raw_categorized/3_door_forced/fsd50k_257912.wav,fsd_257912,train
SMP_01128,door_forced,3,fsd50k,fsd50k_404300.wav,data/raw_categorized/3_door_forced/fsd50k_404300.wav,fsd_404300,train
SMP_01129,door_forced,3,fsd50k,fsd50k_202985.wav,data/raw_categorized/3_door_forced/fsd50k_202985.wav,fsd_202985,train
SMP_01130,door_forced,3,fsd50k,fsd50k_83507.wav,data/raw_categorized/3_door_forced/fsd50k_83507.wav,fsd_83507,train
SMP_01131,door_forced,3,fsd50k,fsd50k_395095.wav,data/raw_categorized/3_door_forced/fsd50k_395095.wav,fsd_395095,train
SMP_01132,door_forced,3,fsd50k,fsd50k_213876.wav,data/raw_categorized/3_door_forced/fsd50k_213876.wav,fsd_213876,train
SMP_01133,door_forced,3,fsd50k,fsd50k_371661.wav,data/raw_categorized/3_door_forced/fsd50k_371661.wav,fsd_371661,test
SMP_01134,door_forced,3,fsd50k,fsd50k_344218.wav,data/raw_categorized/3_door_forced/fsd50k_344218.wav,fsd_344218,val
SMP_01135,door_forced,3,fsd50k,fsd50k_20285.wav,data/raw_categorized/3_door_forced/fsd50k_20285.wav,fsd_20285,train
SMP_01136,door_forced,3,fsd50k,fsd50k_340038.wav,data/raw_categorized/3_door_forced/fsd50k_340038.wav,fsd_340038,train
SMP_01137,door_forced,3,fsd50k,fsd50k_395282.wav,data/raw_categorized/3_door_forced/fsd50k_395282.wav,fsd_395282,test
SMP_01138,door_forced,3,fsd50k,fsd50k_265968.wav,data/raw_categorized/3_door_forced/fsd50k_265968.wav,fsd_265968,val
SMP_01139,door_forced,3,fsd50k,fsd50k_253983.wav,data/raw_categorized/3_door_forced/fsd50k_253983.wav,fsd_253983,train
SMP_01140,door_forced,3,fsd50k,fsd50k_167259.wav,data/raw_categorized/3_door_forced/fsd50k_167259.wav,fsd_167259,train
SMP_01141,door_forced,3,fsd50k,fsd50k_379916.wav,data/raw_categorized/3_door_forced/fsd50k_379916.wav,fsd_379916,train
SMP_01142,door_forced,3,fsd50k,fsd50k_324509.wav,data/raw_categorized/3_door_forced/fsd50k_324509.wav,fsd_324509,train
SMP_01143,door_forced,3,fsd50k,fsd50k_126045.wav,data/raw_categorized/3_door_forced/fsd50k_126045.wav,fsd_126045,test
SMP_01144,door_forced,3,fsd50k,fsd50k_349245.wav,data/raw_categorized/3_door_forced/fsd50k_349245.wav,fsd_349245,train
SMP_01145,door_forced,3,fsd50k,fsd50k_420735.wav,data/raw_categorized/3_door_forced/fsd50k_420735.wav,fsd_420735,train
SMP_01146,door_forced,3,fsd50k,fsd50k_412857.wav,data/raw_categorized/3_door_forced/fsd50k_412857.wav,fsd_412857,train
SMP_01147,door_forced,3,fsd50k,fsd50k_352987.wav,data/raw_categorized/3_door_forced/fsd50k_352987.wav,fsd_352987,val
SMP_01148,door_forced,3,fsd50k,fsd50k_267702.wav,data/raw_categorized/3_door_forced/fsd50k_267702.wav,fsd_267702,train
SMP_01149,door_forced,3,fsd50k,fsd50k_240267.wav,data/raw_categorized/3_door_forced/fsd50k_240267.wav,fsd_240267,train
SMP_01150,door_forced,3,fsd50k,fsd50k_233001.wav,data/raw_categorized/3_door_forced/fsd50k_233001.wav,fsd_233001,train
SMP_01151,door_forced,3,fsd50k,fsd50k_190027.wav,data/raw_categorized/3_door_forced/fsd50k_190027.wav,fsd_190027,train
SMP_01152,door_forced,3,fsd50k,fsd50k_182723.wav,data/raw_categorized/3_door_forced/fsd50k_182723.wav,fsd_182723,train
SMP_01153,door_forced,3,fsd50k,fsd50k_412487.wav,data/raw_categorized/3_door_forced/fsd50k_412487.wav,fsd_412487,val
SMP_01154,door_forced,3,fsd50k,fsd50k_35617.wav,data/raw_categorized/3_door_forced/fsd50k_35617.wav,fsd_35617,val
SMP_01155,door_forced,3,fsd50k,fsd50k_182033.wav,data/raw_categorized/3_door_forced/fsd50k_182033.wav,fsd_182033,val
SMP_01156,door_forced,3,fsd50k,fsd50k_275571.wav,data/raw_categorized/3_door_forced/fsd50k_275571.wav,fsd_275571,train
SMP_01157,door_forced,3,fsd50k,fsd50k_238287.wav,data/raw_categorized/3_door_forced/fsd50k_238287.wav,fsd_238287,train
SMP_01158,door_forced,3,fsd50k,fsd50k_241829.wav,data/raw_categorized/3_door_forced/fsd50k_241829.wav,fsd_241829,train
SMP_01159,door_forced,3,fsd50k,fsd50k_394893.wav,data/raw_categorized/3_door_forced/fsd50k_394893.wav,fsd_394893,train
SMP_01160,door_forced,3,fsd50k,fsd50k_19858.wav,data/raw_categorized/3_door_forced/fsd50k_19858.wav,fsd_19858,train
SMP_01161,door_forced,3,fsd50k,fsd50k_256577.wav,data/raw_categorized/3_door_forced/fsd50k_256577.wav,fsd_256577,test
SMP_01162,door_forced,3,fsd50k,fsd50k_197866.wav,data/raw_categorized/3_door_forced/fsd50k_197866.wav,fsd_197866,train
SMP_01163,door_forced,3,fsd50k,fsd50k_146204.wav,data/raw_categorized/3_door_forced/fsd50k_146204.wav,fsd_146204,train
SMP_01164,door_forced,3,fsd50k,fsd50k_176642.wav,data/raw_categorized/3_door_forced/fsd50k_176642.wav,fsd_176642,train
SMP_01165,door_forced,3,fsd50k,fsd50k_352382.wav,data/raw_categorized/3_door_forced/fsd50k_352382.wav,fsd_352382,test
SMP_01166,door_forced,3,fsd50k,fsd50k_265202.wav,data/raw_categorized/3_door_forced/fsd50k_265202.wav,fsd_265202,train
SMP_01167,door_forced,3,fsd50k,fsd50k_341191.wav,data/raw_categorized/3_door_forced/fsd50k_341191.wav,fsd_341191,train
SMP_01168,door_forced,3,fsd50k,fsd50k_94785.wav,data/raw_categorized/3_door_forced/fsd50k_94785.wav,fsd_94785,val
SMP_01169,door_forced,3,fsd50k,fsd50k_365902.wav,data/raw_categorized/3_door_forced/fsd50k_365902.wav,fsd_365902,train
SMP_01170,door_forced,3,fsd50k,fsd50k_341328.wav,data/raw_categorized/3_door_forced/fsd50k_341328.wav,fsd_341328,test
SMP_01171,door_forced,3,fsd50k,fsd50k_73050.wav,data/raw_categorized/3_door_forced/fsd50k_73050.wav,fsd_73050,test
SMP_01172,door_forced,3,fsd50k,fsd50k_144942.wav,data/raw_categorized/3_door_forced/fsd50k_144942.wav,fsd_144942,train
SMP_01173,door_forced,3,fsd50k,fsd50k_130044.wav,data/raw_categorized/3_door_forced/fsd50k_130044.wav,fsd_130044,train
SMP_01174,door_forced,3,fsd50k,fsd50k_29714.wav,data/raw_categorized/3_door_forced/fsd50k_29714.wav,fsd_29714,train
SMP_01175,door_forced,3,fsd50k,fsd50k_218987.wav,data/raw_categorized/3_door_forced/fsd50k_218987.wav,fsd_218987,train
SMP_01176,door_forced,3,fsd50k,fsd50k_352716.wav,data/raw_categorized/3_door_forced/fsd50k_352716.wav,fsd_352716,val
SMP_01177,door_forced,3,fsd50k,fsd50k_104965.wav,data/raw_categorized/3_door_forced/fsd50k_104965.wav,fsd_104965,train
SMP_01178,door_forced,3,fsd50k,fsd50k_154717.wav,data/raw_categorized/3_door_forced/fsd50k_154717.wav,fsd_154717,test
SMP_01179,door_forced,3,fsd50k,fsd50k_182034.wav,data/raw_categorized/3_door_forced/fsd50k_182034.wav,fsd_182034,train
SMP_01180,door_forced,3,fsd50k,fsd50k_366942.wav,data/raw_categorized/3_door_forced/fsd50k_366942.wav,fsd_366942,train
SMP_01181,door_forced,3,fsd50k,fsd50k_349138.wav,data/raw_categorized/3_door_forced/fsd50k_349138.wav,fsd_349138,test
SMP_01182,door_forced,3,fsd50k,fsd50k_85809.wav,data/raw_categorized/3_door_forced/fsd50k_85809.wav,fsd_85809,test
SMP_01183,door_forced,3,fsd50k,fsd50k_321972.wav,data/raw_categorized/3_door_forced/fsd50k_321972.wav,fsd_321972,test
SMP_01184,door_forced,3,fsd50k,fsd50k_334492.wav,data/raw_categorized/3_door_forced/fsd50k_334492.wav,fsd_334492,train
SMP_01185,door_forced,3,fsd50k,fsd50k_271660.wav,data/raw_categorized/3_door_forced/fsd50k_271660.wav,fsd_271660,train
SMP_01186,door_forced,3,fsd50k,fsd50k_73052.wav,data/raw_categorized/3_door_forced/fsd50k_73052.wav,fsd_73052,val
SMP_01187,door_forced,3,fsd50k,fsd50k_67304.wav,data/raw_categorized/3_door_forced/fsd50k_67304.wav,fsd_67304,val
SMP_01188,door_forced,3,fsd50k,fsd50k_71695.wav,data/raw_categorized/3_door_forced/fsd50k_71695.wav,fsd_71695,train
SMP_01189,door_forced,3,fsd50k,fsd50k_193844.wav,data/raw_categorized/3_door_forced/fsd50k_193844.wav,fsd_193844,train
SMP_01190,door_forced,3,fsd50k,fsd50k_322862.wav,data/raw_categorized/3_door_forced/fsd50k_322862.wav,fsd_322862,train
SMP_01191,door_forced,3,fsd50k,fsd50k_431745.wav,data/raw_categorized/3_door_forced/fsd50k_431745.wav,fsd_431745,train
SMP_01192,door_forced,3,fsd50k,fsd50k_216881.wav,data/raw_categorized/3_door_forced/fsd50k_216881.wav,fsd_216881,train
SMP_01193,door_forced,3,fsd50k,fsd50k_70342.wav,data/raw_categorized/3_door_forced/fsd50k_70342.wav,fsd_70342,train
SMP_01194,door_forced,3,fsd50k,fsd50k_182323.wav,data/raw_categorized/3_door_forced/fsd50k_182323.wav,fsd_182323,train
SMP_01195,door_forced,3,fsd50k,fsd50k_349285.wav,data/raw_categorized/3_door_forced/fsd50k_349285.wav,fsd_349285,val
SMP_01196,door_forced,3,fsd50k,fsd50k_215637.wav,data/raw_categorized/3_door_forced/fsd50k_215637.wav,fsd_215637,test
SMP_01197,door_forced,3,fsd50k,fsd50k_211498.wav,data/raw_categorized/3_door_forced/fsd50k_211498.wav,fsd_211498,train
SMP_01198,door_forced,3,fsd50k,fsd50k_161233.wav,data/raw_categorized/3_door_forced/fsd50k_161233.wav,fsd_161233,train
SMP_01199,door_forced,3,fsd50k,fsd50k_343718.wav,data/raw_categorized/3_door_forced/fsd50k_343718.wav,fsd_343718,train
SMP_01200,door_forced,3,fsd50k,fsd50k_379016.wav,data/raw_categorized/3_door_forced/fsd50k_379016.wav,fsd_379016,test
SMP_01201,door_forced,3,fsd50k,fsd50k_119077.wav,data/raw_categorized/3_door_forced/fsd50k_119077.wav,fsd_119077,train
SMP_01202,door_forced,3,fsd50k,fsd50k_349295.wav,data/raw_categorized/3_door_forced/fsd50k_349295.wav,fsd_349295,test
SMP_01203,door_forced,3,fsd50k,fsd50k_113138.wav,data/raw_categorized/3_door_forced/fsd50k_113138.wav,fsd_113138,train
SMP_01204,door_forced,3,fsd50k,fsd50k_218980.wav,data/raw_categorized/3_door_forced/fsd50k_218980.wav,fsd_218980,train
SMP_01205,door_forced,3,fsd50k,fsd50k_72197.wav,data/raw_categorized/3_door_forced/fsd50k_72197.wav,fsd_72197,train
SMP_01206,door_forced,3,fsd50k,fsd50k_188878.wav,data/raw_categorized/3_door_forced/fsd50k_188878.wav,fsd_188878,train
SMP_01207,door_forced,3,fsd50k,fsd50k_117089.wav,data/raw_categorized/3_door_forced/fsd50k_117089.wav,fsd_117089,train
SMP_01208,door_forced,3,fsd50k,fsd50k_212127.wav,data/raw_categorized/3_door_forced/fsd50k_212127.wav,fsd_212127,train
SMP_01209,door_forced,3,fsd50k,fsd50k_115869.wav,data/raw_categorized/3_door_forced/fsd50k_115869.wav,fsd_115869,test
SMP_01210,door_forced,3,fsd50k,fsd50k_201263.wav,data/raw_categorized/3_door_forced/fsd50k_201263.wav,fsd_201263,train
SMP_01211,door_forced,3,fsd50k,fsd50k_72826.wav,data/raw_categorized/3_door_forced/fsd50k_72826.wav,fsd_72826,train
SMP_01212,door_forced,3,fsd50k,fsd50k_369051.wav,data/raw_categorized/3_door_forced/fsd50k_369051.wav,fsd_369051,test
SMP_01213,door_forced,3,fsd50k,fsd50k_349299.wav,data/raw_categorized/3_door_forced/fsd50k_349299.wav,fsd_349299,test
SMP_01214,door_forced,3,fsd50k,fsd50k_319705.wav,data/raw_categorized/3_door_forced/fsd50k_319705.wav,fsd_319705,test
SMP_01215,door_forced,3,fsd50k,fsd50k_193842.wav,data/raw_categorized/3_door_forced/fsd50k_193842.wav,fsd_193842,val
SMP_01216,door_forced,3,fsd50k,fsd50k_193868.wav,data/raw_categorized/3_door_forced/fsd50k_193868.wav,fsd_193868,train
SMP_01217,door_forced,3,fsd50k,fsd50k_213392.wav,data/raw_categorized/3_door_forced/fsd50k_213392.wav,fsd_213392,train
SMP_01218,door_forced,3,fsd50k,fsd50k_53280.wav,data/raw_categorized/3_door_forced/fsd50k_53280.wav,fsd_53280,train
SMP_01219,door_forced,3,fsd50k,fsd50k_244422.wav,data/raw_categorized/3_door_forced/fsd50k_244422.wav,fsd_244422,train
SMP_01220,door_forced,3,fsd50k,fsd50k_399811.wav,data/raw_categorized/3_door_forced/fsd50k_399811.wav,fsd_399811,val
SMP_01221,door_forced,3,fsd50k,fsd50k_266600.wav,data/raw_categorized/3_door_forced/fsd50k_266600.wav,fsd_266600,train
SMP_01222,door_forced,3,fsd50k,fsd50k_193829.wav,data/raw_categorized/3_door_forced/fsd50k_193829.wav,fsd_193829,train
SMP_01223,door_forced,3,fsd50k,fsd50k_161190.wav,data/raw_categorized/3_door_forced/fsd50k_161190.wav,fsd_161190,train
SMP_01224,door_forced,3,fsd50k,fsd50k_213399.wav,data/raw_categorized/3_door_forced/fsd50k_213399.wav,fsd_213399,val
SMP_01225,door_forced,3,fsd50k,fsd50k_70381.wav,data/raw_categorized/3_door_forced/fsd50k_70381.wav,fsd_70381,train
SMP_01226,door_forced,3,fsd50k,fsd50k_119534.wav,data/raw_categorized/3_door_forced/fsd50k_119534.wav,fsd_119534,train
SMP_01227,door_forced,3,fsd50k,fsd50k_323558.wav,data/raw_categorized/3_door_forced/fsd50k_323558.wav,fsd_323558,val
SMP_01228,door_forced,3,fsd50k,fsd50k_85822.wav,data/raw_categorized/3_door_forced/fsd50k_85822.wav,fsd_85822,val
SMP_01229,door_forced,3,fsd50k,fsd50k_273719.wav,data/raw_categorized/3_door_forced/fsd50k_273719.wav,fsd_273719,train
SMP_01230,door_forced,3,fsd50k,fsd50k_154675.wav,data/raw_categorized/3_door_forced/fsd50k_154675.wav,fsd_154675,train
SMP_01231,scream,4,fsd50k,fsd50k_33687.wav,data/raw_categorized/4_scream/fsd50k_33687.wav,fsd_33687,train
SMP_01232,scream,4,fsd50k,fsd50k_379969.wav,data/raw_categorized/4_scream/fsd50k_379969.wav,fsd_379969,train
SMP_01233,scream,4,fsd50k,fsd50k_101315.wav,data/raw_categorized/4_scream/fsd50k_101315.wav,fsd_101315,train
SMP_01234,scream,4,fsd50k,fsd50k_264377.wav,data/raw_categorized/4_scream/fsd50k_264377.wav,fsd_264377,test
SMP_01235,scream,4,fsd50k,fsd50k_350714.wav,data/raw_categorized/4_scream/fsd50k_350714.wav,fsd_350714,train
SMP_01236,scream,4,fsd50k,fsd50k_241592.wav,data/raw_categorized/4_scream/fsd50k_241592.wav,fsd_241592,train
SMP_01237,scream,4,fsd50k,fsd50k_402555.wav,data/raw_categorized/4_scream/fsd50k_402555.wav,fsd_402555,train
SMP_01238,scream,4,fsd50k,fsd50k_156901.wav,data/raw_categorized/4_scream/fsd50k_156901.wav,fsd_156901,train
SMP_01239,scream,4,fsd50k,fsd50k_30276.wav,data/raw_categorized/4_scream/fsd50k_30276.wav,fsd_30276,train
SMP_01240,scream,4,fsd50k,fsd50k_39520.wav,data/raw_categorized/4_scream/fsd50k_39520.wav,fsd_39520,train
SMP_01241,scream,4,fsd50k,fsd50k_400356.wav,data/raw_categorized/4_scream/fsd50k_400356.wav,fsd_400356,train
SMP_01242,scream,4,fsd50k,fsd50k_33651.wav,data/raw_categorized/4_scream/fsd50k_33651.wav,fsd_33651,train
SMP_01243,scream,4,fsd50k,fsd50k_353288.wav,data/raw_categorized/4_scream/fsd50k_353288.wav,fsd_353288,train
SMP_01244,scream,4,fsd50k,fsd50k_118521.wav,data/raw_categorized/4_scream/fsd50k_118521.wav,fsd_118521,train
SMP_01245,scream,4,fsd50k,fsd50k_343985.wav,data/raw_categorized/4_scream/fsd50k_343985.wav,fsd_343985,train
SMP_01246,scream,4,fsd50k,fsd50k_218055.wav,data/raw_categorized/4_scream/fsd50k_218055.wav,fsd_218055,val
SMP_01247,scream,4,fsd50k,fsd50k_254336.wav,data/raw_categorized/4_scream/fsd50k_254336.wav,fsd_254336,train
SMP_01248,scream,4,fsd50k,fsd50k_161369.wav,data/raw_categorized/4_scream/fsd50k_161369.wav,fsd_161369,train
SMP_01249,scream,4,fsd50k,fsd50k_119030.wav,data/raw_categorized/4_scream/fsd50k_119030.wav,fsd_119030,train
SMP_01250,scream,4,fsd50k,fsd50k_403057.wav,data/raw_categorized/4_scream/fsd50k_403057.wav,fsd_403057,train
SMP_01251,scream,4,fsd50k,fsd50k_381895.wav,data/raw_categorized/4_scream/fsd50k_381895.wav,fsd_381895,train
SMP_01252,scream,4,fsd50k,fsd50k_31000.wav,data/raw_categorized/4_scream/fsd50k_31000.wav,fsd_31000,train
SMP_01253,scream,4,fsd50k,fsd50k_166943.wav,data/raw_categorized/4_scream/fsd50k_166943.wav,fsd_166943,train
SMP_01254,scream,4,fsd50k,fsd50k_351631.wav,data/raw_categorized/4_scream/fsd50k_351631.wav,fsd_351631,test
SMP_01255,scream,4,fsd50k,fsd50k_90790.wav,data/raw_categorized/4_scream/fsd50k_90790.wav,fsd_90790,train
SMP_01256,scream,4,fsd50k,fsd50k_256494.wav,data/raw_categorized/4_scream/fsd50k_256494.wav,fsd_256494,val
SMP_01257,scream,4,fsd50k,fsd50k_192133.wav,data/raw_categorized/4_scream/fsd50k_192133.wav,fsd_192133,train
SMP_01258,scream,4,fsd50k,fsd50k_45604.wav,data/raw_categorized/4_scream/fsd50k_45604.wav,fsd_45604,val
SMP_01259,scream,4,fsd50k,fsd50k_9923.wav,data/raw_categorized/4_scream/fsd50k_9923.wav,fsd_9923,test
SMP_01260,scream,4,fsd50k,fsd50k_187793.wav,data/raw_categorized/4_scream/fsd50k_187793.wav,fsd_187793,val
SMP_01261,scream,4,fsd50k,fsd50k_67332.wav,data/raw_categorized/4_scream/fsd50k_67332.wav,fsd_67332,train
SMP_01262,scream,4,fsd50k,fsd50k_273153.wav,data/raw_categorized/4_scream/fsd50k_273153.wav,fsd_273153,train
SMP_01263,scream,4,fsd50k,fsd50k_368525.wav,data/raw_categorized/4_scream/fsd50k_368525.wav,fsd_368525,val
SMP_01264,scream,4,fsd50k,fsd50k_417554.wav,data/raw_categorized/4_scream/fsd50k_417554.wav,fsd_417554,val
SMP_01265,scream,4,fsd50k,fsd50k_85554.wav,data/raw_categorized/4_scream/fsd50k_85554.wav,fsd_85554,train
SMP_01266,scream,4,fsd50k,fsd50k_353285.wav,data/raw_categorized/4_scream/fsd50k_353285.wav,fsd_353285,val
SMP_01267,scream,4,fsd50k,fsd50k_350438.wav,data/raw_categorized/4_scream/fsd50k_350438.wav,fsd_350438,train
SMP_01268,scream,4,fsd50k,fsd50k_367307.wav,data/raw_categorized/4_scream/fsd50k_367307.wav,fsd_367307,train
SMP_01269,scream,4,fsd50k,fsd50k_166623.wav,data/raw_categorized/4_scream/fsd50k_166623.wav,fsd_166623,train
SMP_01270,scream,4,fsd50k,fsd50k_395810.wav,data/raw_categorized/4_scream/fsd50k_395810.wav,fsd_395810,train
SMP_01271,scream,4,fsd50k,fsd50k_330854.wav,data/raw_categorized/4_scream/fsd50k_330854.wav,fsd_330854,train
SMP_01272,scream,4,fsd50k,fsd50k_220815.wav,data/raw_categorized/4_scream/fsd50k_220815.wav,fsd_220815,train
SMP_01273,scream,4,fsd50k,fsd50k_63641.wav,data/raw_categorized/4_scream/fsd50k_63641.wav,fsd_63641,train
SMP_01274,scream,4,fsd50k,fsd50k_353104.wav,data/raw_categorized/4_scream/fsd50k_353104.wav,fsd_353104,train
SMP_01275,scream,4,fsd50k,fsd50k_219693.wav,data/raw_categorized/4_scream/fsd50k_219693.wav,fsd_219693,test
SMP_01276,scream,4,fsd50k,fsd50k_169811.wav,data/raw_categorized/4_scream/fsd50k_169811.wav,fsd_169811,test
SMP_01277,scream,4,fsd50k,fsd50k_167227.wav,data/raw_categorized/4_scream/fsd50k_167227.wav,fsd_167227,train
SMP_01278,scream,4,fsd50k,fsd50k_210731.wav,data/raw_categorized/4_scream/fsd50k_210731.wav,fsd_210731,val
SMP_01279,scream,4,fsd50k,fsd50k_239902.wav,data/raw_categorized/4_scream/fsd50k_239902.wav,fsd_239902,train
SMP_01280,scream,4,fsd50k,fsd50k_316398.wav,data/raw_categorized/4_scream/fsd50k_316398.wav,fsd_316398,train
SMP_01281,scream,4,fsd50k,fsd50k_220291.wav,data/raw_categorized/4_scream/fsd50k_220291.wav,fsd_220291,train
SMP_01282,scream,4,fsd50k,fsd50k_60163.wav,data/raw_categorized/4_scream/fsd50k_60163.wav,fsd_60163,train
SMP_01283,scream,4,fsd50k,fsd50k_343897.wav,data/raw_categorized/4_scream/fsd50k_343897.wav,fsd_343897,train
SMP_01284,scream,4,fsd50k,fsd50k_336537.wav,data/raw_categorized/4_scream/fsd50k_336537.wav,fsd_336537,test
SMP_01285,scream,4,fsd50k,fsd50k_264351.wav,data/raw_categorized/4_scream/fsd50k_264351.wav,fsd_264351,test
SMP_01286,scream,4,fsd50k,fsd50k_179332.wav,data/raw_categorized/4_scream/fsd50k_179332.wav,fsd_179332,test
SMP_01287,scream,4,fsd50k,fsd50k_89362.wav,data/raw_categorized/4_scream/fsd50k_89362.wav,fsd_89362,train
SMP_01288,scream,4,fsd50k,fsd50k_242498.wav,data/raw_categorized/4_scream/fsd50k_242498.wav,fsd_242498,test
SMP_01289,scream,4,fsd50k,fsd50k_140342.wav,data/raw_categorized/4_scream/fsd50k_140342.wav,fsd_140342,test
SMP_01290,scream,4,fsd50k,fsd50k_222589.wav,data/raw_categorized/4_scream/fsd50k_222589.wav,fsd_222589,val
SMP_01291,scream,4,fsd50k,fsd50k_426195.wav,data/raw_categorized/4_scream/fsd50k_426195.wav,fsd_426195,test
SMP_01292,scream,4,fsd50k,fsd50k_175385.wav,data/raw_categorized/4_scream/fsd50k_175385.wav,fsd_175385,test
SMP_01293,scream,4,fsd50k,fsd50k_326883.wav,data/raw_categorized/4_scream/fsd50k_326883.wav,fsd_326883,train
SMP_01294,scream,4,fsd50k,fsd50k_175389.wav,data/raw_categorized/4_scream/fsd50k_175389.wav,fsd_175389,train
SMP_01295,scream,4,fsd50k,fsd50k_17602.wav,data/raw_categorized/4_scream/fsd50k_17602.wav,fsd_17602,test
SMP_01296,scream,4,fsd50k,fsd50k_100896.wav,data/raw_categorized/4_scream/fsd50k_100896.wav,fsd_100896,train
SMP_01297,scream,4,fsd50k,fsd50k_82418.wav,data/raw_categorized/4_scream/fsd50k_82418.wav,fsd_82418,train
SMP_01298,scream,4,fsd50k,fsd50k_351339.wav,data/raw_categorized/4_scream/fsd50k_351339.wav,fsd_351339,train
SMP_01299,scream,4,fsd50k,fsd50k_195178.wav,data/raw_categorized/4_scream/fsd50k_195178.wav,fsd_195178,val
SMP_01300,scream,4,fsd50k,fsd50k_95930.wav,data/raw_categorized/4_scream/fsd50k_95930.wav,fsd_95930,train
SMP_01301,scream,4,fsd50k,fsd50k_163728.wav,data/raw_categorized/4_scream/fsd50k_163728.wav,fsd_163728,train
SMP_01302,scream,4,fsd50k,fsd50k_67333.wav,data/raw_categorized/4_scream/fsd50k_67333.wav,fsd_67333,train
SMP_01303,scream,4,fsd50k,fsd50k_338939.wav,data/raw_categorized/4_scream/fsd50k_338939.wav,fsd_338939,train
SMP_01304,scream,4,fsd50k,fsd50k_316416.wav,data/raw_categorized/4_scream/fsd50k_316416.wav,fsd_316416,train
SMP_01305,scream,4,fsd50k,fsd50k_343957.wav,data/raw_categorized/4_scream/fsd50k_343957.wav,fsd_343957,train
SMP_01306,scream,4,fsd50k,fsd50k_219882.wav,data/raw_categorized/4_scream/fsd50k_219882.wav,fsd_219882,train
SMP_01307,scream,4,fsd50k,fsd50k_99633.wav,data/raw_categorized/4_scream/fsd50k_99633.wav,fsd_99633,train
SMP_01308,scream,4,fsd50k,fsd50k_239592.wav,data/raw_categorized/4_scream/fsd50k_239592.wav,fsd_239592,train
SMP_01309,scream,4,fsd50k,fsd50k_47874.wav,data/raw_categorized/4_scream/fsd50k_47874.wav,fsd_47874,train
SMP_01310,scream,4,fsd50k,fsd50k_328842.wav,data/raw_categorized/4_scream/fsd50k_328842.wav,fsd_328842,test
SMP_01311,scream,4,fsd50k,fsd50k_166436.wav,data/raw_categorized/4_scream/fsd50k_166436.wav,fsd_166436,train
SMP_01312,scream,4,fsd50k,fsd50k_52322.wav,data/raw_categorized/4_scream/fsd50k_52322.wav,fsd_52322,train
SMP_01313,scream,4,fsd50k,fsd50k_67341.wav,data/raw_categorized/4_scream/fsd50k_67341.wav,fsd_67341,train
SMP_01314,scream,4,fsd50k,fsd50k_336841.wav,data/raw_categorized/4_scream/fsd50k_336841.wav,fsd_336841,val
SMP_01315,scream,4,fsd50k,fsd50k_196128.wav,data/raw_categorized/4_scream/fsd50k_196128.wav,fsd_196128,train
SMP_01316,scream,4,fsd50k,fsd50k_161967.wav,data/raw_categorized/4_scream/fsd50k_161967.wav,fsd_161967,train
SMP_01317,scream,4,fsd50k,fsd50k_394608.wav,data/raw_categorized/4_scream/fsd50k_394608.wav,fsd_394608,val
SMP_01318,scream,4,fsd50k,fsd50k_343960.wav,data/raw_categorized/4_scream/fsd50k_343960.wav,fsd_343960,test
SMP_01319,scream,4,fsd50k,fsd50k_149919.wav,data/raw_categorized/4_scream/fsd50k_149919.wav,fsd_149919,train
SMP_01320,scream,4,fsd50k,fsd50k_406504.wav,data/raw_categorized/4_scream/fsd50k_406504.wav,fsd_406504,val
SMP_01321,scream,4,fsd50k,fsd50k_205732.wav,data/raw_categorized/4_scream/fsd50k_205732.wav,fsd_205732,train
SMP_01322,scream,4,fsd50k,fsd50k_101311.wav,data/raw_categorized/4_scream/fsd50k_101311.wav,fsd_101311,train
SMP_01323,scream,4,fsd50k,fsd50k_220302.wav,data/raw_categorized/4_scream/fsd50k_220302.wav,fsd_220302,train
SMP_01324,scream,4,fsd50k,fsd50k_219657.wav,data/raw_categorized/4_scream/fsd50k_219657.wav,fsd_219657,val
SMP_01325,scream,4,fsd50k,fsd50k_223745.wav,data/raw_categorized/4_scream/fsd50k_223745.wav,fsd_223745,train
SMP_01326,scream,4,fsd50k,fsd50k_45915.wav,data/raw_categorized/4_scream/fsd50k_45915.wav,fsd_45915,train
SMP_01327,scream,4,fsd50k,fsd50k_157018.wav,data/raw_categorized/4_scream/fsd50k_157018.wav,fsd_157018,test
SMP_01328,scream,4,fsd50k,fsd50k_382989.wav,data/raw_categorized/4_scream/fsd50k_382989.wav,fsd_382989,train
SMP_01329,scream,4,fsd50k,fsd50k_59163.wav,data/raw_categorized/4_scream/fsd50k_59163.wav,fsd_59163,train
SMP_01330,scream,4,fsd50k,fsd50k_67345.wav,data/raw_categorized/4_scream/fsd50k_67345.wav,fsd_67345,train
SMP_01331,scream,4,fsd50k,fsd50k_19345.wav,data/raw_categorized/4_scream/fsd50k_19345.wav,fsd_19345,train
SMP_01332,scream,4,fsd50k,fsd50k_213565.wav,data/raw_categorized/4_scream/fsd50k_213565.wav,fsd_213565,val
SMP_01333,scream,4,fsd50k,fsd50k_180313.wav,data/raw_categorized/4_scream/fsd50k_180313.wav,fsd_180313,val
SMP_01334,scream,4,fsd50k,fsd50k_337102.wav,data/raw_categorized/4_scream/fsd50k_337102.wav,fsd_337102,val
SMP_01335,scream,4,fsd50k,fsd50k_249807.wav,data/raw_categorized/4_scream/fsd50k_249807.wav,fsd_249807,test
SMP_01336,scream,4,fsd50k,fsd50k_124805.wav,data/raw_categorized/4_scream/fsd50k_124805.wav,fsd_124805,train
SMP_01337,scream,4,fsd50k,fsd50k_350439.wav,data/raw_categorized/4_scream/fsd50k_350439.wav,fsd_350439,train
SMP_01338,scream,4,fsd50k,fsd50k_343915.wav,data/raw_categorized/4_scream/fsd50k_343915.wav,fsd_343915,val
SMP_01339,scream,4,fsd50k,fsd50k_259681.wav,data/raw_categorized/4_scream/fsd50k_259681.wav,fsd_259681,train
SMP_01340,scream,4,fsd50k,fsd50k_253771.wav,data/raw_categorized/4_scream/fsd50k_253771.wav,fsd_253771,train
SMP_01341,scream,4,fsd50k,fsd50k_180310.wav,data/raw_categorized/4_scream/fsd50k_180310.wav,fsd_180310,train
SMP_01342,scream,4,fsd50k,fsd50k_316411.wav,data/raw_categorized/4_scream/fsd50k_316411.wav,fsd_316411,train
SMP_01343,scream,4,fsd50k,fsd50k_402642.wav,data/raw_categorized/4_scream/fsd50k_402642.wav,fsd_402642,train
SMP_01344,scream,4,fsd50k,fsd50k_344056.wav,data/raw_categorized/4_scream/fsd50k_344056.wav,fsd_344056,train
SMP_01345,scream,4,fsd50k,fsd50k_33563.wav,data/raw_categorized/4_scream/fsd50k_33563.wav,fsd_33563,train
SMP_01346,scream,4,fsd50k,fsd50k_50179.wav,data/raw_categorized/4_scream/fsd50k_50179.wav,fsd_50179,train
SMP_01347,scream,4,fsd50k,fsd50k_254477.wav,data/raw_categorized/4_scream/fsd50k_254477.wav,fsd_254477,train
SMP_01348,scream,4,fsd50k,fsd50k_416507.wav,data/raw_categorized/4_scream/fsd50k_416507.wav,fsd_416507,train
SMP_01349,scream,4,fsd50k,fsd50k_343877.wav,data/raw_categorized/4_scream/fsd50k_343877.wav,fsd_343877,val
SMP_01350,scream,4,fsd50k,fsd50k_316645.wav,data/raw_categorized/4_scream/fsd50k_316645.wav,fsd_316645,train
SMP_01351,scream,4,fsd50k,fsd50k_222534.wav,data/raw_categorized/4_scream/fsd50k_222534.wav,fsd_222534,train
SMP_01352,scream,4,fsd50k,fsd50k_350448.wav,data/raw_categorized/4_scream/fsd50k_350448.wav,fsd_350448,train
SMP_01353,scream,4,fsd50k,fsd50k_76662.wav,data/raw_categorized/4_scream/fsd50k_76662.wav,fsd_76662,train
SMP_01354,scream,4,fsd50k,fsd50k_76522.wav,data/raw_categorized/4_scream/fsd50k_76522.wav,fsd_76522,train
SMP_01355,scream,4,fsd50k,fsd50k_84387.wav,data/raw_categorized/4_scream/fsd50k_84387.wav,fsd_84387,train
SMP_01356,scream,4,fsd50k,fsd50k_222584.wav,data/raw_categorized/4_scream/fsd50k_222584.wav,fsd_222584,train
SMP_01357,scream,4,fsd50k,fsd50k_220657.wav,data/raw_categorized/4_scream/fsd50k_220657.wav,fsd_220657,val
SMP_01358,scream,4,fsd50k,fsd50k_191944.wav,data/raw_categorized/4_scream/fsd50k_191944.wav,fsd_191944,test
SMP_01359,scream,4,fsd50k,fsd50k_199277.wav,data/raw_categorized/4_scream/fsd50k_199277.wav,fsd_199277,train
SMP_01360,scream,4,fsd50k,fsd50k_212710.wav,data/raw_categorized/4_scream/fsd50k_212710.wav,fsd_212710,train
SMP_01361,scream,4,fsd50k,fsd50k_353291.wav,data/raw_categorized/4_scream/fsd50k_353291.wav,fsd_353291,test
SMP_01362,scream,4,fsd50k,fsd50k_127004.wav,data/raw_categorized/4_scream/fsd50k_127004.wav,fsd_127004,val
SMP_01363,scream,4,fsd50k,fsd50k_368276.wav,data/raw_categorized/4_scream/fsd50k_368276.wav,fsd_368276,train
SMP_01364,scream,4,fsd50k,fsd50k_99966.wav,data/raw_categorized/4_scream/fsd50k_99966.wav,fsd_99966,val
SMP_01365,scream,4,fsd50k,fsd50k_31635.wav,data/raw_categorized/4_scream/fsd50k_31635.wav,fsd_31635,train
SMP_01366,scream,4,fsd50k,fsd50k_104038.wav,data/raw_categorized/4_scream/fsd50k_104038.wav,fsd_104038,train
SMP_01367,scream,4,fsd50k,fsd50k_397317.wav,data/raw_categorized/4_scream/fsd50k_397317.wav,fsd_397317,test
SMP_01368,scream,4,fsd50k,fsd50k_78490.wav,data/raw_categorized/4_scream/fsd50k_78490.wav,fsd_78490,train
SMP_01369,scream,4,fsd50k,fsd50k_105223.wav,data/raw_categorized/4_scream/fsd50k_105223.wav,fsd_105223,train
SMP_01370,scream,4,fsd50k,fsd50k_63342.wav,data/raw_categorized/4_scream/fsd50k_63342.wav,fsd_63342,train
SMP_01371,scream,4,fsd50k,fsd50k_45907.wav,data/raw_categorized/4_scream/fsd50k_45907.wav,fsd_45907,test
SMP_01372,scream,4,fsd50k,fsd50k_179313.wav,data/raw_categorized/4_scream/fsd50k_179313.wav,fsd_179313,train
SMP_01373,scream,4,fsd50k,fsd50k_393918.wav,data/raw_categorized/4_scream/fsd50k_393918.wav,fsd_393918,train
SMP_01374,scream,4,fsd50k,fsd50k_173088.wav,data/raw_categorized/4_scream/fsd50k_173088.wav,fsd_173088,train
SMP_01375,scream,4,fsd50k,fsd50k_195089.wav,data/raw_categorized/4_scream/fsd50k_195089.wav,fsd_195089,train
SMP_01376,scream,4,fsd50k,fsd50k_261854.wav,data/raw_categorized/4_scream/fsd50k_261854.wav,fsd_261854,test
SMP_01377,scream,4,fsd50k,fsd50k_216534.wav,data/raw_categorized/4_scream/fsd50k_216534.wav,fsd_216534,val
SMP_01378,scream,4,fsd50k,fsd50k_179315.wav,data/raw_categorized/4_scream/fsd50k_179315.wav,fsd_179315,val
SMP_01379,scream,4,fsd50k,fsd50k_256635.wav,data/raw_categorized/4_scream/fsd50k_256635.wav,fsd_256635,train
SMP_01380,scream,4,fsd50k,fsd50k_223521.wav,data/raw_categorized/4_scream/fsd50k_223521.wav,fsd_223521,test
SMP_01381,scream,4,fsd50k,fsd50k_253603.wav,data/raw_categorized/4_scream/fsd50k_253603.wav,fsd_253603,train
SMP_01382,scream,4,fsd50k,fsd50k_416538.wav,data/raw_categorized/4_scream/fsd50k_416538.wav,fsd_416538,train
SMP_01383,scream,4,fsd50k,fsd50k_257691.wav,data/raw_categorized/4_scream/fsd50k_257691.wav,fsd_257691,train
SMP_01384,scream,4,fsd50k,fsd50k_332451.wav,data/raw_categorized/4_scream/fsd50k_332451.wav,fsd_332451,train
SMP_01385,scream,4,fsd50k,fsd50k_180350.wav,data/raw_categorized/4_scream/fsd50k_180350.wav,fsd_180350,train
SMP_01386,scream,4,fsd50k,fsd50k_149825.wav,data/raw_categorized/4_scream/fsd50k_149825.wav,fsd_149825,train
SMP_01387,scream,4,fsd50k,fsd50k_351337.wav,data/raw_categorized/4_scream/fsd50k_351337.wav,fsd_351337,train
SMP_01388,scream,4,fsd50k,fsd50k_424739.wav,data/raw_categorized/4_scream/fsd50k_424739.wav,fsd_424739,test
SMP_01389,scream,4,fsd50k,fsd50k_47829.wav,data/raw_categorized/4_scream/fsd50k_47829.wav,fsd_47829,train
SMP_01390,scream,4,fsd50k,fsd50k_33694.wav,data/raw_categorized/4_scream/fsd50k_33694.wav,fsd_33694,train
SMP_01391,scream,4,fsd50k,fsd50k_56899.wav,data/raw_categorized/4_scream/fsd50k_56899.wav,fsd_56899,train
SMP_01392,scream,4,fsd50k,fsd50k_350605.wav,data/raw_categorized/4_scream/fsd50k_350605.wav,fsd_350605,train
SMP_01393,scream,4,fsd50k,fsd50k_350446.wav,data/raw_categorized/4_scream/fsd50k_350446.wav,fsd_350446,test
SMP_01394,scream,4,fsd50k,fsd50k_421874.wav,data/raw_categorized/4_scream/fsd50k_421874.wav,fsd_421874,train
SMP_01395,scream,4,fsd50k,fsd50k_386055.wav,data/raw_categorized/4_scream/fsd50k_386055.wav,fsd_386055,test
SMP_01396,scream,4,fsd50k,fsd50k_382016.wav,data/raw_categorized/4_scream/fsd50k_382016.wav,fsd_382016,train
SMP_01397,scream,4,fsd50k,fsd50k_119024.wav,data/raw_categorized/4_scream/fsd50k_119024.wav,fsd_119024,train
SMP_01398,scream,4,fsd50k,fsd50k_67334.wav,data/raw_categorized/4_scream/fsd50k_67334.wav,fsd_67334,train
SMP_01399,scream,4,fsd50k,fsd50k_219858.wav,data/raw_categorized/4_scream/fsd50k_219858.wav,fsd_219858,train
SMP_01400,scream,4,fsd50k,fsd50k_355063.wav,data/raw_categorized/4_scream/fsd50k_355063.wav,fsd_355063,train
SMP_01401,scream,4,fsd50k,fsd50k_395736.wav,data/raw_categorized/4_scream/fsd50k_395736.wav,fsd_395736,train
SMP_01402,scream,4,fsd50k,fsd50k_49781.wav,data/raw_categorized/4_scream/fsd50k_49781.wav,fsd_49781,val
SMP_01403,scream,4,fsd50k,fsd50k_161371.wav,data/raw_categorized/4_scream/fsd50k_161371.wav,fsd_161371,train
SMP_01404,scream,4,fsd50k,fsd50k_30277.wav,data/raw_categorized/4_scream/fsd50k_30277.wav,fsd_30277,train
SMP_01405,scream,4,fsd50k,fsd50k_353286.wav,data/raw_categorized/4_scream/fsd50k_353286.wav,fsd_353286,train
SMP_01406,scream,4,fsd50k,fsd50k_68038.wav,data/raw_categorized/4_scream/fsd50k_68038.wav,fsd_68038,train
SMP_01407,scream,4,fsd50k,fsd50k_33691.wav,data/raw_categorized/4_scream/fsd50k_33691.wav,fsd_33691,test
SMP_01408,scream,4,fsd50k,fsd50k_398007.wav,data/raw_categorized/4_scream/fsd50k_398007.wav,fsd_398007,val
SMP_01409,scream,4,fsd50k,fsd50k_321783.wav,data/raw_categorized/4_scream/fsd50k_321783.wav,fsd_321783,train
SMP_01410,scream,4,fsd50k,fsd50k_221152.wav,data/raw_categorized/4_scream/fsd50k_221152.wav,fsd_221152,train
SMP_01411,scream,4,fsd50k,fsd50k_323083.wav,data/raw_categorized/4_scream/fsd50k_323083.wav,fsd_323083,test
SMP_01412,scream,4,fsd50k,fsd50k_196117.wav,data/raw_categorized/4_scream/fsd50k_196117.wav,fsd_196117,train
SMP_01413,scream,4,fsd50k,fsd50k_188490.wav,data/raw_categorized/4_scream/fsd50k_188490.wav,fsd_188490,test
SMP_01414,scream,4,fsd50k,fsd50k_72836.wav,data/raw_categorized/4_scream/fsd50k_72836.wav,fsd_72836,train
SMP_01415,scream,4,fsd50k,fsd50k_368841.wav,data/raw_categorized/4_scream/fsd50k_368841.wav,fsd_368841,train
SMP_01416,scream,4,fsd50k,fsd50k_381802.wav,data/raw_categorized/4_scream/fsd50k_381802.wav,fsd_381802,train
SMP_01417,scream,4,fsd50k,fsd50k_418786.wav,data/raw_categorized/4_scream/fsd50k_418786.wav,fsd_418786,train
SMP_01418,scream,4,fsd50k,fsd50k_187762.wav,data/raw_categorized/4_scream/fsd50k_187762.wav,fsd_187762,val
SMP_01419,scream,4,fsd50k,fsd50k_353287.wav,data/raw_categorized/4_scream/fsd50k_353287.wav,fsd_353287,train
SMP_01420,scream,4,fsd50k,fsd50k_180315.wav,data/raw_categorized/4_scream/fsd50k_180315.wav,fsd_180315,test
SMP_01421,scream,4,fsd50k,fsd50k_219883.wav,data/raw_categorized/4_scream/fsd50k_219883.wav,fsd_219883,train
SMP_01422,scream,4,fsd50k,fsd50k_101744.wav,data/raw_categorized/4_scream/fsd50k_101744.wav,fsd_101744,train
SMP_01423,scream,4,fsd50k,fsd50k_67340.wav,data/raw_categorized/4_scream/fsd50k_67340.wav,fsd_67340,val
SMP_01424,scream,4,fsd50k,fsd50k_168777.wav,data/raw_categorized/4_scream/fsd50k_168777.wav,fsd_168777,val
SMP_01425,scream,4,fsd50k,fsd50k_219867.wav,data/raw_categorized/4_scream/fsd50k_219867.wav,fsd_219867,train
SMP_01426,scream,4,fsd50k,fsd50k_69390.wav,data/raw_categorized/4_scream/fsd50k_69390.wav,fsd_69390,train
SMP_01427,scream,4,fsd50k,fsd50k_330856.wav,data/raw_categorized/4_scream/fsd50k_330856.wav,fsd_330856,train
SMP_01428,scream,4,fsd50k,fsd50k_384213.wav,data/raw_categorized/4_scream/fsd50k_384213.wav,fsd_384213,val
SMP_01429,scream,4,fsd50k,fsd50k_146432.wav,data/raw_categorized/4_scream/fsd50k_146432.wav,fsd_146432,train
SMP_01430,scream,4,fsd50k,fsd50k_387829.wav,data/raw_categorized/4_scream/fsd50k_387829.wav,fsd_387829,train
SMP_01431,cry_help,5,fsd50k,fsd50k_179403.wav,data/raw_categorized/5_cry_help/fsd50k_179403.wav,fsd_179403,val
SMP_01432,cry_help,5,fsd50k,fsd50k_344039.wav,data/raw_categorized/5_cry_help/fsd50k_344039.wav,fsd_344039,train
SMP_01433,cry_help,5,fsd50k,fsd50k_179773.wav,data/raw_categorized/5_cry_help/fsd50k_179773.wav,fsd_179773,val
SMP_01434,cry_help,5,fsd50k,fsd50k_319019.wav,data/raw_categorized/5_cry_help/fsd50k_319019.wav,fsd_319019,train
SMP_01435,cry_help,5,fsd50k,fsd50k_99499.wav,data/raw_categorized/5_cry_help/fsd50k_99499.wav,fsd_99499,test
SMP_01436,cry_help,5,fsd50k,fsd50k_351770.wav,data/raw_categorized/5_cry_help/fsd50k_351770.wav,fsd_351770,train
SMP_01437,cry_help,5,fsd50k,fsd50k_197718.wav,data/raw_categorized/5_cry_help/fsd50k_197718.wav,fsd_197718,train
SMP_01438,cry_help,5,fsd50k,fsd50k_335233.wav,data/raw_categorized/5_cry_help/fsd50k_335233.wav,fsd_335233,test
SMP_01439,cry_help,5,fsd50k,fsd50k_23880.wav,data/raw_categorized/5_cry_help/fsd50k_23880.wav,fsd_23880,train
SMP_01440,cry_help,5,fsd50k,fsd50k_393769.wav,data/raw_categorized/5_cry_help/fsd50k_393769.wav,fsd_393769,train
SMP_01441,cry_help,5,fsd50k,fsd50k_259610.wav,data/raw_categorized/5_cry_help/fsd50k_259610.wav,fsd_259610,val
SMP_01442,cry_help,5,fsd50k,fsd50k_59586.wav,data/raw_categorized/5_cry_help/fsd50k_59586.wav,fsd_59586,train
SMP_01443,cry_help,5,fsd50k,fsd50k_50665.wav,data/raw_categorized/5_cry_help/fsd50k_50665.wav,fsd_50665,train
SMP_01444,cry_help,5,fsd50k,fsd50k_46964.wav,data/raw_categorized/5_cry_help/fsd50k_46964.wav,fsd_46964,train
SMP_01445,cry_help,5,fsd50k,fsd50k_180180.wav,data/raw_categorized/5_cry_help/fsd50k_180180.wav,fsd_180180,test
SMP_01446,cry_help,5,fsd50k,fsd50k_80482.wav,data/raw_categorized/5_cry_help/fsd50k_80482.wav,fsd_80482,test
SMP_01447,cry_help,5,fsd50k,fsd50k_393010.wav,data/raw_categorized/5_cry_help/fsd50k_393010.wav,fsd_393010,val
SMP_01448,cry_help,5,fsd50k,fsd50k_419421.wav,data/raw_categorized/5_cry_help/fsd50k_419421.wav,fsd_419421,train
SMP_01449,cry_help,5,fsd50k,fsd50k_180314.wav,data/raw_categorized/5_cry_help/fsd50k_180314.wav,fsd_180314,train
SMP_01450,cry_help,5,fsd50k,fsd50k_368388.wav,data/raw_categorized/5_cry_help/fsd50k_368388.wav,fsd_368388,train
SMP_01451,cry_help,5,fsd50k,fsd50k_344030.wav,data/raw_categorized/5_cry_help/fsd50k_344030.wav,fsd_344030,train
SMP_01452,cry_help,5,fsd50k,fsd50k_69155.wav,data/raw_categorized/5_cry_help/fsd50k_69155.wav,fsd_69155,val
SMP_01453,cry_help,5,fsd50k,fsd50k_71193.wav,data/raw_categorized/5_cry_help/fsd50k_71193.wav,fsd_71193,val
SMP_01454,cry_help,5,fsd50k,fsd50k_387403.wav,data/raw_categorized/5_cry_help/fsd50k_387403.wav,fsd_387403,train
SMP_01455,cry_help,5,fsd50k,fsd50k_80477.wav,data/raw_categorized/5_cry_help/fsd50k_80477.wav,fsd_80477,train
SMP_01456,cry_help,5,fsd50k,fsd50k_364481.wav,data/raw_categorized/5_cry_help/fsd50k_364481.wav,fsd_364481,train
SMP_01457,cry_help,5,fsd50k,fsd50k_27451.wav,data/raw_categorized/5_cry_help/fsd50k_27451.wav,fsd_27451,train
SMP_01458,cry_help,5,fsd50k,fsd50k_13803.wav,data/raw_categorized/5_cry_help/fsd50k_13803.wav,fsd_13803,train
SMP_01459,cry_help,5,fsd50k,fsd50k_211528.wav,data/raw_categorized/5_cry_help/fsd50k_211528.wav,fsd_211528,train
SMP_01460,cry_help,5,fsd50k,fsd50k_259606.wav,data/raw_categorized/5_cry_help/fsd50k_259606.wav,fsd_259606,val
SMP_01461,cry_help,5,fsd50k,fsd50k_254475.wav,data/raw_categorized/5_cry_help/fsd50k_254475.wav,fsd_254475,train
SMP_01462,cry_help,5,fsd50k,fsd50k_196156.wav,data/raw_categorized/5_cry_help/fsd50k_196156.wav,fsd_196156,train
SMP_01463,cry_help,5,fsd50k,fsd50k_408740.wav,data/raw_categorized/5_cry_help/fsd50k_408740.wav,fsd_408740,train
SMP_01464,cry_help,5,fsd50k,fsd50k_425776.wav,data/raw_categorized/5_cry_help/fsd50k_425776.wav,fsd_425776,test
SMP_01465,cry_help,5,fsd50k,fsd50k_346663.wav,data/raw_categorized/5_cry_help/fsd50k_346663.wav,fsd_346663,train
SMP_01466,cry_help,5,fsd50k,fsd50k_259608.wav,data/raw_categorized/5_cry_help/fsd50k_259608.wav,fsd_259608,train
SMP_01467,cry_help,5,fsd50k,fsd50k_272093.wav,data/raw_categorized/5_cry_help/fsd50k_272093.wav,fsd_272093,train
SMP_01468,cry_help,5,fsd50k,fsd50k_33673.wav,data/raw_categorized/5_cry_help/fsd50k_33673.wav,fsd_33673,test
SMP_01469,cry_help,5,fsd50k,fsd50k_387405.wav,data/raw_categorized/5_cry_help/fsd50k_387405.wav,fsd_387405,train
SMP_01470,cry_help,5,fsd50k,fsd50k_242911.wav,data/raw_categorized/5_cry_help/fsd50k_242911.wav,fsd_242911,val
SMP_01471,cry_help,5,fsd50k,fsd50k_172738.wav,data/raw_categorized/5_cry_help/fsd50k_172738.wav,fsd_172738,train
SMP_01472,cry_help,5,fsd50k,fsd50k_59457.wav,data/raw_categorized/5_cry_help/fsd50k_59457.wav,fsd_59457,train
SMP_01473,cry_help,5,fsd50k,fsd50k_217172.wav,data/raw_categorized/5_cry_help/fsd50k_217172.wav,fsd_217172,train
SMP_01474,cry_help,5,fsd50k,fsd50k_259609.wav,data/raw_categorized/5_cry_help/fsd50k_259609.wav,fsd_259609,train
SMP_01475,cry_help,5,fsd50k,fsd50k_251941.wav,data/raw_categorized/5_cry_help/fsd50k_251941.wav,fsd_251941,train
SMP_01476,cry_help,5,fsd50k,fsd50k_59455.wav,data/raw_categorized/5_cry_help/fsd50k_59455.wav,fsd_59455,train
SMP_01477,cry_help,5,fsd50k,fsd50k_162880.wav,data/raw_categorized/5_cry_help/fsd50k_162880.wav,fsd_162880,train
SMP_01478,cry_help,5,fsd50k,fsd50k_336538.wav,data/raw_categorized/5_cry_help/fsd50k_336538.wav,fsd_336538,train
SMP_01479,cry_help,5,fsd50k,fsd50k_207860.wav,data/raw_categorized/5_cry_help/fsd50k_207860.wav,fsd_207860,train
SMP_01480,cry_help,5,fsd50k,fsd50k_245300.wav,data/raw_categorized/5_cry_help/fsd50k_245300.wav,fsd_245300,train
SMP_01481,cry_help,5,fsd50k,fsd50k_34874.wav,data/raw_categorized/5_cry_help/fsd50k_34874.wav,fsd_34874,train
SMP_01482,cry_help,5,fsd50k,fsd50k_319537.wav,data/raw_categorized/5_cry_help/fsd50k_319537.wav,fsd_319537,train
SMP_01483,cry_help,5,fsd50k,fsd50k_33670.wav,data/raw_categorized/5_cry_help/fsd50k_33670.wav,fsd_33670,train
SMP_01484,cry_help,5,fsd50k,fsd50k_107351.wav,data/raw_categorized/5_cry_help/fsd50k_107351.wav,fsd_107351,train
SMP_01485,cry_help,5,fsd50k,fsd50k_179393.wav,data/raw_categorized/5_cry_help/fsd50k_179393.wav,fsd_179393,val
SMP_01486,cry_help,5,fsd50k,fsd50k_246309.wav,data/raw_categorized/5_cry_help/fsd50k_246309.wav,fsd_246309,train
SMP_01487,cry_help,5,fsd50k,fsd50k_13800.wav,data/raw_categorized/5_cry_help/fsd50k_13800.wav,fsd_13800,test
SMP_01488,cry_help,5,fsd50k,fsd50k_389774.wav,data/raw_categorized/5_cry_help/fsd50k_389774.wav,fsd_389774,train
SMP_01489,cry_help,5,fsd50k,fsd50k_263.wav,data/raw_categorized/5_cry_help/fsd50k_263.wav,fsd_263,test
SMP_01490,cry_help,5,fsd50k,fsd50k_351629.wav,data/raw_categorized/5_cry_help/fsd50k_351629.wav,fsd_351629,train
SMP_01491,cry_help,5,fsd50k,fsd50k_143919.wav,data/raw_categorized/5_cry_help/fsd50k_143919.wav,fsd_143919,test
SMP_01492,cry_help,5,fsd50k,fsd50k_58178.wav,data/raw_categorized/5_cry_help/fsd50k_58178.wav,fsd_58178,test
SMP_01493,cry_help,5,fsd50k,fsd50k_33671.wav,data/raw_categorized/5_cry_help/fsd50k_33671.wav,fsd_33671,train
SMP_01494,cry_help,5,fsd50k,fsd50k_41328.wav,data/raw_categorized/5_cry_help/fsd50k_41328.wav,fsd_41328,train
SMP_01495,cry_help,5,fsd50k,fsd50k_9428.wav,data/raw_categorized/5_cry_help/fsd50k_9428.wav,fsd_9428,train
SMP_01496,cry_help,5,fsd50k,fsd50k_22694.wav,data/raw_categorized/5_cry_help/fsd50k_22694.wav,fsd_22694,train
SMP_01497,cry_help,5,fsd50k,fsd50k_50666.wav,data/raw_categorized/5_cry_help/fsd50k_50666.wav,fsd_50666,train
SMP_01498,cry_help,5,fsd50k,fsd50k_80479.wav,data/raw_categorized/5_cry_help/fsd50k_80479.wav,fsd_80479,train
SMP_01499,cry_help,5,fsd50k,fsd50k_351634.wav,data/raw_categorized/5_cry_help/fsd50k_351634.wav,fsd_351634,train
SMP_01500,cry_help,5,fsd50k,fsd50k_45523.wav,data/raw_categorized/5_cry_help/fsd50k_45523.wav,fsd_45523,train
SMP_01501,cry_help,5,fsd50k,fsd50k_154427.wav,data/raw_categorized/5_cry_help/fsd50k_154427.wav,fsd_154427,test
SMP_01502,cry_help,5,fsd50k,fsd50k_237419.wav,data/raw_categorized/5_cry_help/fsd50k_237419.wav,fsd_237419,train
SMP_01503,cry_help,5,fsd50k,fsd50k_46963.wav,data/raw_categorized/5_cry_help/fsd50k_46963.wav,fsd_46963,train
SMP_01504,cry_help,5,fsd50k,fsd50k_326882.wav,data/raw_categorized/5_cry_help/fsd50k_326882.wav,fsd_326882,test
SMP_01505,cry_help,5,fsd50k,fsd50k_254476.wav,data/raw_categorized/5_cry_help/fsd50k_254476.wav,fsd_254476,train
SMP_01506,cry_help,5,fsd50k,fsd50k_59578.wav,data/raw_categorized/5_cry_help/fsd50k_59578.wav,fsd_59578,test
SMP_01507,cry_help,5,fsd50k,fsd50k_243661.wav,data/raw_categorized/5_cry_help/fsd50k_243661.wav,fsd_243661,train
SMP_01508,cry_help,5,fsd50k,fsd50k_113364.wav,data/raw_categorized/5_cry_help/fsd50k_113364.wav,fsd_113364,train
SMP_01509,cry_help,5,fsd50k,fsd50k_80481.wav,data/raw_categorized/5_cry_help/fsd50k_80481.wav,fsd_80481,train
SMP_01510,cry_help,5,fsd50k,fsd50k_18291.wav,data/raw_categorized/5_cry_help/fsd50k_18291.wav,fsd_18291,train
SMP_01511,cry_help,5,fsd50k,fsd50k_80480.wav,data/raw_categorized/5_cry_help/fsd50k_80480.wav,fsd_80480,train
SMP_01512,cry_help,5,fsd50k,fsd50k_189843.wav,data/raw_categorized/5_cry_help/fsd50k_189843.wav,fsd_189843,train
SMP_01513,cry_help,5,fsd50k,fsd50k_254478.wav,data/raw_categorized/5_cry_help/fsd50k_254478.wav,fsd_254478,train
SMP_01514,cry_help,5,fsd50k,fsd50k_179392.wav,data/raw_categorized/5_cry_help/fsd50k_179392.wav,fsd_179392,train
SMP_01515,cry_help,5,fsd50k,fsd50k_18276.wav,data/raw_categorized/5_cry_help/fsd50k_18276.wav,fsd_18276,train
SMP_01516,cry_help,5,fsd50k,fsd50k_271602.wav,data/raw_categorized/5_cry_help/fsd50k_271602.wav,fsd_271602,train
SMP_01517,cry_help,5,fsd50k,fsd50k_33672.wav,data/raw_categorized/5_cry_help/fsd50k_33672.wav,fsd_33672,test
SMP_01518,cry_help,5,fsd50k,fsd50k_257711.wav,data/raw_categorized/5_cry_help/fsd50k_257711.wav,fsd_257711,val
SMP_01519,cry_help,5,fsd50k,fsd50k_59453.wav,data/raw_categorized/5_cry_help/fsd50k_59453.wav,fsd_59453,train
SMP_01520,cry_help,5,fsd50k,fsd50k_343976.wav,data/raw_categorized/5_cry_help/fsd50k_343976.wav,fsd_343976,train
SMP_01521,cry_help,5,fsd50k,fsd50k_390156.wav,data/raw_categorized/5_cry_help/fsd50k_390156.wav,fsd_390156,train
SMP_01522,cry_help,5,fsd50k,fsd50k_102431.wav,data/raw_categorized/5_cry_help/fsd50k_102431.wav,fsd_102431,train
SMP_01523,cry_help,5,fsd50k,fsd50k_22693.wav,data/raw_categorized/5_cry_help/fsd50k_22693.wav,fsd_22693,train
SMP_01524,cry_help,5,fsd50k,fsd50k_332162.wav,data/raw_categorized/5_cry_help/fsd50k_332162.wav,fsd_332162,val
SMP_01525,cry_help,5,fsd50k,fsd50k_254474.wav,data/raw_categorized/5_cry_help/fsd50k_254474.wav,fsd_254474,train
SMP_01526,cry_help,5,fsd50k,fsd50k_151081.wav,data/raw_categorized/5_cry_help/fsd50k_151081.wav,fsd_151081,train
SMP_01527,cry_help,5,fsd50k,fsd50k_390256.wav,data/raw_categorized/5_cry_help/fsd50k_390256.wav,fsd_390256,train
SMP_01528,cry_help,5,fsd50k,fsd50k_386924.wav,data/raw_categorized/5_cry_help/fsd50k_386924.wav,fsd_386924,train
SMP_01529,cry_help,5,fsd50k,fsd50k_402729.wav,data/raw_categorized/5_cry_help/fsd50k_402729.wav,fsd_402729,val
SMP_01530,cry_help,5,fsd50k,fsd50k_391181.wav,data/raw_categorized/5_cry_help/fsd50k_391181.wav,fsd_391181,train
SMP_01531,cry_help,5,fsd50k,fsd50k_240186.wav,data/raw_categorized/5_cry_help/fsd50k_240186.wav,fsd_240186,val
SMP_01532,cry_help,5,fsd50k,fsd50k_157163.wav,data/raw_categorized/5_cry_help/fsd50k_157163.wav,fsd_157163,train
SMP_01533,cry_help,5,fsd50k,fsd50k_254473.wav,data/raw_categorized/5_cry_help/fsd50k_254473.wav,fsd_254473,val
SMP_01534,cry_help,5,fsd50k,fsd50k_404142.wav,data/raw_categorized/5_cry_help/fsd50k_404142.wav,fsd_404142,train
SMP_01535,cry_help,5,fsd50k,fsd50k_240372.wav,data/raw_categorized/5_cry_help/fsd50k_240372.wav,fsd_240372,train
SMP_01536,cry_help,5,fsd50k,fsd50k_398548.wav,data/raw_categorized/5_cry_help/fsd50k_398548.wav,fsd_398548,train
SMP_01537,cry_help,5,fsd50k,fsd50k_156098.wav,data/raw_categorized/5_cry_help/fsd50k_156098.wav,fsd_156098,train
SMP_01538,cry_help,5,fsd50k,fsd50k_179411.wav,data/raw_categorized/5_cry_help/fsd50k_179411.wav,fsd_179411,train
SMP_01539,cry_help,5,fsd50k,fsd50k_79598.wav,data/raw_categorized/5_cry_help/fsd50k_79598.wav,fsd_79598,test
SMP_01540,cry_help,5,fsd50k,fsd50k_250679.wav,data/raw_categorized/5_cry_help/fsd50k_250679.wav,fsd_250679,train
SMP_01541,cry_help,5,fsd50k,fsd50k_271601.wav,data/raw_categorized/5_cry_help/fsd50k_271601.wav,fsd_271601,train
SMP_01542,cry_help,5,fsd50k,fsd50k_402814.wav,data/raw_categorized/5_cry_help/fsd50k_402814.wav,fsd_402814,train
SMP_01543,cry_help,5,fsd50k,fsd50k_408621.wav,data/raw_categorized/5_cry_help/fsd50k_408621.wav,fsd_408621,train
SMP_01544,cry_help,5,fsd50k,fsd50k_14268.wav,data/raw_categorized/5_cry_help/fsd50k_14268.wav,fsd_14268,train
SMP_01545,cry_help,5,fsd50k,fsd50k_238250.wav,data/raw_categorized/5_cry_help/fsd50k_238250.wav,fsd_238250,train
SMP_01546,cry_help,5,fsd50k,fsd50k_168729.wav,data/raw_categorized/5_cry_help/fsd50k_168729.wav,fsd_168729,train
SMP_01547,cry_help,5,fsd50k,fsd50k_14265.wav,data/raw_categorized/5_cry_help/fsd50k_14265.wav,fsd_14265,train
SMP_01548,cry_help,5,fsd50k,fsd50k_9429.wav,data/raw_categorized/5_cry_help/fsd50k_9429.wav,fsd_9429,test
SMP_01549,cry_help,5,fsd50k,fsd50k_254869.wav,data/raw_categorized/5_cry_help/fsd50k_254869.wav,fsd_254869,train
SMP_01550,cry_help,5,fsd50k,fsd50k_207451.wav,data/raw_categorized/5_cry_help/fsd50k_207451.wav,fsd_207451,train
SMP_01551,cry_help,5,fsd50k,fsd50k_151085.wav,data/raw_categorized/5_cry_help/fsd50k_151085.wav,fsd_151085,train
SMP_01552,cry_help,5,fsd50k,fsd50k_168723.wav,data/raw_categorized/5_cry_help/fsd50k_168723.wav,fsd_168723,test
SMP_01553,cry_help,5,fsd50k,fsd50k_343411.wav,data/raw_categorized/5_cry_help/fsd50k_343411.wav,fsd_343411,train
SMP_01554,cry_help,5,fsd50k,fsd50k_80478.wav,data/raw_categorized/5_cry_help/fsd50k_80478.wav,fsd_80478,train
SMP_01555,cry_help,5,fsd50k,fsd50k_244456.wav,data/raw_categorized/5_cry_help/fsd50k_244456.wav,fsd_244456,test
SMP_01556,cry_help,5,fsd50k,fsd50k_136480.wav,data/raw_categorized/5_cry_help/fsd50k_136480.wav,fsd_136480,train
SMP_01557,cry_help,5,fsd50k,fsd50k_154428.wav,data/raw_categorized/5_cry_help/fsd50k_154428.wav,fsd_154428,test
SMP_01558,cry_help,5,fsd50k,fsd50k_59454.wav,data/raw_categorized/5_cry_help/fsd50k_59454.wav,fsd_59454,val
SMP_01559,cry_help,5,fsd50k,fsd50k_371303.wav,data/raw_categorized/5_cry_help/fsd50k_371303.wav,fsd_371303,val
SMP_01560,cry_help,5,fsd50k,fsd50k_154834.wav,data/raw_categorized/5_cry_help/fsd50k_154834.wav,fsd_154834,val
SMP_01561,cry_help,5,fsd50k,fsd50k_390658.wav,data/raw_categorized/5_cry_help/fsd50k_390658.wav,fsd_390658,train
SMP_01562,cry_help,5,fsd50k,fsd50k_86240.wav,data/raw_categorized/5_cry_help/fsd50k_86240.wav,fsd_86240,val
SMP_01563,cry_help,5,fsd50k,fsd50k_59579.wav,data/raw_categorized/5_cry_help/fsd50k_59579.wav,fsd_59579,train
SMP_01564,cry_help,5,fsd50k,fsd50k_39920.wav,data/raw_categorized/5_cry_help/fsd50k_39920.wav,fsd_39920,train
SMP_01565,cry_help,5,fsd50k,fsd50k_202730.wav,data/raw_categorized/5_cry_help/fsd50k_202730.wav,fsd_202730,train
SMP_01566,cry_help,5,fsd50k,fsd50k_146926.wav,data/raw_categorized/5_cry_help/fsd50k_146926.wav,fsd_146926,train
SMP_01567,cry_help,5,fsd50k,fsd50k_402835.wav,data/raw_categorized/5_cry_help/fsd50k_402835.wav,fsd_402835,train
SMP_01568,cry_help,5,fsd50k,fsd50k_18284.wav,data/raw_categorized/5_cry_help/fsd50k_18284.wav,fsd_18284,train
SMP_01569,cry_help,5,fsd50k,fsd50k_407587.wav,data/raw_categorized/5_cry_help/fsd50k_407587.wav,fsd_407587,val
SMP_01570,cry_help,5,fsd50k,fsd50k_359154.wav,data/raw_categorized/5_cry_help/fsd50k_359154.wav,fsd_359154,train
SMP_01571,cry_help,5,fsd50k,fsd50k_425002.wav,data/raw_categorized/5_cry_help/fsd50k_425002.wav,fsd_425002,train
SMP_01572,cry_help,5,fsd50k,fsd50k_386923.wav,data/raw_categorized/5_cry_help/fsd50k_386923.wav,fsd_386923,val
SMP_01573,cry_help,5,fsd50k,fsd50k_264842.wav,data/raw_categorized/5_cry_help/fsd50k_264842.wav,fsd_264842,val
SMP_01574,cry_help,5,fsd50k,fsd50k_26147.wav,data/raw_categorized/5_cry_help/fsd50k_26147.wav,fsd_26147,test
SMP_01575,cry_help,5,fsd50k,fsd50k_14269.wav,data/raw_categorized/5_cry_help/fsd50k_14269.wav,fsd_14269,train
SMP_01576,cry_help,5,fsd50k,fsd50k_13802.wav,data/raw_categorized/5_cry_help/fsd50k_13802.wav,fsd_13802,val
SMP_01577,fire_alarm_siren,6,fsd50k,fsd50k_108011.wav,data/raw_categorized/6_fire_alarm_siren/fsd50k_108011.wav,fsd_108011,train
SMP_01578,fire_alarm_siren,6,fsd50k,fsd50k_345699.wav,data/raw_categorized/6_fire_alarm_siren/fsd50k_345699.wav,fsd_345699,train
SMP_01579,fire_alarm_siren,6,fsd50k,fsd50k_275570.wav,data/raw_categorized/6_fire_alarm_siren/fsd50k_275570.wav,fsd_275570,train
SMP_01580,fire_alarm_siren,6,fsd50k,fsd50k_333659.wav,data/raw_categorized/6_fire_alarm_siren/fsd50k_333659.wav,fsd_333659,train
SMP_01581,fire_alarm_siren,6,fsd50k,fsd50k_340905.wav,data/raw_categorized/6_fire_alarm_siren/fsd50k_340905.wav,fsd_340905,val
SMP_01582,fire_alarm_siren,6,fsd50k,fsd50k_33751.wav,data/raw_categorized/6_fire_alarm_siren/fsd50k_33751.wav,fsd_33751,train
SMP_01583,fire_alarm_siren,6,fsd50k,fsd50k_72129.wav,data/raw_categorized/6_fire_alarm_siren/fsd50k_72129.wav,fsd_72129,train
SMP_01584,fire_alarm_siren,6,fsd50k,fsd50k_117567.wav,data/raw_categorized/6_fire_alarm_siren/fsd50k_117567.wav,fsd_117567,train
SMP_01585,fire_alarm_siren,6,fsd50k,fsd50k_70939.wav,data/raw_categorized/6_fire_alarm_siren/fsd50k_70939.wav,fsd_70939,train
SMP_01586,fire_alarm_siren,6,fsd50k,fsd50k_171324.wav,data/raw_categorized/6_fire_alarm_siren/fsd50k_171324.wav,fsd_171324,test
SMP_01587,fire_alarm_siren,6,fsd50k,fsd50k_328541.wav,data/raw_categorized/6_fire_alarm_siren/fsd50k_328541.wav,fsd_328541,val
SMP_01588,fire_alarm_siren,6,fsd50k,fsd50k_167546.wav,data/raw_categorized/6_fire_alarm_siren/fsd50k_167546.wav,fsd_167546,train
SMP_01589,fire_alarm_siren,6,fsd50k,fsd50k_180339.wav,data/raw_categorized/6_fire_alarm_siren/fsd50k_180339.wav,fsd_180339,test
SMP_01590,fire_alarm_siren,6,fsd50k,fsd50k_85205.wav,data/raw_categorized/6_fire_alarm_siren/fsd50k_85205.wav,fsd_85205,val
SMP_01591,fire_alarm_siren,6,fsd50k,fsd50k_117569.wav,data/raw_categorized/6_fire_alarm_siren/fsd50k_117569.wav,fsd_117569,train
SMP_01592,fire_alarm_siren,6,fsd50k,fsd50k_118040.wav,data/raw_categorized/6_fire_alarm_siren/fsd50k_118040.wav,fsd_118040,train
SMP_01593,fire_alarm_siren,6,fsd50k,fsd50k_254146.wav,data/raw_categorized/6_fire_alarm_siren/fsd50k_254146.wav,fsd_254146,train
SMP_01594,fire_alarm_siren,6,fsd50k,fsd50k_383832.wav,data/raw_categorized/6_fire_alarm_siren/fsd50k_383832.wav,fsd_383832,val
SMP_01595,fire_alarm_siren,6,fsd50k,fsd50k_129657.wav,data/raw_categorized/6_fire_alarm_siren/fsd50k_129657.wav,fsd_129657,train
SMP_01596,fire_alarm_siren,6,fsd50k,fsd50k_391557.wav,data/raw_categorized/6_fire_alarm_siren/fsd50k_391557.wav,fsd_391557,train
SMP_01597,fire_alarm_siren,6,fsd50k,fsd50k_273344.wav,data/raw_categorized/6_fire_alarm_siren/fsd50k_273344.wav,fsd_273344,train
SMP_01598,fire_alarm_siren,6,fsd50k,fsd50k_243607.wav,data/raw_categorized/6_fire_alarm_siren/fsd50k_243607.wav,fsd_243607,train
SMP_01599,fire_alarm_siren,6,fsd50k,fsd50k_57809.wav,data/raw_categorized/6_fire_alarm_siren/fsd50k_57809.wav,fsd_57809,train
SMP_01600,fire_alarm_siren,6,fsd50k,fsd50k_121904.wav,data/raw_categorized/6_fire_alarm_siren/fsd50k_121904.wav,fsd_121904,train
SMP_01601,fire_alarm_siren,6,fsd50k,fsd50k_434124.wav,data/raw_categorized/6_fire_alarm_siren/fsd50k_434124.wav,fsd_434124,train
SMP_01602,fire_alarm_siren,6,fsd50k,fsd50k_381728.wav,data/raw_categorized/6_fire_alarm_siren/fsd50k_381728.wav,fsd_381728,train
SMP_01603,fire_alarm_siren,6,fsd50k,fsd50k_33739.wav,data/raw_categorized/6_fire_alarm_siren/fsd50k_33739.wav,fsd_33739,train
SMP_01604,fire_alarm_siren,6,fsd50k,fsd50k_250654.wav,data/raw_categorized/6_fire_alarm_siren/fsd50k_250654.wav,fsd_250654,train
SMP_01605,fire_alarm_siren,6,fsd50k,fsd50k_156123.wav,data/raw_categorized/6_fire_alarm_siren/fsd50k_156123.wav,fsd_156123,train
SMP_01606,fire_alarm_siren,6,fsd50k,fsd50k_24271.wav,data/raw_categorized/6_fire_alarm_siren/fsd50k_24271.wav,fsd_24271,train
SMP_01607,fire_alarm_siren,6,fsd50k,fsd50k_38229.wav,data/raw_categorized/6_fire_alarm_siren/fsd50k_38229.wav,fsd_38229,test
SMP_01608,fire_alarm_siren,6,fsd50k,fsd50k_215819.wav,data/raw_categorized/6_fire_alarm_siren/fsd50k_215819.wav,fsd_215819,train
SMP_01609,fire_alarm_siren,6,fsd50k,fsd50k_137774.wav,data/raw_categorized/6_fire_alarm_siren/fsd50k_137774.wav,fsd_137774,test
SMP_01610,fire_alarm_siren,6,fsd50k,fsd50k_342656.wav,data/raw_categorized/6_fire_alarm_siren/fsd50k_342656.wav,fsd_342656,val
SMP_01611,fire_alarm_siren,6,fsd50k,fsd50k_157468.wav,data/raw_categorized/6_fire_alarm_siren/fsd50k_157468.wav,fsd_157468,val
SMP_01612,fire_alarm_siren,6,fsd50k,fsd50k_189766.wav,data/raw_categorized/6_fire_alarm_siren/fsd50k_189766.wav,fsd_189766,test
SMP_01613,fire_alarm_siren,6,fsd50k,fsd50k_186474.wav,data/raw_categorized/6_fire_alarm_siren/fsd50k_186474.wav,fsd_186474,train
SMP_01614,fire_alarm_siren,6,fsd50k,fsd50k_434085.wav,data/raw_categorized/6_fire_alarm_siren/fsd50k_434085.wav,fsd_434085,train
SMP_01615,fire_alarm_siren,6,fsd50k,fsd50k_344424.wav,data/raw_categorized/6_fire_alarm_siren/fsd50k_344424.wav,fsd_344424,train
SMP_01616,fire_alarm_siren,6,fsd50k,fsd50k_196370.wav,data/raw_categorized/6_fire_alarm_siren/fsd50k_196370.wav,fsd_196370,val
SMP_01617,fire_alarm_siren,6,fsd50k,fsd50k_5635.wav,data/raw_categorized/6_fire_alarm_siren/fsd50k_5635.wav,fsd_5635,train
SMP_01618,fire_alarm_siren,6,fsd50k,fsd50k_380398.wav,data/raw_categorized/6_fire_alarm_siren/fsd50k_380398.wav,fsd_380398,train
SMP_01619,fire_alarm_siren,6,fsd50k,fsd50k_383627.wav,data/raw_categorized/6_fire_alarm_siren/fsd50k_383627.wav,fsd_383627,val
SMP_01620,fire_alarm_siren,6,fsd50k,fsd50k_253713.wav,data/raw_categorized/6_fire_alarm_siren/fsd50k_253713.wav,fsd_253713,test
SMP_01621,fire_alarm_siren,6,fsd50k,fsd50k_235962.wav,data/raw_categorized/6_fire_alarm_siren/fsd50k_235962.wav,fsd_235962,train
SMP_01622,fire_alarm_siren,6,fsd50k,fsd50k_169209.wav,data/raw_categorized/6_fire_alarm_siren/fsd50k_169209.wav,fsd_169209,train
SMP_01623,fire_alarm_siren,6,fsd50k,fsd50k_126561.wav,data/raw_categorized/6_fire_alarm_siren/fsd50k_126561.wav,fsd_126561,train
SMP_01624,fire_alarm_siren,6,fsd50k,fsd50k_196259.wav,data/raw_categorized/6_fire_alarm_siren/fsd50k_196259.wav,fsd_196259,train
SMP_01625,fire_alarm_siren,6,fsd50k,fsd50k_268015.wav,data/raw_categorized/6_fire_alarm_siren/fsd50k_268015.wav,fsd_268015,train
SMP_01626,fire_alarm_siren,6,fsd50k,fsd50k_262853.wav,data/raw_categorized/6_fire_alarm_siren/fsd50k_262853.wav,fsd_262853,val
SMP_01627,fire_alarm_siren,6,fsd50k,fsd50k_249835.wav,data/raw_categorized/6_fire_alarm_siren/fsd50k_249835.wav,fsd_249835,train
SMP_01628,fire_alarm_siren,6,fsd50k,fsd50k_170847.wav,data/raw_categorized/6_fire_alarm_siren/fsd50k_170847.wav,fsd_170847,train
SMP_01629,fire_alarm_siren,6,fsd50k,fsd50k_322469.wav,data/raw_categorized/6_fire_alarm_siren/fsd50k_322469.wav,fsd_322469,val
SMP_01630,fire_alarm_siren,6,fsd50k,fsd50k_164090.wav,data/raw_categorized/6_fire_alarm_siren/fsd50k_164090.wav,fsd_164090,test
SMP_01631,fire_alarm_siren,6,fsd50k,fsd50k_175853.wav,data/raw_categorized/6_fire_alarm_siren/fsd50k_175853.wav,fsd_175853,train
SMP_01632,fire_alarm_siren,6,fsd50k,fsd50k_397621.wav,data/raw_categorized/6_fire_alarm_siren/fsd50k_397621.wav,fsd_397621,train
SMP_01633,fire_alarm_siren,6,fsd50k,fsd50k_33723.wav,data/raw_categorized/6_fire_alarm_siren/fsd50k_33723.wav,fsd_33723,train
SMP_01634,fire_alarm_siren,6,fsd50k,fsd50k_324459.wav,data/raw_categorized/6_fire_alarm_siren/fsd50k_324459.wav,fsd_324459,train
SMP_01635,fire_alarm_siren,6,fsd50k,fsd50k_117126.wav,data/raw_categorized/6_fire_alarm_siren/fsd50k_117126.wav,fsd_117126,train
SMP_01636,fire_alarm_siren,6,fsd50k,fsd50k_80355.wav,data/raw_categorized/6_fire_alarm_siren/fsd50k_80355.wav,fsd_80355,test
SMP_01637,fire_alarm_siren,6,fsd50k,fsd50k_380772.wav,data/raw_categorized/6_fire_alarm_siren/fsd50k_380772.wav,fsd_380772,train
SMP_01638,fire_alarm_siren,6,fsd50k,fsd50k_379034.wav,data/raw_categorized/6_fire_alarm_siren/fsd50k_379034.wav,fsd_379034,train
SMP_01639,fire_alarm_siren,6,fsd50k,fsd50k_232210.wav,data/raw_categorized/6_fire_alarm_siren/fsd50k_232210.wav,fsd_232210,train
SMP_01640,fire_alarm_siren,6,fsd50k,fsd50k_345275.wav,data/raw_categorized/6_fire_alarm_siren/fsd50k_345275.wav,fsd_345275,train
SMP_01641,fire_alarm_siren,6,fsd50k,fsd50k_401132.wav,data/raw_categorized/6_fire_alarm_siren/fsd50k_401132.wav,fsd_401132,train
SMP_01642,fire_alarm_siren,6,fsd50k,fsd50k_106831.wav,data/raw_categorized/6_fire_alarm_siren/fsd50k_106831.wav,fsd_106831,train
SMP_01643,fire_alarm_siren,6,fsd50k,fsd50k_250096.wav,data/raw_categorized/6_fire_alarm_siren/fsd50k_250096.wav,fsd_250096,train
SMP_01644,fire_alarm_siren,6,fsd50k,fsd50k_198612.wav,data/raw_categorized/6_fire_alarm_siren/fsd50k_198612.wav,fsd_198612,train
SMP_01645,fire_alarm_siren,6,fsd50k,fsd50k_120557.wav,data/raw_categorized/6_fire_alarm_siren/fsd50k_120557.wav,fsd_120557,train
SMP_01646,fire_alarm_siren,6,fsd50k,fsd50k_275558.wav,data/raw_categorized/6_fire_alarm_siren/fsd50k_275558.wav,fsd_275558,train
SMP_01647,fire_alarm_siren,6,fsd50k,fsd50k_76925.wav,data/raw_categorized/6_fire_alarm_siren/fsd50k_76925.wav,fsd_76925,train
SMP_01648,fire_alarm_siren,6,fsd50k,fsd50k_236799.wav,data/raw_categorized/6_fire_alarm_siren/fsd50k_236799.wav,fsd_236799,train
SMP_01649,fire_alarm_siren,6,fsd50k,fsd50k_202258.wav,data/raw_categorized/6_fire_alarm_siren/fsd50k_202258.wav,fsd_202258,train
SMP_01650,fire_alarm_siren,6,fsd50k,fsd50k_81072.wav,data/raw_categorized/6_fire_alarm_siren/fsd50k_81072.wav,fsd_81072,train
SMP_01651,fire_alarm_siren,6,fsd50k,fsd50k_100461.wav,data/raw_categorized/6_fire_alarm_siren/fsd50k_100461.wav,fsd_100461,train
SMP_01652,fire_alarm_siren,6,fsd50k,fsd50k_24929.wav,data/raw_categorized/6_fire_alarm_siren/fsd50k_24929.wav,fsd_24929,train
SMP_01653,fire_alarm_siren,6,fsd50k,fsd50k_117561.wav,data/raw_categorized/6_fire_alarm_siren/fsd50k_117561.wav,fsd_117561,val
SMP_01654,fire_alarm_siren,6,fsd50k,fsd50k_117120.wav,data/raw_categorized/6_fire_alarm_siren/fsd50k_117120.wav,fsd_117120,train
SMP_01655,fire_alarm_siren,6,fsd50k,fsd50k_432063.wav,data/raw_categorized/6_fire_alarm_siren/fsd50k_432063.wav,fsd_432063,val
SMP_01656,fire_alarm_siren,6,fsd50k,fsd50k_104475.wav,data/raw_categorized/6_fire_alarm_siren/fsd50k_104475.wav,fsd_104475,val
SMP_01657,fire_alarm_siren,6,fsd50k,fsd50k_163561.wav,data/raw_categorized/6_fire_alarm_siren/fsd50k_163561.wav,fsd_163561,test
SMP_01658,fire_alarm_siren,6,fsd50k,fsd50k_121908.wav,data/raw_categorized/6_fire_alarm_siren/fsd50k_121908.wav,fsd_121908,val
SMP_01659,fire_alarm_siren,6,fsd50k,fsd50k_204426.wav,data/raw_categorized/6_fire_alarm_siren/fsd50k_204426.wav,fsd_204426,train
SMP_01660,fire_alarm_siren,6,fsd50k,fsd50k_33742.wav,data/raw_categorized/6_fire_alarm_siren/fsd50k_33742.wav,fsd_33742,train
SMP_01661,fire_alarm_siren,6,fsd50k,fsd50k_262897.wav,data/raw_categorized/6_fire_alarm_siren/fsd50k_262897.wav,fsd_262897,train
SMP_01662,fire_alarm_siren,6,fsd50k,fsd50k_337657.wav,data/raw_categorized/6_fire_alarm_siren/fsd50k_337657.wav,fsd_337657,train
SMP_01663,fire_alarm_siren,6,fsd50k,fsd50k_164036.wav,data/raw_categorized/6_fire_alarm_siren/fsd50k_164036.wav,fsd_164036,train
SMP_01664,fire_alarm_siren,6,fsd50k,fsd50k_394655.wav,data/raw_categorized/6_fire_alarm_siren/fsd50k_394655.wav,fsd_394655,train
SMP_01665,fire_alarm_siren,6,fsd50k,fsd50k_62502.wav,data/raw_categorized/6_fire_alarm_siren/fsd50k_62502.wav,fsd_62502,train
SMP_01666,fire_alarm_siren,6,fsd50k,fsd50k_171113.wav,data/raw_categorized/6_fire_alarm_siren/fsd50k_171113.wav,fsd_171113,train
SMP_01667,fire_alarm_siren,6,fsd50k,fsd50k_36170.wav,data/raw_categorized/6_fire_alarm_siren/fsd50k_36170.wav,fsd_36170,train
SMP_01668,fire_alarm_siren,6,fsd50k,fsd50k_223562.wav,data/raw_categorized/6_fire_alarm_siren/fsd50k_223562.wav,fsd_223562,train
SMP_01669,fire_alarm_siren,6,fsd50k,fsd50k_271110.wav,data/raw_categorized/6_fire_alarm_siren/fsd50k_271110.wav,fsd_271110,train
SMP_01670,fire_alarm_siren,6,fsd50k,fsd50k_253314.wav,data/raw_categorized/6_fire_alarm_siren/fsd50k_253314.wav,fsd_253314,train
SMP_01671,fire_alarm_siren,6,fsd50k,fsd50k_392742.wav,data/raw_categorized/6_fire_alarm_siren/fsd50k_392742.wav,fsd_392742,test
SMP_01672,fire_alarm_siren,6,fsd50k,fsd50k_9392.wav,data/raw_categorized/6_fire_alarm_siren/fsd50k_9392.wav,fsd_9392,train
SMP_01673,fire_alarm_siren,6,fsd50k,fsd50k_99630.wav,data/raw_categorized/6_fire_alarm_siren/fsd50k_99630.wav,fsd_99630,train
SMP_01674,fire_alarm_siren,6,fsd50k,fsd50k_267967.wav,data/raw_categorized/6_fire_alarm_siren/fsd50k_267967.wav,fsd_267967,train
SMP_01675,fire_alarm_siren,6,fsd50k,fsd50k_371292.wav,data/raw_categorized/6_fire_alarm_siren/fsd50k_371292.wav,fsd_371292,train
SMP_01676,fire_alarm_siren,6,fsd50k,fsd50k_428526.wav,data/raw_categorized/6_fire_alarm_siren/fsd50k_428526.wav,fsd_428526,val
SMP_01677,fire_alarm_siren,6,fsd50k,fsd50k_245888.wav,data/raw_categorized/6_fire_alarm_siren/fsd50k_245888.wav,fsd_245888,val
SMP_01678,fire_alarm_siren,6,fsd50k,fsd50k_58550.wav,data/raw_categorized/6_fire_alarm_siren/fsd50k_58550.wav,fsd_58550,train
SMP_01679,fire_alarm_siren,6,fsd50k,fsd50k_330601.wav,data/raw_categorized/6_fire_alarm_siren/fsd50k_330601.wav,fsd_330601,train
SMP_01680,fire_alarm_siren,6,fsd50k,fsd50k_196838.wav,data/raw_categorized/6_fire_alarm_siren/fsd50k_196838.wav,fsd_196838,test
SMP_01681,fire_alarm_siren,6,fsd50k,fsd50k_348325.wav,data/raw_categorized/6_fire_alarm_siren/fsd50k_348325.wav,fsd_348325,train
SMP_01682,fire_alarm_siren,6,fsd50k,fsd50k_233062.wav,data/raw_categorized/6_fire_alarm_siren/fsd50k_233062.wav,fsd_233062,train
SMP_01683,fire_alarm_siren,6,fsd50k,fsd50k_234565.wav,data/raw_categorized/6_fire_alarm_siren/fsd50k_234565.wav,fsd_234565,train
SMP_01684,fire_alarm_siren,6,fsd50k,fsd50k_393179.wav,data/raw_categorized/6_fire_alarm_siren/fsd50k_393179.wav,fsd_393179,test
SMP_01685,fire_alarm_siren,6,fsd50k,fsd50k_337257.wav,data/raw_categorized/6_fire_alarm_siren/fsd50k_337257.wav,fsd_337257,train
SMP_01686,fire_alarm_siren,6,fsd50k,fsd50k_52004.wav,data/raw_categorized/6_fire_alarm_siren/fsd50k_52004.wav,fsd_52004,train
SMP_01687,air_leak_hiss,8,fsd50k,fsd50k_87316.wav,data/raw_categorized/8_air_leak_hiss/fsd50k_87316.wav,fsd_87316,train
SMP_01688,air_leak_hiss,8,fsd50k,fsd50k_395396.wav,data/raw_categorized/8_air_leak_hiss/fsd50k_395396.wav,fsd_395396,test
SMP_01689,air_leak_hiss,8,fsd50k,fsd50k_170740.wav,data/raw_categorized/8_air_leak_hiss/fsd50k_170740.wav,fsd_170740,test
SMP_01690,air_leak_hiss,8,fsd50k,fsd50k_181919.wav,data/raw_categorized/8_air_leak_hiss/fsd50k_181919.wav,fsd_181919,train
SMP_01691,air_leak_hiss,8,fsd50k,fsd50k_404533.wav,data/raw_categorized/8_air_leak_hiss/fsd50k_404533.wav,fsd_404533,train
SMP_01692,air_leak_hiss,8,fsd50k,fsd50k_240263.wav,data/raw_categorized/8_air_leak_hiss/fsd50k_240263.wav,fsd_240263,train
SMP_01693,air_leak_hiss,8,fsd50k,fsd50k_327559.wav,data/raw_categorized/8_air_leak_hiss/fsd50k_327559.wav,fsd_327559,train
SMP_01694,air_leak_hiss,8,fsd50k,fsd50k_279044.wav,data/raw_categorized/8_air_leak_hiss/fsd50k_279044.wav,fsd_279044,train
SMP_01695,air_leak_hiss,8,fsd50k,fsd50k_316916.wav,data/raw_categorized/8_air_leak_hiss/fsd50k_316916.wav,fsd_316916,train
SMP_01696,air_leak_hiss,8,fsd50k,fsd50k_25824.wav,data/raw_categorized/8_air_leak_hiss/fsd50k_25824.wav,fsd_25824,val
SMP_01697,air_leak_hiss,8,fsd50k,fsd50k_31626.wav,data/raw_categorized/8_air_leak_hiss/fsd50k_31626.wav,fsd_31626,train
SMP_01698,air_leak_hiss,8,fsd50k,fsd50k_328908.wav,data/raw_categorized/8_air_leak_hiss/fsd50k_328908.wav,fsd_328908,train
SMP_01699,air_leak_hiss,8,fsd50k,fsd50k_240381.wav,data/raw_categorized/8_air_leak_hiss/fsd50k_240381.wav,fsd_240381,train
SMP_01700,air_leak_hiss,8,fsd50k,fsd50k_58326.wav,data/raw_categorized/8_air_leak_hiss/fsd50k_58326.wav,fsd_58326,test
SMP_01701,air_leak_hiss,8,fsd50k,fsd50k_319939.wav,data/raw_categorized/8_air_leak_hiss/fsd50k_319939.wav,fsd_319939,train
SMP_01702,air_leak_hiss,8,fsd50k,fsd50k_166921.wav,data/raw_categorized/8_air_leak_hiss/fsd50k_166921.wav,fsd_166921,train
SMP_01703,air_leak_hiss,8,fsd50k,fsd50k_345092.wav,data/raw_categorized/8_air_leak_hiss/fsd50k_345092.wav,fsd_345092,train
SMP_01704,air_leak_hiss,8,fsd50k,fsd50k_110106.wav,data/raw_categorized/8_air_leak_hiss/fsd50k_110106.wav,fsd_110106,val
SMP_01705,air_leak_hiss,8,fsd50k,fsd50k_426780.wav,data/raw_categorized/8_air_leak_hiss/fsd50k_426780.wav,fsd_426780,train
SMP_01706,air_leak_hiss,8,fsd50k,fsd50k_146960.wav,data/raw_categorized/8_air_leak_hiss/fsd50k_146960.wav,fsd_146960,train
SMP_01707,air_leak_hiss,8,fsd50k,fsd50k_241562.wav,data/raw_categorized/8_air_leak_hiss/fsd50k_241562.wav,fsd_241562,train
SMP_01708,air_leak_hiss,8,fsd50k,fsd50k_424971.wav,data/raw_categorized/8_air_leak_hiss/fsd50k_424971.wav,fsd_424971,train
SMP_01709,air_leak_hiss,8,fsd50k,fsd50k_340254.wav,data/raw_categorized/8_air_leak_hiss/fsd50k_340254.wav,fsd_340254,train
SMP_01710,air_leak_hiss,8,fsd50k,fsd50k_390159.wav,data/raw_categorized/8_air_leak_hiss/fsd50k_390159.wav,fsd_390159,val
SMP_01711,air_leak_hiss,8,fsd50k,fsd50k_341200.wav,data/raw_categorized/8_air_leak_hiss/fsd50k_341200.wav,fsd_341200,train
SMP_01712,air_leak_hiss,8,fsd50k,fsd50k_343927.wav,data/raw_categorized/8_air_leak_hiss/fsd50k_343927.wav,fsd_343927,train
SMP_01713,air_leak_hiss,8,fsd50k,fsd50k_66364.wav,data/raw_categorized/8_air_leak_hiss/fsd50k_66364.wav,fsd_66364,val
SMP_01714,air_leak_hiss,8,fsd50k,fsd50k_120898.wav,data/raw_categorized/8_air_leak_hiss/fsd50k_120898.wav,fsd_120898,val
SMP_01715,air_leak_hiss,8,fsd50k,fsd50k_16797.wav,data/raw_categorized/8_air_leak_hiss/fsd50k_16797.wav,fsd_16797,train
SMP_01716,air_leak_hiss,8,fsd50k,fsd50k_211096.wav,data/raw_categorized/8_air_leak_hiss/fsd50k_211096.wav,fsd_211096,test
SMP_01717,air_leak_hiss,8,fsd50k,fsd50k_379115.wav,data/raw_categorized/8_air_leak_hiss/fsd50k_379115.wav,fsd_379115,val
SMP_01718,air_leak_hiss,8,fsd50k,fsd50k_261377.wav,data/raw_categorized/8_air_leak_hiss/fsd50k_261377.wav,fsd_261377,train
SMP_01719,air_leak_hiss,8,fsd50k,fsd50k_237471.wav,data/raw_categorized/8_air_leak_hiss/fsd50k_237471.wav,fsd_237471,val
SMP_01720,air_leak_hiss,8,fsd50k,fsd50k_427227.wav,data/raw_categorized/8_air_leak_hiss/fsd50k_427227.wav,fsd_427227,train
SMP_01721,air_leak_hiss,8,fsd50k,fsd50k_250703.wav,data/raw_categorized/8_air_leak_hiss/fsd50k_250703.wav,fsd_250703,train
SMP_01722,air_leak_hiss,8,fsd50k,fsd50k_420004.wav,data/raw_categorized/8_air_leak_hiss/fsd50k_420004.wav,fsd_420004,val
SMP_01723,air_leak_hiss,8,fsd50k,fsd50k_90143.wav,data/raw_categorized/8_air_leak_hiss/fsd50k_90143.wav,fsd_90143,train
SMP_01724,air_leak_hiss,8,fsd50k,fsd50k_14160.wav,data/raw_categorized/8_air_leak_hiss/fsd50k_14160.wav,fsd_14160,train
SMP_01725,air_leak_hiss,8,fsd50k,fsd50k_352904.wav,data/raw_categorized/8_air_leak_hiss/fsd50k_352904.wav,fsd_352904,train
SMP_01726,air_leak_hiss,8,fsd50k,fsd50k_181480.wav,data/raw_categorized/8_air_leak_hiss/fsd50k_181480.wav,fsd_181480,train
SMP_01727,air_leak_hiss,8,fsd50k,fsd50k_71899.wav,data/raw_categorized/8_air_leak_hiss/fsd50k_71899.wav,fsd_71899,train
SMP_01728,air_leak_hiss,8,fsd50k,fsd50k_17556.wav,data/raw_categorized/8_air_leak_hiss/fsd50k_17556.wav,fsd_17556,train
SMP_01729,air_leak_hiss,8,fsd50k,fsd50k_24223.wav,data/raw_categorized/8_air_leak_hiss/fsd50k_24223.wav,fsd_24223,train
SMP_01730,air_leak_hiss,8,fsd50k,fsd50k_405754.wav,data/raw_categorized/8_air_leak_hiss/fsd50k_405754.wav,fsd_405754,train
SMP_01731,air_leak_hiss,8,fsd50k,fsd50k_60978.wav,data/raw_categorized/8_air_leak_hiss/fsd50k_60978.wav,fsd_60978,val
SMP_01732,air_leak_hiss,8,fsd50k,fsd50k_409010.wav,data/raw_categorized/8_air_leak_hiss/fsd50k_409010.wav,fsd_409010,train
SMP_01733,air_leak_hiss,8,fsd50k,fsd50k_366760.wav,data/raw_categorized/8_air_leak_hiss/fsd50k_366760.wav,fsd_366760,train
SMP_01734,air_leak_hiss,8,fsd50k,fsd50k_326960.wav,data/raw_categorized/8_air_leak_hiss/fsd50k_326960.wav,fsd_326960,train
SMP_01735,air_leak_hiss,8,fsd50k,fsd50k_277360.wav,data/raw_categorized/8_air_leak_hiss/fsd50k_277360.wav,fsd_277360,test
SMP_01736,air_leak_hiss,8,fsd50k,fsd50k_137174.wav,data/raw_categorized/8_air_leak_hiss/fsd50k_137174.wav,fsd_137174,val
SMP_01737,air_leak_hiss,8,fsd50k,fsd50k_180174.wav,data/raw_categorized/8_air_leak_hiss/fsd50k_180174.wav,fsd_180174,train
SMP_01738,air_leak_hiss,8,fsd50k,fsd50k_417608.wav,data/raw_categorized/8_air_leak_hiss/fsd50k_417608.wav,fsd_417608,train
SMP_01739,air_leak_hiss,8,fsd50k,fsd50k_25718.wav,data/raw_categorized/8_air_leak_hiss/fsd50k_25718.wav,fsd_25718,val
SMP_01740,air_leak_hiss,8,fsd50k,fsd50k_344723.wav,data/raw_categorized/8_air_leak_hiss/fsd50k_344723.wav,fsd_344723,train
SMP_01741,air_leak_hiss,8,fsd50k,fsd50k_184789.wav,data/raw_categorized/8_air_leak_hiss/fsd50k_184789.wav,fsd_184789,test
SMP_01742,air_leak_hiss,8,fsd50k,fsd50k_405425.wav,data/raw_categorized/8_air_leak_hiss/fsd50k_405425.wav,fsd_405425,train
SMP_01743,air_leak_hiss,8,fsd50k,fsd50k_382718.wav,data/raw_categorized/8_air_leak_hiss/fsd50k_382718.wav,fsd_382718,train
SMP_01744,air_leak_hiss,8,fsd50k,fsd50k_365495.wav,data/raw_categorized/8_air_leak_hiss/fsd50k_365495.wav,fsd_365495,train
SMP_01745,air_leak_hiss,8,fsd50k,fsd50k_26401.wav,data/raw_categorized/8_air_leak_hiss/fsd50k_26401.wav,fsd_26401,train
SMP_01746,air_leak_hiss,8,fsd50k,fsd50k_160350.wav,data/raw_categorized/8_air_leak_hiss/fsd50k_160350.wav,fsd_160350,train
SMP_01747,air_leak_hiss,8,fsd50k,fsd50k_170739.wav,data/raw_categorized/8_air_leak_hiss/fsd50k_170739.wav,fsd_170739,train
SMP_01748,air_leak_hiss,8,fsd50k,fsd50k_184606.wav,data/raw_categorized/8_air_leak_hiss/fsd50k_184606.wav,fsd_184606,train
SMP_01749,air_leak_hiss,8,fsd50k,fsd50k_178900.wav,data/raw_categorized/8_air_leak_hiss/fsd50k_178900.wav,fsd_178900,val
SMP_01750,air_leak_hiss,8,fsd50k,fsd50k_184519.wav,data/raw_categorized/8_air_leak_hiss/fsd50k_184519.wav,fsd_184519,test
SMP_01751,air_leak_hiss,8,fsd50k,fsd50k_216012.wav,data/raw_categorized/8_air_leak_hiss/fsd50k_216012.wav,fsd_216012,val
SMP_01752,air_leak_hiss,8,fsd50k,fsd50k_170738.wav,data/raw_categorized/8_air_leak_hiss/fsd50k_170738.wav,fsd_170738,test
SMP_01753,air_leak_hiss,8,fsd50k,fsd50k_343091.wav,data/raw_categorized/8_air_leak_hiss/fsd50k_343091.wav,fsd_343091,train
SMP_01754,air_leak_hiss,8,fsd50k,fsd50k_344224.wav,data/raw_categorized/8_air_leak_hiss/fsd50k_344224.wav,fsd_344224,train
SMP_01755,air_leak_hiss,8,fsd50k,fsd50k_333450.wav,data/raw_categorized/8_air_leak_hiss/fsd50k_333450.wav,fsd_333450,train
SMP_01756,air_leak_hiss,8,fsd50k,fsd50k_363103.wav,data/raw_categorized/8_air_leak_hiss/fsd50k_363103.wav,fsd_363103,train
SMP_01757,air_leak_hiss,8,fsd50k,fsd50k_108842.wav,data/raw_categorized/8_air_leak_hiss/fsd50k_108842.wav,fsd_108842,val
SMP_01758,air_leak_hiss,8,fsd50k,fsd50k_101799.wav,data/raw_categorized/8_air_leak_hiss/fsd50k_101799.wav,fsd_101799,test
SMP_01759,air_leak_hiss,8,fsd50k,fsd50k_187332.wav,data/raw_categorized/8_air_leak_hiss/fsd50k_187332.wav,fsd_187332,test
SMP_01760,air_leak_hiss,8,fsd50k,fsd50k_234782.wav,data/raw_categorized/8_air_leak_hiss/fsd50k_234782.wav,fsd_234782,train
SMP_01761,air_leak_hiss,8,fsd50k,fsd50k_140716.wav,data/raw_categorized/8_air_leak_hiss/fsd50k_140716.wav,fsd_140716,train
SMP_01762,air_leak_hiss,8,fsd50k,fsd50k_51227.wav,data/raw_categorized/8_air_leak_hiss/fsd50k_51227.wav,fsd_51227,train
SMP_01763,air_leak_hiss,8,fsd50k,fsd50k_66109.wav,data/raw_categorized/8_air_leak_hiss/fsd50k_66109.wav,fsd_66109,train
SMP_01764,air_leak_hiss,8,fsd50k,fsd50k_213150.wav,data/raw_categorized/8_air_leak_hiss/fsd50k_213150.wav,fsd_213150,val
SMP_01765,air_leak_hiss,8,fsd50k,fsd50k_381737.wav,data/raw_categorized/8_air_leak_hiss/fsd50k_381737.wav,fsd_381737,train
SMP_01766,air_leak_hiss,8,fsd50k,fsd50k_207135.wav,data/raw_categorized/8_air_leak_hiss/fsd50k_207135.wav,fsd_207135,train
SMP_01767,air_leak_hiss,8,fsd50k,fsd50k_263116.wav,data/raw_categorized/8_air_leak_hiss/fsd50k_263116.wav,fsd_263116,train
SMP_01768,air_leak_hiss,8,fsd50k,fsd50k_399548.wav,data/raw_categorized/8_air_leak_hiss/fsd50k_399548.wav,fsd_399548,train
SMP_01769,air_leak_hiss,8,fsd50k,fsd50k_395296.wav,data/raw_categorized/8_air_leak_hiss/fsd50k_395296.wav,fsd_395296,train
SMP_01770,air_leak_hiss,8,fsd50k,fsd50k_182359.wav,data/raw_categorized/8_air_leak_hiss/fsd50k_182359.wav,fsd_182359,test
SMP_01771,air_leak_hiss,8,fsd50k,fsd50k_343743.wav,data/raw_categorized/8_air_leak_hiss/fsd50k_343743.wav,fsd_343743,test
SMP_01772,air_leak_hiss,8,fsd50k,fsd50k_96928.wav,data/raw_categorized/8_air_leak_hiss/fsd50k_96928.wav,fsd_96928,train
SMP_01773,air_leak_hiss,8,fsd50k,fsd50k_241925.wav,data/raw_categorized/8_air_leak_hiss/fsd50k_241925.wav,fsd_241925,val
SMP_01774,air_leak_hiss,8,fsd50k,fsd50k_141365.wav,data/raw_categorized/8_air_leak_hiss/fsd50k_141365.wav,fsd_141365,train
SMP_01775,air_leak_hiss,8,fsd50k,fsd50k_387239.wav,data/raw_categorized/8_air_leak_hiss/fsd50k_387239.wav,fsd_387239,train
SMP_01776,air_leak_hiss,8,fsd50k,fsd50k_365104.wav,data/raw_categorized/8_air_leak_hiss/fsd50k_365104.wav,fsd_365104,val
SMP_01777,air_leak_hiss,8,fsd50k,fsd50k_332975.wav,data/raw_categorized/8_air_leak_hiss/fsd50k_332975.wav,fsd_332975,train
SMP_01778,air_leak_hiss,8,fsd50k,fsd50k_172748.wav,data/raw_categorized/8_air_leak_hiss/fsd50k_172748.wav,fsd_172748,train
SMP_01779,air_leak_hiss,8,fsd50k,fsd50k_254339.wav,data/raw_categorized/8_air_leak_hiss/fsd50k_254339.wav,fsd_254339,train
SMP_01780,air_leak_hiss,8,fsd50k,fsd50k_265366.wav,data/raw_categorized/8_air_leak_hiss/fsd50k_265366.wav,fsd_265366,val
SMP_01781,air_leak_hiss,8,fsd50k,fsd50k_174628.wav,data/raw_categorized/8_air_leak_hiss/fsd50k_174628.wav,fsd_174628,train
SMP_01782,air_leak_hiss,8,fsd50k,fsd50k_40138.wav,data/raw_categorized/8_air_leak_hiss/fsd50k_40138.wav,fsd_40138,train
SMP_01783,air_leak_hiss,8,fsd50k,fsd50k_201899.wav,data/raw_categorized/8_air_leak_hiss/fsd50k_201899.wav,fsd_201899,train
SMP_01784,air_leak_hiss,8,fsd50k,fsd50k_112379.wav,data/raw_categorized/8_air_leak_hiss/fsd50k_112379.wav,fsd_112379,train
SMP_01785,air_leak_hiss,8,fsd50k,fsd50k_395883.wav,data/raw_categorized/8_air_leak_hiss/fsd50k_395883.wav,fsd_395883,test
SMP_01786,air_leak_hiss,8,fsd50k,fsd50k_426571.wav,data/raw_categorized/8_air_leak_hiss/fsd50k_426571.wav,fsd_426571,val
SMP_01787,air_leak_hiss,8,fsd50k,fsd50k_389708.wav,data/raw_categorized/8_air_leak_hiss/fsd50k_389708.wav,fsd_389708,val
SMP_01788,air_leak_hiss,8,fsd50k,fsd50k_406129.wav,data/raw_categorized/8_air_leak_hiss/fsd50k_406129.wav,fsd_406129,train
SMP_01789,air_leak_hiss,8,fsd50k,fsd50k_265579.wav,data/raw_categorized/8_air_leak_hiss/fsd50k_265579.wav,fsd_265579,train
SMP_01790,air_leak_hiss,8,fsd50k,fsd50k_395475.wav,data/raw_categorized/8_air_leak_hiss/fsd50k_395475.wav,fsd_395475,train
SMP_01791,air_leak_hiss,8,fsd50k,fsd50k_316682.wav,data/raw_categorized/8_air_leak_hiss/fsd50k_316682.wav,fsd_316682,train
SMP_01792,air_leak_hiss,8,fsd50k,fsd50k_218840.wav,data/raw_categorized/8_air_leak_hiss/fsd50k_218840.wav,fsd_218840,test
SMP_01793,air_leak_hiss,8,fsd50k,fsd50k_258226.wav,data/raw_categorized/8_air_leak_hiss/fsd50k_258226.wav,fsd_258226,train
SMP_01794,air_leak_hiss,8,fsd50k,fsd50k_241921.wav,data/raw_categorized/8_air_leak_hiss/fsd50k_241921.wav,fsd_241921,train
SMP_01795,air_leak_hiss,8,fsd50k,fsd50k_118202.wav,data/raw_categorized/8_air_leak_hiss/fsd50k_118202.wav,fsd_118202,val
SMP_01796,air_leak_hiss,8,fsd50k,fsd50k_369961.wav,data/raw_categorized/8_air_leak_hiss/fsd50k_369961.wav,fsd_369961,train
SMP_01797,air_leak_hiss,8,fsd50k,fsd50k_340255.wav,data/raw_categorized/8_air_leak_hiss/fsd50k_340255.wav,fsd_340255,val
SMP_01798,air_leak_hiss,8,fsd50k,fsd50k_344002.wav,data/raw_categorized/8_air_leak_hiss/fsd50k_344002.wav,fsd_344002,train
SMP_01799,air_leak_hiss,8,fsd50k,fsd50k_49730.wav,data/raw_categorized/8_air_leak_hiss/fsd50k_49730.wav,fsd_49730,train
SMP_01800,air_leak_hiss,8,fsd50k,fsd50k_91277.wav,data/raw_categorized/8_air_leak_hiss/fsd50k_91277.wav,fsd_91277,train
SMP_01801,air_leak_hiss,8,fsd50k,fsd50k_415287.wav,data/raw_categorized/8_air_leak_hiss/fsd50k_415287.wav,fsd_415287,train
SMP_01802,air_leak_hiss,8,fsd50k,fsd50k_119741.wav,data/raw_categorized/8_air_leak_hiss/fsd50k_119741.wav,fsd_119741,test
SMP_01803,air_leak_hiss,8,fsd50k,fsd50k_118099.wav,data/raw_categorized/8_air_leak_hiss/fsd50k_118099.wav,fsd_118099,train
SMP_01804,air_leak_hiss,8,fsd50k,fsd50k_327534.wav,data/raw_categorized/8_air_leak_hiss/fsd50k_327534.wav,fsd_327534,train
SMP_01805,air_leak_hiss,8,fsd50k,fsd50k_54911.wav,data/raw_categorized/8_air_leak_hiss/fsd50k_54911.wav,fsd_54911,train
SMP_01806,air_leak_hiss,8,fsd50k,fsd50k_60385.wav,data/raw_categorized/8_air_leak_hiss/fsd50k_60385.wav,fsd_60385,train
SMP_01807,air_leak_hiss,8,fsd50k,fsd50k_45579.wav,data/raw_categorized/8_air_leak_hiss/fsd50k_45579.wav,fsd_45579,train
SMP_01808,air_leak_hiss,8,fsd50k,fsd50k_405407.wav,data/raw_categorized/8_air_leak_hiss/fsd50k_405407.wav,fsd_405407,test
SMP_01809,air_leak_hiss,8,fsd50k,fsd50k_327550.wav,data/raw_categorized/8_air_leak_hiss/fsd50k_327550.wav,fsd_327550,train
SMP_01810,air_leak_hiss,8,fsd50k,fsd50k_50620.wav,data/raw_categorized/8_air_leak_hiss/fsd50k_50620.wav,fsd_50620,train
SMP_01811,air_leak_hiss,8,fsd50k,fsd50k_405431.wav,data/raw_categorized/8_air_leak_hiss/fsd50k_405431.wav,fsd_405431,test
SMP_01812,air_leak_hiss,8,fsd50k,fsd50k_415540.wav,data/raw_categorized/8_air_leak_hiss/fsd50k_415540.wav,fsd_415540,train
SMP_01813,air_leak_hiss,8,fsd50k,fsd50k_408101.wav,data/raw_categorized/8_air_leak_hiss/fsd50k_408101.wav,fsd_408101,val
SMP_01814,air_leak_hiss,8,fsd50k,fsd50k_327120.wav,data/raw_categorized/8_air_leak_hiss/fsd50k_327120.wav,fsd_327120,train
SMP_01815,air_leak_hiss,8,fsd50k,fsd50k_122803.wav,data/raw_categorized/8_air_leak_hiss/fsd50k_122803.wav,fsd_122803,train
SMP_01816,air_leak_hiss,8,fsd50k,fsd50k_390188.wav,data/raw_categorized/8_air_leak_hiss/fsd50k_390188.wav,fsd_390188,train
SMP_01817,air_leak_hiss,8,fsd50k,fsd50k_407658.wav,data/raw_categorized/8_air_leak_hiss/fsd50k_407658.wav,fsd_407658,train
SMP_01818,air_leak_hiss,8,fsd50k,fsd50k_390381.wav,data/raw_categorized/8_air_leak_hiss/fsd50k_390381.wav,fsd_390381,train
SMP_01819,air_leak_hiss,8,fsd50k,fsd50k_398077.wav,data/raw_categorized/8_air_leak_hiss/fsd50k_398077.wav,fsd_398077,train
SMP_01820,air_leak_hiss,8,fsd50k,fsd50k_2155.wav,data/raw_categorized/8_air_leak_hiss/fsd50k_2155.wav,fsd_2155,train
SMP_01821,air_leak_hiss,8,fsd50k,fsd50k_208765.wav,data/raw_categorized/8_air_leak_hiss/fsd50k_208765.wav,fsd_208765,train
SMP_01822,air_leak_hiss,8,fsd50k,fsd50k_340253.wav,data/raw_categorized/8_air_leak_hiss/fsd50k_340253.wav,fsd_340253,train
SMP_01823,air_leak_hiss,8,fsd50k,fsd50k_128013.wav,data/raw_categorized/8_air_leak_hiss/fsd50k_128013.wav,fsd_128013,train
SMP_01824,air_leak_hiss,8,fsd50k,fsd50k_24925.wav,data/raw_categorized/8_air_leak_hiss/fsd50k_24925.wav,fsd_24925,test
SMP_01825,air_leak_hiss,8,fsd50k,fsd50k_101468.wav,data/raw_categorized/8_air_leak_hiss/fsd50k_101468.wav,fsd_101468,train
SMP_01826,air_leak_hiss,8,fsd50k,fsd50k_50357.wav,data/raw_categorized/8_air_leak_hiss/fsd50k_50357.wav,fsd_50357,val
SMP_01827,air_leak_hiss,8,fsd50k,fsd50k_146962.wav,data/raw_categorized/8_air_leak_hiss/fsd50k_146962.wav,fsd_146962,train
SMP_01828,air_leak_hiss,8,fsd50k,fsd50k_213802.wav,data/raw_categorized/8_air_leak_hiss/fsd50k_213802.wav,fsd_213802,test
SMP_01829,air_leak_hiss,8,fsd50k,fsd50k_405753.wav,data/raw_categorized/8_air_leak_hiss/fsd50k_405753.wav,fsd_405753,test
SMP_01830,air_leak_hiss,8,fsd50k,fsd50k_323178.wav,data/raw_categorized/8_air_leak_hiss/fsd50k_323178.wav,fsd_323178,val
SMP_01831,air_leak_hiss,8,fsd50k,fsd50k_254205.wav,data/raw_categorized/8_air_leak_hiss/fsd50k_254205.wav,fsd_254205,train
SMP_01832,air_leak_hiss,8,fsd50k,fsd50k_238313.wav,data/raw_categorized/8_air_leak_hiss/fsd50k_238313.wav,fsd_238313,train
SMP_01833,air_leak_hiss,8,fsd50k,fsd50k_231550.wav,data/raw_categorized/8_air_leak_hiss/fsd50k_231550.wav,fsd_231550,train
SMP_01834,air_leak_hiss,8,fsd50k,fsd50k_28167.wav,data/raw_categorized/8_air_leak_hiss/fsd50k_28167.wav,fsd_28167,train
SMP_01835,air_leak_hiss,8,fsd50k,fsd50k_97333.wav,data/raw_categorized/8_air_leak_hiss/fsd50k_97333.wav,fsd_97333,test
SMP_01836,air_leak_hiss,8,fsd50k,fsd50k_316915.wav,data/raw_categorized/8_air_leak_hiss/fsd50k_316915.wav,fsd_316915,test
SMP_01837,air_leak_hiss,8,fsd50k,fsd50k_246059.wav,data/raw_categorized/8_air_leak_hiss/fsd50k_246059.wav,fsd_246059,train
SMP_01838,air_leak_hiss,8,fsd50k,fsd50k_367165.wav,data/raw_categorized/8_air_leak_hiss/fsd50k_367165.wav,fsd_367165,train
SMP_01839,air_leak_hiss,8,fsd50k,fsd50k_170737.wav,data/raw_categorized/8_air_leak_hiss/fsd50k_170737.wav,fsd_170737,train
SMP_01840,air_leak_hiss,8,fsd50k,fsd50k_394383.wav,data/raw_categorized/8_air_leak_hiss/fsd50k_394383.wav,fsd_394383,train
SMP_01841,air_leak_hiss,8,fsd50k,fsd50k_323174.wav,data/raw_categorized/8_air_leak_hiss/fsd50k_323174.wav,fsd_323174,val
SMP_01842,air_leak_hiss,8,fsd50k,fsd50k_57837.wav,data/raw_categorized/8_air_leak_hiss/fsd50k_57837.wav,fsd_57837,train
SMP_01843,air_leak_hiss,8,fsd50k,fsd50k_338687.wav,data/raw_categorized/8_air_leak_hiss/fsd50k_338687.wav,fsd_338687,val
SMP_01844,air_leak_hiss,8,fsd50k,fsd50k_253973.wav,data/raw_categorized/8_air_leak_hiss/fsd50k_253973.wav,fsd_253973,train
SMP_01845,air_leak_hiss,8,fsd50k,fsd50k_344596.wav,data/raw_categorized/8_air_leak_hiss/fsd50k_344596.wav,fsd_344596,test
SMP_01846,air_leak_hiss,8,fsd50k,fsd50k_333449.wav,data/raw_categorized/8_air_leak_hiss/fsd50k_333449.wav,fsd_333449,val
SMP_01847,air_leak_hiss,8,fsd50k,fsd50k_338686.wav,data/raw_categorized/8_air_leak_hiss/fsd50k_338686.wav,fsd_338686,train
SMP_01848,air_leak_hiss,8,fsd50k,fsd50k_398977.wav,data/raw_categorized/8_air_leak_hiss/fsd50k_398977.wav,fsd_398977,train
SMP_01849,air_leak_hiss,8,fsd50k,fsd50k_254340.wav,data/raw_categorized/8_air_leak_hiss/fsd50k_254340.wav,fsd_254340,val
SMP_01850,air_leak_hiss,8,fsd50k,fsd50k_146963.wav,data/raw_categorized/8_air_leak_hiss/fsd50k_146963.wav,fsd_146963,train
SMP_01851,air_leak_hiss,8,fsd50k,fsd50k_154636.wav,data/raw_categorized/8_air_leak_hiss/fsd50k_154636.wav,fsd_154636,val
SMP_01852,air_leak_hiss,8,fsd50k,fsd50k_326706.wav,data/raw_categorized/8_air_leak_hiss/fsd50k_326706.wav,fsd_326706,val
SMP_01853,air_leak_hiss,8,fsd50k,fsd50k_236285.wav,data/raw_categorized/8_air_leak_hiss/fsd50k_236285.wav,fsd_236285,train
SMP_01854,air_leak_hiss,8,fsd50k,fsd50k_241924.wav,data/raw_categorized/8_air_leak_hiss/fsd50k_241924.wav,fsd_241924,test
SMP_01855,air_leak_hiss,8,fsd50k,fsd50k_118804.wav,data/raw_categorized/8_air_leak_hiss/fsd50k_118804.wav,fsd_118804,train
SMP_01856,air_leak_hiss,8,fsd50k,fsd50k_334672.wav,data/raw_categorized/8_air_leak_hiss/fsd50k_334672.wav,fsd_334672,train
SMP_01857,air_leak_hiss,8,fsd50k,fsd50k_69299.wav,data/raw_categorized/8_air_leak_hiss/fsd50k_69299.wav,fsd_69299,train
SMP_01858,air_leak_hiss,8,fsd50k,fsd50k_272353.wav,data/raw_categorized/8_air_leak_hiss/fsd50k_272353.wav,fsd_272353,train
SMP_01859,air_leak_hiss,8,fsd50k,fsd50k_326055.wav,data/raw_categorized/8_air_leak_hiss/fsd50k_326055.wav,fsd_326055,test
SMP_01860,air_leak_hiss,8,fsd50k,fsd50k_365102.wav,data/raw_categorized/8_air_leak_hiss/fsd50k_365102.wav,fsd_365102,train
SMP_01861,air_leak_hiss,8,fsd50k,fsd50k_84623.wav,data/raw_categorized/8_air_leak_hiss/fsd50k_84623.wav,fsd_84623,train
SMP_01862,air_leak_hiss,8,fsd50k,fsd50k_153290.wav,data/raw_categorized/8_air_leak_hiss/fsd50k_153290.wav,fsd_153290,train
SMP_01863,air_leak_hiss,8,fsd50k,fsd50k_381194.wav,data/raw_categorized/8_air_leak_hiss/fsd50k_381194.wav,fsd_381194,test
SMP_01864,air_leak_hiss,8,fsd50k,fsd50k_58323.wav,data/raw_categorized/8_air_leak_hiss/fsd50k_58323.wav,fsd_58323,train
SMP_01865,air_leak_hiss,8,fsd50k,fsd50k_155660.wav,data/raw_categorized/8_air_leak_hiss/fsd50k_155660.wav,fsd_155660,train
SMP_01866,air_leak_hiss,8,fsd50k,fsd50k_176338.wav,data/raw_categorized/8_air_leak_hiss/fsd50k_176338.wav,fsd_176338,train
SMP_01867,air_leak_hiss,8,fsd50k,fsd50k_45809.wav,data/raw_categorized/8_air_leak_hiss/fsd50k_45809.wav,fsd_45809,train
SMP_01868,air_leak_hiss,8,fsd50k,fsd50k_181490.wav,data/raw_categorized/8_air_leak_hiss/fsd50k_181490.wav,fsd_181490,train
SMP_01869,air_leak_hiss,8,fsd50k,fsd50k_377337.wav,data/raw_categorized/8_air_leak_hiss/fsd50k_377337.wav,fsd_377337,test
SMP_01870,air_leak_hiss,8,fsd50k,fsd50k_170736.wav,data/raw_categorized/8_air_leak_hiss/fsd50k_170736.wav,fsd_170736,train
SMP_01871,air_leak_hiss,8,fsd50k,fsd50k_181481.wav,data/raw_categorized/8_air_leak_hiss/fsd50k_181481.wav,fsd_181481,train
SMP_01872,air_leak_hiss,8,fsd50k,fsd50k_406089.wav,data/raw_categorized/8_air_leak_hiss/fsd50k_406089.wav,fsd_406089,train
SMP_01873,air_leak_hiss,8,fsd50k,fsd50k_395820.wav,data/raw_categorized/8_air_leak_hiss/fsd50k_395820.wav,fsd_395820,train
SMP_01874,air_leak_hiss,8,fsd50k,fsd50k_100646.wav,data/raw_categorized/8_air_leak_hiss/fsd50k_100646.wav,fsd_100646,train
SMP_01875,air_leak_hiss,8,fsd50k,fsd50k_132894.wav,data/raw_categorized/8_air_leak_hiss/fsd50k_132894.wav,fsd_132894,train
SMP_01876,air_leak_hiss,8,fsd50k,fsd50k_176157.wav,data/raw_categorized/8_air_leak_hiss/fsd50k_176157.wav,fsd_176157,train
SMP_01877,air_leak_hiss,8,fsd50k,fsd50k_204416.wav,data/raw_categorized/8_air_leak_hiss/fsd50k_204416.wav,fsd_204416,val
SMP_01878,air_leak_hiss,8,fsd50k,fsd50k_135429.wav,data/raw_categorized/8_air_leak_hiss/fsd50k_135429.wav,fsd_135429,train
SMP_01879,air_leak_hiss,8,fsd50k,fsd50k_126706.wav,data/raw_categorized/8_air_leak_hiss/fsd50k_126706.wav,fsd_126706,train
SMP_01880,air_leak_hiss,8,fsd50k,fsd50k_343928.wav,data/raw_categorized/8_air_leak_hiss/fsd50k_343928.wav,fsd_343928,train
SMP_01881,air_leak_hiss,8,fsd50k,fsd50k_6858.wav,data/raw_categorized/8_air_leak_hiss/fsd50k_6858.wav,fsd_6858,train
SMP_01882,air_leak_hiss,8,fsd50k,fsd50k_347947.wav,data/raw_categorized/8_air_leak_hiss/fsd50k_347947.wav,fsd_347947,train
SMP_01883,air_leak_hiss,8,fsd50k,fsd50k_383368.wav,data/raw_categorized/8_air_leak_hiss/fsd50k_383368.wav,fsd_383368,train
SMP_01884,air_leak_hiss,8,fsd50k,fsd50k_24222.wav,data/raw_categorized/8_air_leak_hiss/fsd50k_24222.wav,fsd_24222,train
SMP_01885,air_leak_hiss,8,fsd50k,fsd50k_82422.wav,data/raw_categorized/8_air_leak_hiss/fsd50k_82422.wav,fsd_82422,train
SMP_01886,air_leak_hiss,8,fsd50k,fsd50k_265581.wav,data/raw_categorized/8_air_leak_hiss/fsd50k_265581.wav,fsd_265581,test
SMP_01887,air_leak_hiss,8,fsd50k,fsd50k_334674.wav,data/raw_categorized/8_air_leak_hiss/fsd50k_334674.wav,fsd_334674,test
SMP_01888,air_leak_hiss,8,fsd50k,fsd50k_67444.wav,data/raw_categorized/8_air_leak_hiss/fsd50k_67444.wav,fsd_67444,val
SMP_01889,air_leak_hiss,8,fsd50k,fsd50k_82319.wav,data/raw_categorized/8_air_leak_hiss/fsd50k_82319.wav,fsd_82319,train
SMP_01890,air_leak_hiss,8,fsd50k,fsd50k_36266.wav,data/raw_categorized/8_air_leak_hiss/fsd50k_36266.wav,fsd_36266,val
SMP_01891,air_leak_hiss,8,fsd50k,fsd50k_108431.wav,data/raw_categorized/8_air_leak_hiss/fsd50k_108431.wav,fsd_108431,test
SMP_01892,air_leak_hiss,8,fsd50k,fsd50k_398461.wav,data/raw_categorized/8_air_leak_hiss/fsd50k_398461.wav,fsd_398461,train
SMP_01893,air_leak_hiss,8,fsd50k,fsd50k_174203.wav,data/raw_categorized/8_air_leak_hiss/fsd50k_174203.wav,fsd_174203,train
SMP_01894,air_leak_hiss,8,fsd50k,fsd50k_400075.wav,data/raw_categorized/8_air_leak_hiss/fsd50k_400075.wav,fsd_400075,train
SMP_01895,air_leak_hiss,8,fsd50k,fsd50k_318671.wav,data/raw_categorized/8_air_leak_hiss/fsd50k_318671.wav,fsd_318671,test
SMP_01896,air_leak_hiss,8,fsd50k,fsd50k_317665.wav,data/raw_categorized/8_air_leak_hiss/fsd50k_317665.wav,fsd_317665,train
SMP_01897,air_leak_hiss,8,fsd50k,fsd50k_87078.wav,data/raw_categorized/8_air_leak_hiss/fsd50k_87078.wav,fsd_87078,val
SMP_01898,air_leak_hiss,8,fsd50k,fsd50k_316914.wav,data/raw_categorized/8_air_leak_hiss/fsd50k_316914.wav,fsd_316914,train
SMP_01899,air_leak_hiss,8,fsd50k,fsd50k_405756.wav,data/raw_categorized/8_air_leak_hiss/fsd50k_405756.wav,fsd_405756,val
SMP_01900,air_leak_hiss,8,fsd50k,fsd50k_120229.wav,data/raw_categorized/8_air_leak_hiss/fsd50k_120229.wav,fsd_120229,train
SMP_01901,air_leak_hiss,8,fsd50k,fsd50k_390160.wav,data/raw_categorized/8_air_leak_hiss/fsd50k_390160.wav,fsd_390160,train
SMP_01902,air_leak_hiss,8,fsd50k,fsd50k_21066.wav,data/raw_categorized/8_air_leak_hiss/fsd50k_21066.wav,fsd_21066,train
SMP_01903,air_leak_hiss,8,fsd50k,fsd50k_84620.wav,data/raw_categorized/8_air_leak_hiss/fsd50k_84620.wav,fsd_84620,train
SMP_01904,air_leak_hiss,8,fsd50k,fsd50k_49729.wav,data/raw_categorized/8_air_leak_hiss/fsd50k_49729.wav,fsd_49729,train
SMP_01905,air_leak_hiss,8,fsd50k,fsd50k_181485.wav,data/raw_categorized/8_air_leak_hiss/fsd50k_181485.wav,fsd_181485,train
SMP_01906,air_leak_hiss,8,fsd50k,fsd50k_327494.wav,data/raw_categorized/8_air_leak_hiss/fsd50k_327494.wav,fsd_327494,train
SMP_01907,air_leak_hiss,8,fsd50k,fsd50k_65923.wav,data/raw_categorized/8_air_leak_hiss/fsd50k_65923.wav,fsd_65923,train
SMP_01908,air_leak_hiss,8,fsd50k,fsd50k_330377.wav,data/raw_categorized/8_air_leak_hiss/fsd50k_330377.wav,fsd_330377,train
SMP_01909,air_leak_hiss,8,fsd50k,fsd50k_179048.wav,data/raw_categorized/8_air_leak_hiss/fsd50k_179048.wav,fsd_179048,train
SMP_01910,air_leak_hiss,8,fsd50k,fsd50k_34865.wav,data/raw_categorized/8_air_leak_hiss/fsd50k_34865.wav,fsd_34865,train
SMP_01911,air_leak_hiss,8,fsd50k,fsd50k_274256.wav,data/raw_categorized/8_air_leak_hiss/fsd50k_274256.wav,fsd_274256,train
SMP_01912,air_leak_hiss,8,fsd50k,fsd50k_351778.wav,data/raw_categorized/8_air_leak_hiss/fsd50k_351778.wav,fsd_351778,train
SMP_01913,air_leak_hiss,8,fsd50k,fsd50k_146961.wav,data/raw_categorized/8_air_leak_hiss/fsd50k_146961.wav,fsd_146961,train
SMP_01914,air_leak_hiss,8,fsd50k,fsd50k_178751.wav,data/raw_categorized/8_air_leak_hiss/fsd50k_178751.wav,fsd_178751,test
SMP_01915,air_leak_hiss,8,fsd50k,fsd50k_71778.wav,data/raw_categorized/8_air_leak_hiss/fsd50k_71778.wav,fsd_71778,test
SMP_01916,air_leak_hiss,8,fsd50k,fsd50k_136991.wav,data/raw_categorized/8_air_leak_hiss/fsd50k_136991.wav,fsd_136991,train
SMP_01917,air_leak_hiss,8,fsd50k,fsd50k_1942.wav,data/raw_categorized/8_air_leak_hiss/fsd50k_1942.wav,fsd_1942,train
SMP_01918,air_leak_hiss,8,fsd50k,fsd50k_382634.wav,data/raw_categorized/8_air_leak_hiss/fsd50k_382634.wav,fsd_382634,train
SMP_01919,air_leak_hiss,8,fsd50k,fsd50k_195228.wav,data/raw_categorized/8_air_leak_hiss/fsd50k_195228.wav,fsd_195228,train
SMP_01920,air_leak_hiss,8,fsd50k,fsd50k_277361.wav,data/raw_categorized/8_air_leak_hiss/fsd50k_277361.wav,fsd_277361,train
SMP_01921,air_leak_hiss,8,fsd50k,fsd50k_425046.wav,data/raw_categorized/8_air_leak_hiss/fsd50k_425046.wav,fsd_425046,val
SMP_01922,air_leak_hiss,8,fsd50k,fsd50k_181482.wav,data/raw_categorized/8_air_leak_hiss/fsd50k_181482.wav,fsd_181482,test
SMP_01923,air_leak_hiss,8,fsd50k,fsd50k_193883.wav,data/raw_categorized/8_air_leak_hiss/fsd50k_193883.wav,fsd_193883,test
SMP_01924,air_leak_hiss,8,fsd50k,fsd50k_405755.wav,data/raw_categorized/8_air_leak_hiss/fsd50k_405755.wav,fsd_405755,train
SMP_01925,air_leak_hiss,8,fsd50k,fsd50k_407394.wav,data/raw_categorized/8_air_leak_hiss/fsd50k_407394.wav,fsd_407394,train
SMP_01926,air_leak_hiss,8,fsd50k,fsd50k_164305.wav,data/raw_categorized/8_air_leak_hiss/fsd50k_164305.wav,fsd_164305,train
SMP_01927,air_leak_hiss,8,fsd50k,fsd50k_182789.wav,data/raw_categorized/8_air_leak_hiss/fsd50k_182789.wav,fsd_182789,train
SMP_01928,air_leak_hiss,8,fsd50k,fsd50k_77935.wav,data/raw_categorized/8_air_leak_hiss/fsd50k_77935.wav,fsd_77935,train
SMP_01929,air_leak_hiss,8,fsd50k,fsd50k_57836.wav,data/raw_categorized/8_air_leak_hiss/fsd50k_57836.wav,fsd_57836,test
SMP_01930,air_leak_hiss,8,fsd50k,fsd50k_203175.wav,data/raw_categorized/8_air_leak_hiss/fsd50k_203175.wav,fsd_203175,val
SMP_01931,air_leak_hiss,8,fsd50k,fsd50k_327438.wav,data/raw_categorized/8_air_leak_hiss/fsd50k_327438.wav,fsd_327438,train
SMP_01932,air_leak_hiss,8,fsd50k,fsd50k_235824.wav,data/raw_categorized/8_air_leak_hiss/fsd50k_235824.wav,fsd_235824,train
SMP_01933,air_leak_hiss,8,fsd50k,fsd50k_367125.wav,data/raw_categorized/8_air_leak_hiss/fsd50k_367125.wav,fsd_367125,train
SMP_01934,air_leak_hiss,8,fsd50k,fsd50k_181486.wav,data/raw_categorized/8_air_leak_hiss/fsd50k_181486.wav,fsd_181486,test
SMP_01935,air_leak_hiss,8,fsd50k,fsd50k_326964.wav,data/raw_categorized/8_air_leak_hiss/fsd50k_326964.wav,fsd_326964,train
SMP_01936,air_leak_hiss,8,fsd50k,fsd50k_401676.wav,data/raw_categorized/8_air_leak_hiss/fsd50k_401676.wav,fsd_401676,train
SMP_01937,background_normal,9,fsd50k,fsd50k_117812.wav,data/raw_categorized/9_background_normal/fsd50k_117812.wav,fsd_117812,train
SMP_01938,background_normal,9,fsd50k,fsd50k_340053.wav,data/raw_categorized/9_background_normal/fsd50k_340053.wav,fsd_340053,train
SMP_01939,background_normal,9,fsd50k,fsd50k_236464.wav,data/raw_categorized/9_background_normal/fsd50k_236464.wav,fsd_236464,train
SMP_01940,background_normal,9,fsd50k,fsd50k_257867.wav,data/raw_categorized/9_background_normal/fsd50k_257867.wav,fsd_257867,test
SMP_01941,background_normal,9,fsd50k,fsd50k_210048.wav,data/raw_categorized/9_background_normal/fsd50k_210048.wav,fsd_210048,train
SMP_01942,background_normal,9,fsd50k,fsd50k_166289.wav,data/raw_categorized/9_background_normal/fsd50k_166289.wav,fsd_166289,val
SMP_01943,background_normal,9,fsd50k,fsd50k_69544.wav,data/raw_categorized/9_background_normal/fsd50k_69544.wav,fsd_69544,test
SMP_01944,background_normal,9,fsd50k,fsd50k_369164.wav,data/raw_categorized/9_background_normal/fsd50k_369164.wav,fsd_369164,train
SMP_01945,background_normal,9,fsd50k,fsd50k_101843.wav,data/raw_categorized/9_background_normal/fsd50k_101843.wav,fsd_101843,train
SMP_01946,background_normal,9,fsd50k,fsd50k_114428.wav,data/raw_categorized/9_background_normal/fsd50k_114428.wav,fsd_114428,train
SMP_01947,background_normal,9,fsd50k,fsd50k_107808.wav,data/raw_categorized/9_background_normal/fsd50k_107808.wav,fsd_107808,val
SMP_01948,background_normal,9,fsd50k,fsd50k_331327.wav,data/raw_categorized/9_background_normal/fsd50k_331327.wav,fsd_331327,train
SMP_01949,background_normal,9,fsd50k,fsd50k_249893.wav,data/raw_categorized/9_background_normal/fsd50k_249893.wav,fsd_249893,train
SMP_01950,background_normal,9,fsd50k,fsd50k_161359.wav,data/raw_categorized/9_background_normal/fsd50k_161359.wav,fsd_161359,train
SMP_01951,background_normal,9,fsd50k,fsd50k_418239.wav,data/raw_categorized/9_background_normal/fsd50k_418239.wav,fsd_418239,train
SMP_01952,background_normal,9,fsd50k,fsd50k_368456.wav,data/raw_categorized/9_background_normal/fsd50k_368456.wav,fsd_368456,train
SMP_01953,background_normal,9,fsd50k,fsd50k_25328.wav,data/raw_categorized/9_background_normal/fsd50k_25328.wav,fsd_25328,train
SMP_01954,background_normal,9,fsd50k,fsd50k_231787.wav,data/raw_categorized/9_background_normal/fsd50k_231787.wav,fsd_231787,train
SMP_01955,background_normal,9,fsd50k,fsd50k_93863.wav,data/raw_categorized/9_background_normal/fsd50k_93863.wav,fsd_93863,train
SMP_01956,background_normal,9,fsd50k,fsd50k_115234.wav,data/raw_categorized/9_background_normal/fsd50k_115234.wav,fsd_115234,train
SMP_01957,background_normal,9,fsd50k,fsd50k_235126.wav,data/raw_categorized/9_background_normal/fsd50k_235126.wav,fsd_235126,train
SMP_01958,background_normal,9,fsd50k,fsd50k_101072.wav,data/raw_categorized/9_background_normal/fsd50k_101072.wav,fsd_101072,train
SMP_01959,background_normal,9,fsd50k,fsd50k_67639.wav,data/raw_categorized/9_background_normal/fsd50k_67639.wav,fsd_67639,test
SMP_01960,background_normal,9,fsd50k,fsd50k_271605.wav,data/raw_categorized/9_background_normal/fsd50k_271605.wav,fsd_271605,val
SMP_01961,background_normal,9,fsd50k,fsd50k_334987.wav,data/raw_categorized/9_background_normal/fsd50k_334987.wav,fsd_334987,train
SMP_01962,background_normal,9,fsd50k,fsd50k_188433.wav,data/raw_categorized/9_background_normal/fsd50k_188433.wav,fsd_188433,val
SMP_01963,background_normal,9,fsd50k,fsd50k_338332.wav,data/raw_categorized/9_background_normal/fsd50k_338332.wav,fsd_338332,train
SMP_01964,background_normal,9,fsd50k,fsd50k_95675.wav,data/raw_categorized/9_background_normal/fsd50k_95675.wav,fsd_95675,train
SMP_01965,background_normal,9,fsd50k,fsd50k_113238.wav,data/raw_categorized/9_background_normal/fsd50k_113238.wav,fsd_113238,train
SMP_01966,background_normal,9,fsd50k,fsd50k_93856.wav,data/raw_categorized/9_background_normal/fsd50k_93856.wav,fsd_93856,train
SMP_01967,background_normal,9,fsd50k,fsd50k_221599.wav,data/raw_categorized/9_background_normal/fsd50k_221599.wav,fsd_221599,test
SMP_01968,background_normal,9,fsd50k,fsd50k_422718.wav,data/raw_categorized/9_background_normal/fsd50k_422718.wav,fsd_422718,train
SMP_01969,background_normal,9,fsd50k,fsd50k_381454.wav,data/raw_categorized/9_background_normal/fsd50k_381454.wav,fsd_381454,train
SMP_01970,background_normal,9,fsd50k,fsd50k_429380.wav,data/raw_categorized/9_background_normal/fsd50k_429380.wav,fsd_429380,train
SMP_01971,background_normal,9,fsd50k,fsd50k_148443.wav,data/raw_categorized/9_background_normal/fsd50k_148443.wav,fsd_148443,train
SMP_01972,background_normal,9,fsd50k,fsd50k_67628.wav,data/raw_categorized/9_background_normal/fsd50k_67628.wav,fsd_67628,train
SMP_01973,background_normal,9,fsd50k,fsd50k_277005.wav,data/raw_categorized/9_background_normal/fsd50k_277005.wav,fsd_277005,train
SMP_01974,background_normal,9,fsd50k,fsd50k_422949.wav,data/raw_categorized/9_background_normal/fsd50k_422949.wav,fsd_422949,train
SMP_01975,background_normal,9,fsd50k,fsd50k_388579.wav,data/raw_categorized/9_background_normal/fsd50k_388579.wav,fsd_388579,train
SMP_01976,background_normal,9,fsd50k,fsd50k_406243.wav,data/raw_categorized/9_background_normal/fsd50k_406243.wav,fsd_406243,train
SMP_01977,background_normal,9,fsd50k,fsd50k_189389.wav,data/raw_categorized/9_background_normal/fsd50k_189389.wav,fsd_189389,test
SMP_01978,background_normal,9,fsd50k,fsd50k_186427.wav,data/raw_categorized/9_background_normal/fsd50k_186427.wav,fsd_186427,train
SMP_01979,background_normal,9,fsd50k,fsd50k_396992.wav,data/raw_categorized/9_background_normal/fsd50k_396992.wav,fsd_396992,train
SMP_01980,background_normal,9,fsd50k,fsd50k_77412.wav,data/raw_categorized/9_background_normal/fsd50k_77412.wav,fsd_77412,train
SMP_01981,background_normal,9,fsd50k,fsd50k_192002.wav,data/raw_categorized/9_background_normal/fsd50k_192002.wav,fsd_192002,train
SMP_01982,background_normal,9,fsd50k,fsd50k_235110.wav,data/raw_categorized/9_background_normal/fsd50k_235110.wav,fsd_235110,train
SMP_01983,background_normal,9,fsd50k,fsd50k_191999.wav,data/raw_categorized/9_background_normal/fsd50k_191999.wav,fsd_191999,train
SMP_01984,background_normal,9,fsd50k,fsd50k_414063.wav,data/raw_categorized/9_background_normal/fsd50k_414063.wav,fsd_414063,test
SMP_01985,background_normal,9,fsd50k,fsd50k_120662.wav,data/raw_categorized/9_background_normal/fsd50k_120662.wav,fsd_120662,train
SMP_01986,background_normal,9,fsd50k,fsd50k_147692.wav,data/raw_categorized/9_background_normal/fsd50k_147692.wav,fsd_147692,val
SMP_01987,background_normal,9,fsd50k,fsd50k_83340.wav,data/raw_categorized/9_background_normal/fsd50k_83340.wav,fsd_83340,train
SMP_01988,background_normal,9,fsd50k,fsd50k_236420.wav,data/raw_categorized/9_background_normal/fsd50k_236420.wav,fsd_236420,train
SMP_01989,background_normal,9,fsd50k,fsd50k_200386.wav,data/raw_categorized/9_background_normal/fsd50k_200386.wav,fsd_200386,train
SMP_01990,background_normal,9,fsd50k,fsd50k_236486.wav,data/raw_categorized/9_background_normal/fsd50k_236486.wav,fsd_236486,train
SMP_01991,background_normal,9,fsd50k,fsd50k_193945.wav,data/raw_categorized/9_background_normal/fsd50k_193945.wav,fsd_193945,train
SMP_01992,background_normal,9,fsd50k,fsd50k_258016.wav,data/raw_categorized/9_background_normal/fsd50k_258016.wav,fsd_258016,train
SMP_01993,background_normal,9,fsd50k,fsd50k_184880.wav,data/raw_categorized/9_background_normal/fsd50k_184880.wav,fsd_184880,train
SMP_01994,background_normal,9,fsd50k,fsd50k_86450.wav,data/raw_categorized/9_background_normal/fsd50k_86450.wav,fsd_86450,val
SMP_01995,background_normal,9,fsd50k,fsd50k_71136.wav,data/raw_categorized/9_background_normal/fsd50k_71136.wav,fsd_71136,train
SMP_01996,background_normal,9,fsd50k,fsd50k_2824.wav,data/raw_categorized/9_background_normal/fsd50k_2824.wav,fsd_2824,train
SMP_01997,background_normal,9,fsd50k,fsd50k_77326.wav,data/raw_categorized/9_background_normal/fsd50k_77326.wav,fsd_77326,train
SMP_01998,background_normal,9,fsd50k,fsd50k_379212.wav,data/raw_categorized/9_background_normal/fsd50k_379212.wav,fsd_379212,train
SMP_01999,background_normal,9,fsd50k,fsd50k_139049.wav,data/raw_categorized/9_background_normal/fsd50k_139049.wav,fsd_139049,train
SMP_02000,background_normal,9,fsd50k,fsd50k_92972.wav,data/raw_categorized/9_background_normal/fsd50k_92972.wav,fsd_92972,train
SMP_02001,background_normal,9,fsd50k,fsd50k_106793.wav,data/raw_categorized/9_background_normal/fsd50k_106793.wav,fsd_106793,train
SMP_02002,background_normal,9,fsd50k,fsd50k_87681.wav,data/raw_categorized/9_background_normal/fsd50k_87681.wav,fsd_87681,train
SMP_02003,background_normal,9,fsd50k,fsd50k_152803.wav,data/raw_categorized/9_background_normal/fsd50k_152803.wav,fsd_152803,val
SMP_02004,background_normal,9,fsd50k,fsd50k_109918.wav,data/raw_categorized/9_background_normal/fsd50k_109918.wav,fsd_109918,train
SMP_02005,background_normal,9,fsd50k,fsd50k_45112.wav,data/raw_categorized/9_background_normal/fsd50k_45112.wav,fsd_45112,train
SMP_02006,background_normal,9,fsd50k,fsd50k_252653.wav,data/raw_categorized/9_background_normal/fsd50k_252653.wav,fsd_252653,train
SMP_02007,background_normal,9,fsd50k,fsd50k_330850.wav,data/raw_categorized/9_background_normal/fsd50k_330850.wav,fsd_330850,test
SMP_02008,background_normal,9,fsd50k,fsd50k_93895.wav,data/raw_categorized/9_background_normal/fsd50k_93895.wav,fsd_93895,train
SMP_02009,background_normal,9,fsd50k,fsd50k_118607.wav,data/raw_categorized/9_background_normal/fsd50k_118607.wav,fsd_118607,train
SMP_02010,background_normal,9,fsd50k,fsd50k_181264.wav,data/raw_categorized/9_background_normal/fsd50k_181264.wav,fsd_181264,train
SMP_02011,background_normal,9,fsd50k,fsd50k_137939.wav,data/raw_categorized/9_background_normal/fsd50k_137939.wav,fsd_137939,test
SMP_02012,background_normal,9,fsd50k,fsd50k_189764.wav,data/raw_categorized/9_background_normal/fsd50k_189764.wav,fsd_189764,test
SMP_02013,background_normal,9,fsd50k,fsd50k_201319.wav,data/raw_categorized/9_background_normal/fsd50k_201319.wav,fsd_201319,train
SMP_02014,background_normal,9,fsd50k,fsd50k_193970.wav,data/raw_categorized/9_background_normal/fsd50k_193970.wav,fsd_193970,val
SMP_02015,background_normal,9,fsd50k,fsd50k_162043.wav,data/raw_categorized/9_background_normal/fsd50k_162043.wav,fsd_162043,val
SMP_02016,background_normal,9,fsd50k,fsd50k_235016.wav,data/raw_categorized/9_background_normal/fsd50k_235016.wav,fsd_235016,train
SMP_02017,background_normal,9,fsd50k,fsd50k_84720.wav,data/raw_categorized/9_background_normal/fsd50k_84720.wav,fsd_84720,train
SMP_02018,background_normal,9,fsd50k,fsd50k_235514.wav,data/raw_categorized/9_background_normal/fsd50k_235514.wav,fsd_235514,train
SMP_02019,background_normal,9,fsd50k,fsd50k_72009.wav,data/raw_categorized/9_background_normal/fsd50k_72009.wav,fsd_72009,val
SMP_02020,background_normal,9,fsd50k,fsd50k_269847.wav,data/raw_categorized/9_background_normal/fsd50k_269847.wav,fsd_269847,train
SMP_02021,background_normal,9,fsd50k,fsd50k_343427.wav,data/raw_categorized/9_background_normal/fsd50k_343427.wav,fsd_343427,test
SMP_02022,background_normal,9,fsd50k,fsd50k_351110.wav,data/raw_categorized/9_background_normal/fsd50k_351110.wav,fsd_351110,train
SMP_02023,background_normal,9,fsd50k,fsd50k_32635.wav,data/raw_categorized/9_background_normal/fsd50k_32635.wav,fsd_32635,val
SMP_02024,background_normal,9,fsd50k,fsd50k_80207.wav,data/raw_categorized/9_background_normal/fsd50k_80207.wav,fsd_80207,train
SMP_02025,background_normal,9,fsd50k,fsd50k_267504.wav,data/raw_categorized/9_background_normal/fsd50k_267504.wav,fsd_267504,test
SMP_02026,background_normal,9,fsd50k,fsd50k_189363.wav,data/raw_categorized/9_background_normal/fsd50k_189363.wav,fsd_189363,train
SMP_02027,background_normal,9,fsd50k,fsd50k_236443.wav,data/raw_categorized/9_background_normal/fsd50k_236443.wav,fsd_236443,train
SMP_02028,background_normal,9,fsd50k,fsd50k_236682.wav,data/raw_categorized/9_background_normal/fsd50k_236682.wav,fsd_236682,train
SMP_02029,background_normal,9,fsd50k,fsd50k_101027.wav,data/raw_categorized/9_background_normal/fsd50k_101027.wav,fsd_101027,train
SMP_02030,background_normal,9,fsd50k,fsd50k_93850.wav,data/raw_categorized/9_background_normal/fsd50k_93850.wav,fsd_93850,train
SMP_02031,background_normal,9,fsd50k,fsd50k_164824.wav,data/raw_categorized/9_background_normal/fsd50k_164824.wav,fsd_164824,train
SMP_02032,background_normal,9,fsd50k,fsd50k_84718.wav,data/raw_categorized/9_background_normal/fsd50k_84718.wav,fsd_84718,train
SMP_02033,background_normal,9,fsd50k,fsd50k_196849.wav,data/raw_categorized/9_background_normal/fsd50k_196849.wav,fsd_196849,val
SMP_02034,background_normal,9,fsd50k,fsd50k_400736.wav,data/raw_categorized/9_background_normal/fsd50k_400736.wav,fsd_400736,train
SMP_02035,background_normal,9,fsd50k,fsd50k_209969.wav,data/raw_categorized/9_background_normal/fsd50k_209969.wav,fsd_209969,train
SMP_02036,background_normal,9,fsd50k,fsd50k_205887.wav,data/raw_categorized/9_background_normal/fsd50k_205887.wav,fsd_205887,val
