sample_id,class_name,class_index,label_idx,split,recording_id,source_dataset,feature_path
SMP_00006,glass_break,1,0,val,esc50_85184,esc50,data/processed/features/val/SMP_00006.npy
SMP_00004,glass_break,1,0,train,esc50_84705,esc50,data/processed/features/train/SMP_00004.npy
SMP_00005,glass_break,1,0,train,esc50_85168,esc50,data/processed/features/train/SMP_00005.npy
SMP_00007,glass_break,1,0,train,esc50_88807,esc50,data/processed/features/train/SMP_00007.npy
SMP_00002,glass_break,1,0,train,esc50_84536,esc50,data/processed/features/train/SMP_00002.npy
SMP_00003,glass_break,1,0,train,esc50_84704,esc50,data/processed/features/train/SMP_00003.npy
SMP_00001,glass_break,1,0,train,esc50_20133,esc50,data/processed/features/train/SMP_00001.npy
SMP_00008,glass_break,1,0,train,esc50_977,esc50,data/processed/features/train/SMP_00008.npy
SMP_00009,glass_break,1,0,train,esc50_106881,esc50,data/processed/features/train/SMP_00009.npy
SMP_00010,glass_break,1,0,test,esc50_112213,esc50,data/processed/features/test/SMP_00010.npy
SMP_00011,glass_break,1,0,test,esc50_112213,esc50,data/processed/features/test/SMP_00011.npy
SMP_00012,glass_break,1,0,train,esc50_141563,esc50,data/processed/features/train/SMP_00012.npy
SMP_00013,glass_break,1,0,train,esc50_173559,esc50,data/processed/features/train/SMP_00013.npy
SMP_00014,glass_break,1,0,train,esc50_173607,esc50,data/processed/features/train/SMP_00014.npy
SMP_00015,glass_break,1,0,train,esc50_173618,esc50,data/processed/features/train/SMP_00015.npy
SMP_00016,glass_break,1,0,train,esc50_250710,esc50,data/processed/features/train/SMP_00016.npy
SMP_00017,glass_break,1,0,val,esc50_203371,esc50,data/processed/features/val/SMP_00017.npy
SMP_00018,glass_break,1,0,val,esc50_203373,esc50,data/processed/features/val/SMP_00018.npy
SMP_00019,glass_break,1,0,train,esc50_203374,esc50,data/processed/features/train/SMP_00019.npy
SMP_00020,glass_break,1,0,train,esc50_203375,esc50,data/processed/features/train/SMP_00020.npy
SMP_00021,glass_break,1,0,train,esc50_203377,esc50,data/processed/features/train/SMP_00021.npy
SMP_00022,glass_break,1,0,train,esc50_216280,esc50,data/processed/features/train/SMP_00022.npy
SMP_00023,glass_break,1,0,train,esc50_216281,esc50,data/processed/features/train/SMP_00023.npy
SMP_00024,glass_break,1,0,test,esc50_216284,esc50,data/processed/features/test/SMP_00024.npy
SMP_00025,glass_break,1,0,train,esc50_204115,esc50,data/processed/features/train/SMP_00025.npy
SMP_00026,glass_break,1,0,val,esc50_204119,esc50,data/processed/features/val/SMP_00026.npy
SMP_00027,glass_break,1,0,test,esc50_204121,esc50,data/processed/features/test/SMP_00027.npy
SMP_00028,glass_break,1,0,train,esc50_204123,esc50,data/processed/features/train/SMP_00028.npy
SMP_00029,glass_break,1,0,train,esc50_204777,esc50,data/processed/features/train/SMP_00029.npy
SMP_00030,glass_break,1,0,train,esc50_204777,esc50,data/processed/features/train/SMP_00030.npy
SMP_00031,glass_break,1,0,train,esc50_204777,esc50,data/processed/features/train/SMP_00031.npy
SMP_00032,glass_break,1,0,val,esc50_212698,esc50,data/processed/features/val/SMP_00032.npy
SMP_00033,glass_break,1,0,test,esc50_221528,esc50,data/processed/features/test/SMP_00033.npy
SMP_00034,glass_break,1,0,train,esc50_221529,esc50,data/processed/features/train/SMP_00034.npy
SMP_00035,glass_break,1,0,train,esc50_233605,esc50,data/processed/features/train/SMP_00035.npy
SMP_00036,glass_break,1,0,train,esc50_233607,esc50,data/processed/features/train/SMP_00036.npy
SMP_00037,glass_break,1,0,train,esc50_257642,esc50,data/processed/features/train/SMP_00037.npy
SMP_00038,glass_break,1,0,train,esc50_260432,esc50,data/processed/features/train/SMP_00038.npy
SMP_00039,glass_break,1,0,train,esc50_260433,esc50,data/processed/features/train/SMP_00039.npy
SMP_00040,glass_break,1,0,train,esc50_260434,esc50,data/processed/features/train/SMP_00040.npy
SMP_00041,door_forced,3,2,train,esc50_101336,esc50,data/processed/features/train/SMP_00041.npy
SMP_00042,door_forced,3,2,test,esc50_103995,esc50,data/processed/features/test/SMP_00042.npy
SMP_00043,door_forced,3,2,train,esc50_103999,esc50,data/processed/features/train/SMP_00043.npy
SMP_00044,door_forced,3,2,val,esc50_26188,esc50,data/processed/features/val/SMP_00044.npy
SMP_00045,door_forced,3,2,train,esc50_52290,esc50,data/processed/features/train/SMP_00045.npy
SMP_00046,door_forced,3,2,train,esc50_81001,esc50,data/processed/features/train/SMP_00046.npy
SMP_00047,door_forced,3,2,train,esc50_81001,esc50,data/processed/features/train/SMP_00047.npy
SMP_00048,door_forced,3,2,train,esc50_82817,esc50,data/processed/features/train/SMP_00048.npy
SMP_00049,door_forced,3,2,train,esc50_114254,esc50,data/processed/features/train/SMP_00049.npy
SMP_00050,door_forced,3,2,train,esc50_118624,esc50,data/processed/features/train/SMP_00050.npy
SMP_00051,door_forced,3,2,train,esc50_118625,esc50,data/processed/features/train/SMP_00051.npy
SMP_00052,door_forced,3,2,test,esc50_120218,esc50,data/processed/features/test/SMP_00052.npy
SMP_00053,door_forced,3,2,test,esc50_120218,esc50,data/processed/features/test/SMP_00053.npy
SMP_00054,door_forced,3,2,train,esc50_133889,esc50,data/processed/features/train/SMP_00054.npy
SMP_00055,door_forced,3,2,val,esc50_134915,esc50,data/processed/features/val/SMP_00055.npy
SMP_00056,door_forced,3,2,train,esc50_140841,esc50,data/processed/features/train/SMP_00056.npy
SMP_00057,door_forced,3,2,test,esc50_144510,esc50,data/processed/features/test/SMP_00057.npy
SMP_00058,door_forced,3,2,train,esc50_151089,esc50,data/processed/features/train/SMP_00058.npy
SMP_00059,door_forced,3,2,train,esc50_152594,esc50,data/processed/features/train/SMP_00059.npy
SMP_00060,door_forced,3,2,train,esc50_154378,esc50,data/processed/features/train/SMP_00060.npy
SMP_00061,door_forced,3,2,train,esc50_170574,esc50,data/processed/features/train/SMP_00061.npy
SMP_00062,door_forced,3,2,train,esc50_180147,esc50,data/processed/features/train/SMP_00062.npy
SMP_00063,door_forced,3,2,train,esc50_182023,esc50,data/processed/features/train/SMP_00063.npy
SMP_00064,door_forced,3,2,train,esc50_182025,esc50,data/processed/features/train/SMP_00064.npy
SMP_00065,door_forced,3,2,train,esc50_182034,esc50,data/processed/features/train/SMP_00065.npy
SMP_00066,door_forced,3,2,train,esc50_182039,esc50,data/processed/features/train/SMP_00066.npy
SMP_00067,door_forced,3,2,val,esc50_182041,esc50,data/processed/features/val/SMP_00067.npy
SMP_00068,door_forced,3,2,train,esc50_186518,esc50,data/processed/features/train/SMP_00068.npy
SMP_00069,door_forced,3,2,train,esc50_187284,esc50,data/processed/features/train/SMP_00069.npy
SMP_00070,door_forced,3,2,train,esc50_188878,esc50,data/processed/features/train/SMP_00070.npy
SMP_00071,door_forced,3,2,train,esc50_211502,esc50,data/processed/features/train/SMP_00071.npy
SMP_00072,door_forced,3,2,train,esc50_261068,esc50,data/processed/features/train/SMP_00072.npy
SMP_00073,door_forced,3,2,train,esc50_218980,esc50,data/processed/features/train/SMP_00073.npy
SMP_00074,door_forced,3,2,train,esc50_218981,esc50,data/processed/features/train/SMP_00074.npy
SMP_00075,door_forced,3,2,train,esc50_235644,esc50,data/processed/features/train/SMP_00075.npy
SMP_00076,door_forced,3,2,train,esc50_250026,esc50,data/processed/features/train/SMP_00076.npy
SMP_00077,door_forced,3,2,train,esc50_250026,esc50,data/processed/features/train/SMP_00077.npy
SMP_00078,door_forced,3,2,train,esc50_251426,esc50,data/processed/features/train/SMP_00078.npy
SMP_00079,door_forced,3,2,train,esc50_251426,esc50,data/processed/features/train/SMP_00079.npy
SMP_00080,door_forced,3,2,train,esc50_256512,esc50,data/processed/features/train/SMP_00080.npy
SMP_00081,cry_help,5,4,train,esc50_187207,esc50,data/processed/features/train/SMP_00081.npy
SMP_00082,cry_help,5,4,train,esc50_211527,esc50,data/processed/features/train/SMP_00082.npy
SMP_00083,cry_help,5,4,train,esc50_211527,esc50,data/processed/features/train/SMP_00083.npy
SMP_00084,cry_help,5,4,train,esc50_211527,esc50,data/processed/features/train/SMP_00084.npy
SMP_00085,cry_help,5,4,val,esc50_22694,esc50,data/processed/features/val/SMP_00085.npy
SMP_00086,cry_help,5,4,val,esc50_22694,esc50,data/processed/features/val/SMP_00086.npy
SMP_00087,cry_help,5,4,test,esc50_60997,esc50,data/processed/features/test/SMP_00087.npy
SMP_00088,cry_help,5,4,test,esc50_60997,esc50,data/processed/features/test/SMP_00088.npy
SMP_00089,cry_help,5,4,test,esc50_107351,esc50,data/processed/features/test/SMP_00089.npy
SMP_00090,cry_help,5,4,test,esc50_107351,esc50,data/processed/features/test/SMP_00090.npy
SMP_00091,cry_help,5,4,val,esc50_151079,esc50,data/processed/features/val/SMP_00091.npy
SMP_00092,cry_help,5,4,val,esc50_50665,esc50,data/processed/features/val/SMP_00092.npy
SMP_00093,cry_help,5,4,train,esc50_50666,esc50,data/processed/features/train/SMP_00093.npy
SMP_00094,cry_help,5,4,train,esc50_66637,esc50,data/processed/features/train/SMP_00094.npy
SMP_00095,cry_help,5,4,train,esc50_66637,esc50,data/processed/features/train/SMP_00095.npy
SMP_00096,cry_help,5,4,train,esc50_80482,esc50,data/processed/features/train/SMP_00096.npy
SMP_00097,cry_help,5,4,train,esc50_151080,esc50,data/processed/features/train/SMP_00097.npy
SMP_00098,cry_help,5,4,test,esc50_151081,esc50,data/processed/features/test/SMP_00098.npy
SMP_00099,cry_help,5,4,test,esc50_151081,esc50,data/processed/features/test/SMP_00099.npy
SMP_00100,cry_help,5,4,train,esc50_152007,esc50,data/processed/features/train/SMP_00100.npy
SMP_00101,cry_help,5,4,train,esc50_152007,esc50,data/processed/features/train/SMP_00101.npy
SMP_00102,cry_help,5,4,train,esc50_152007,esc50,data/processed/features/train/SMP_00102.npy
SMP_00103,cry_help,5,4,train,esc50_152007,esc50,data/processed/features/train/SMP_00103.npy
SMP_00104,cry_help,5,4,train,esc50_152007,esc50,data/processed/features/train/SMP_00104.npy
SMP_00105,cry_help,5,4,train,esc50_167077,esc50,data/processed/features/train/SMP_00105.npy
SMP_00106,cry_help,5,4,train,esc50_167077,esc50,data/processed/features/train/SMP_00106.npy
SMP_00107,cry_help,5,4,train,esc50_167077,esc50,data/processed/features/train/SMP_00107.npy
SMP_00108,cry_help,5,4,train,esc50_185575,esc50,data/processed/features/train/SMP_00108.npy
SMP_00109,cry_help,5,4,train,esc50_185575,esc50,data/processed/features/train/SMP_00109.npy
SMP_00110,cry_help,5,4,train,esc50_185575,esc50,data/processed/features/train/SMP_00110.npy
SMP_00111,cry_help,5,4,train,esc50_59579,esc50,data/processed/features/train/SMP_00111.npy
SMP_00112,cry_help,5,4,train,esc50_59579,esc50,data/processed/features/train/SMP_00112.npy
SMP_00113,cry_help,5,4,train,esc50_151085,esc50,data/processed/features/train/SMP_00113.npy
SMP_00114,cry_help,5,4,test,esc50_198411,esc50,data/processed/features/test/SMP_00114.npy
SMP_00115,cry_help,5,4,test,esc50_198411,esc50,data/processed/features/test/SMP_00115.npy
SMP_00116,cry_help,5,4,test,esc50_198411,esc50,data/processed/features/test/SMP_00116.npy
SMP_00117,cry_help,5,4,test,esc50_198411,esc50,data/processed/features/test/SMP_00117.npy
SMP_00118,cry_help,5,4,test,esc50_198411,esc50,data/processed/features/test/SMP_00118.npy
SMP_00119,cry_help,5,4,test,esc50_198411,esc50,data/processed/features/test/SMP_00119.npy
SMP_00120,cry_help,5,4,test,esc50_198411,esc50,data/processed/features/test/SMP_00120.npy
SMP_00121,fire_alarm_siren,6,5,train,esc50_31482,esc50,data/processed/features/train/SMP_00121.npy
SMP_00122,fire_alarm_siren,6,5,train,esc50_31482,esc50,data/processed/features/train/SMP_00122.npy
SMP_00123,fire_alarm_siren,6,5,train,esc50_54084,esc50,data/processed/features/train/SMP_00123.npy
SMP_00124,fire_alarm_siren,6,5,train,esc50_76831,esc50,data/processed/features/train/SMP_00124.npy
SMP_00125,fire_alarm_siren,6,5,train,esc50_76831,esc50,data/processed/features/train/SMP_00125.npy
SMP_00126,fire_alarm_siren,6,5,train,esc50_76831,esc50,data/processed/features/train/SMP_00126.npy
SMP_00127,fire_alarm_siren,6,5,train,esc50_76831,esc50,data/processed/features/train/SMP_00127.npy
SMP_00128,fire_alarm_siren,6,5,train,esc50_76831,esc50,data/processed/features/train/SMP_00128.npy
SMP_00129,fire_alarm_siren,6,5,val,esc50_43802,esc50,data/processed/features/val/SMP_00129.npy
SMP_00130,fire_alarm_siren,6,5,train,esc50_43806,esc50,data/processed/features/train/SMP_00130.npy
SMP_00131,fire_alarm_siren,6,5,train,esc50_70052,esc50,data/processed/features/train/SMP_00131.npy
SMP_00132,fire_alarm_siren,6,5,train,esc50_70052,esc50,data/processed/features/train/SMP_00132.npy
SMP_00133,fire_alarm_siren,6,5,train,esc50_70936,esc50,data/processed/features/train/SMP_00133.npy
SMP_00134,fire_alarm_siren,6,5,train,esc50_70938,esc50,data/processed/features/train/SMP_00134.npy
SMP_00135,fire_alarm_siren,6,5,train,esc50_70939,esc50,data/processed/features/train/SMP_00135.npy
SMP_00136,fire_alarm_siren,6,5,train,esc50_72688,esc50,data/processed/features/train/SMP_00136.npy
SMP_00137,fire_alarm_siren,6,5,test,esc50_51376,esc50,data/processed/features/test/SMP_00137.npy
SMP_00138,fire_alarm_siren,6,5,train,esc50_51731,esc50,data/processed/features/train/SMP_00138.npy
SMP_00139,fire_alarm_siren,6,5,train,esc50_51731,esc50,data/processed/features/train/SMP_00139.npy
SMP_00140,fire_alarm_siren,6,5,val,esc50_51909,esc50,data/processed/features/val/SMP_00140.npy
SMP_00141,fire_alarm_siren,6,5,val,esc50_51909,esc50,data/processed/features/val/SMP_00141.npy
SMP_00142,fire_alarm_siren,6,5,train,esc50_58772,esc50,data/processed/features/train/SMP_00142.npy
SMP_00143,fire_alarm_siren,6,5,train,esc50_62878,esc50,data/processed/features/train/SMP_00143.npy
SMP_00144,fire_alarm_siren,6,5,train,esc50_62878,esc50,data/processed/features/train/SMP_00144.npy
SMP_00145,fire_alarm_siren,6,5,test,esc50_102871,esc50,data/processed/features/test/SMP_00145.npy
SMP_00146,fire_alarm_siren,6,5,train,esc50_111671,esc50,data/processed/features/train/SMP_00146.npy
SMP_00147,fire_alarm_siren,6,5,train,esc50_111671,esc50,data/processed/features/train/SMP_00147.npy
SMP_00148,fire_alarm_siren,6,5,train,esc50_121532,esc50,data/processed/features/train/SMP_00148.npy
SMP_00149,fire_alarm_siren,6,5,test,esc50_67358,esc50,data/processed/features/test/SMP_00149.npy
SMP_00150,fire_alarm_siren,6,5,train,esc50_80761,esc50,data/processed/features/train/SMP_00150.npy
SMP_00151,fire_alarm_siren,6,5,val,esc50_90014,esc50,data/processed/features/val/SMP_00151.npy
SMP_00152,fire_alarm_siren,6,5,val,esc50_90014,esc50,data/processed/features/val/SMP_00152.npy
SMP_00153,fire_alarm_siren,6,5,val,esc50_117118,esc50,data/processed/features/val/SMP_00153.npy
SMP_00154,fire_alarm_siren,6,5,train,esc50_117120,esc50,data/processed/features/train/SMP_00154.npy
SMP_00155,fire_alarm_siren,6,5,train,esc50_117122,esc50,data/processed/features/train/SMP_00155.npy
SMP_00156,fire_alarm_siren,6,5,train,esc50_133989,esc50,data/processed/features/train/SMP_00156.npy
SMP_00157,fire_alarm_siren,6,5,train,esc50_133989,esc50,data/processed/features/train/SMP_00157.npy
SMP_00158,fire_alarm_siren,6,5,val,esc50_150409,esc50,data/processed/features/val/SMP_00158.npy
SMP_00159,fire_alarm_siren,6,5,train,esc50_160551,esc50,data/processed/features/train/SMP_00159.npy
SMP_00160,fire_alarm_siren,6,5,val,esc50_184323,esc50,data/processed/features/val/SMP_00160.npy
SMP_00161,background_normal,9,8,train,esc50_155650,esc50,data/processed/features/train/SMP_00161.npy
SMP_00162,background_normal,9,8,train,esc50_50060,esc50,data/processed/features/train/SMP_00162.npy
SMP_00163,background_normal,9,8,train,esc50_210309,esc50,data/processed/features/train/SMP_00163.npy
SMP_00164,background_normal,9,8,test,esc50_202898,esc50,data/processed/features/test/SMP_00164.npy
SMP_00165,background_normal,9,8,train,esc50_61212,esc50,data/processed/features/train/SMP_00165.npy
SMP_00166,background_normal,9,8,test,esc50_198962,esc50,data/processed/features/test/SMP_00166.npy
SMP_00167,background_normal,9,8,train,esc50_21189,esc50,data/processed/features/train/SMP_00167.npy
SMP_00168,background_normal,9,8,val,esc50_62594,esc50,data/processed/features/val/SMP_00168.npy
SMP_00169,background_normal,9,8,val,esc50_179984,esc50,data/processed/features/val/SMP_00169.npy
SMP_00170,background_normal,9,8,train,esc50_72970,esc50,data/processed/features/train/SMP_00170.npy
SMP_00171,background_normal,9,8,train,esc50_109374,esc50,data/processed/features/train/SMP_00171.npy
SMP_00172,background_normal,9,8,train,esc50_260164,esc50,data/processed/features/train/SMP_00172.npy
SMP_00173,background_normal,9,8,train,esc50_246513,esc50,data/processed/features/train/SMP_00173.npy
SMP_00174,background_normal,9,8,train,esc50_235593,esc50,data/processed/features/train/SMP_00174.npy
SMP_00175,background_normal,9,8,train,esc50_52001,esc50,data/processed/features/train/SMP_00175.npy
SMP_00176,background_normal,9,8,train,esc50_73260,esc50,data/processed/features/train/SMP_00176.npy
SMP_00177,background_normal,9,8,val,esc50_170377,esc50,data/processed/features/val/SMP_00177.npy
SMP_00178,background_normal,9,8,val,esc50_198321,esc50,data/processed/features/val/SMP_00178.npy
SMP_00179,background_normal,9,8,test,esc50_95567,esc50,data/processed/features/test/SMP_00179.npy
SMP_00180,background_normal,9,8,test,esc50_263490,esc50,data/processed/features/test/SMP_00180.npy
SMP_00181,background_normal,9,8,test,esc50_98392,esc50,data/processed/features/test/SMP_00181.npy
SMP_00182,background_normal,9,8,test,esc50_152995,esc50,data/processed/features/test/SMP_00182.npy
SMP_00183,background_normal,9,8,train,esc50_222894,esc50,data/processed/features/train/SMP_00183.npy
SMP_00184,background_normal,9,8,test,esc50_39937,esc50,data/processed/features/test/SMP_00184.npy
SMP_00185,background_normal,9,8,train,esc50_193339,esc50,data/processed/features/train/SMP_00185.npy
SMP_00186,background_normal,9,8,train,esc50_144083,esc50,data/processed/features/train/SMP_00186.npy
SMP_00187,background_normal,9,8,val,esc50_103599,esc50,data/processed/features/val/SMP_00187.npy
SMP_00188,background_normal,9,8,test,esc50_223099,esc50,data/processed/features/test/SMP_00188.npy
SMP_00189,background_normal,9,8,train,esc50_30709,esc50,data/processed/features/train/SMP_00189.npy
SMP_00190,background_normal,9,8,train,esc50_104168,esc50,data/processed/features/train/SMP_00190.npy
SMP_00191,background_normal,9,8,train,esc50_194981,esc50,data/processed/features/train/SMP_00191.npy
SMP_00192,background_normal,9,8,train,esc50_17367,esc50,data/processed/features/train/SMP_00192.npy
SMP_00193,background_normal,9,8,train,esc50_243025,esc50,data/processed/features/train/SMP_00193.npy
SMP_00194,background_normal,9,8,val,esc50_108160,esc50,data/processed/features/val/SMP_00194.npy
SMP_00195,background_normal,9,8,train,esc50_209474,esc50,data/processed/features/train/SMP_00195.npy
SMP_00196,background_normal,9,8,train,esc50_47714,esc50,data/processed/features/train/SMP_00196.npy
SMP_00197,background_normal,9,8,train,esc50_29532,esc50,data/processed/features/train/SMP_00197.npy
SMP_00198,background_normal,9,8,test,esc50_244651,esc50,data/processed/features/test/SMP_00198.npy
SMP_00199,background_normal,9,8,val,esc50_120333,esc50,data/processed/features/val/SMP_00199.npy
SMP_00200,background_normal,9,8,train,esc50_118459,esc50,data/processed/features/train/SMP_00200.npy
SMP_00201,background_normal,9,8,test,esc50_149042,esc50,data/processed/features/test/SMP_00201.npy
SMP_00202,background_normal,9,8,train,esc50_36397,esc50,data/processed/features/train/SMP_00202.npy
SMP_00203,background_normal,9,8,test,esc50_205090,esc50,data/processed/features/test/SMP_00203.npy
SMP_00204,background_normal,9,8,train,esc50_154688,esc50,data/processed/features/train/SMP_00204.npy
SMP_00205,background_normal,9,8,train,esc50_125548,esc50,data/processed/features/train/SMP_00205.npy
SMP_00206,background_normal,9,8,train,esc50_163608,esc50,data/processed/features/train/SMP_00206.npy
SMP_00207,background_normal,9,8,train,esc50_58792,esc50,data/processed/features/train/SMP_00207.npy
SMP_00208,background_normal,9,8,test,esc50_155858,esc50,data/processed/features/test/SMP_00208.npy
SMP_00209,background_normal,9,8,val,esc50_51037,esc50,data/processed/features/val/SMP_00209.npy
SMP_00210,background_normal,9,8,train,esc50_235893,esc50,data/processed/features/train/SMP_00210.npy
SMP_00211,background_normal,9,8,train,esc50_218304,esc50,data/processed/features/train/SMP_00211.npy
SMP_00212,background_normal,9,8,train,esc50_167155,esc50,data/processed/features/train/SMP_00212.npy
SMP_00213,background_normal,9,8,train,esc50_185313,esc50,data/processed/features/train/SMP_00213.npy
SMP_00214,background_normal,9,8,train,esc50_109371,esc50,data/processed/features/train/SMP_00214.npy
SMP_00215,background_normal,9,8,train,esc50_233312,esc50,data/processed/features/train/SMP_00215.npy
SMP_00216,background_normal,9,8,train,esc50_210000,esc50,data/processed/features/train/SMP_00216.npy
SMP_00217,background_normal,9,8,test,esc50_155858,esc50,data/processed/features/test/SMP_00217.npy
SMP_00218,background_normal,9,8,train,esc50_209477,esc50,data/processed/features/train/SMP_00218.npy
SMP_00219,background_normal,9,8,train,esc50_108017,esc50,data/processed/features/train/SMP_00219.npy
SMP_00220,background_normal,9,8,train,esc50_210000,esc50,data/processed/features/train/SMP_00220.npy
SMP_00221,background_normal,9,8,test,esc50_79711,esc50,data/processed/features/test/SMP_00221.npy
SMP_00222,background_normal,9,8,train,esc50_51147,esc50,data/processed/features/train/SMP_00222.npy
SMP_00223,background_normal,9,8,train,esc50_246513,esc50,data/processed/features/train/SMP_00223.npy
SMP_00224,background_normal,9,8,val,esc50_109316,esc50,data/processed/features/val/SMP_00224.npy
SMP_00225,background_normal,9,8,test,esc50_101676,esc50,data/processed/features/test/SMP_00225.npy
SMP_00226,background_normal,9,8,train,esc50_110417,esc50,data/processed/features/train/SMP_00226.npy
SMP_00227,background_normal,9,8,train,esc50_263501,esc50,data/processed/features/train/SMP_00227.npy
SMP_00228,background_normal,9,8,test,esc50_166125,esc50,data/processed/features/test/SMP_00228.npy
SMP_00229,background_normal,9,8,train,esc50_234145,esc50,data/processed/features/train/SMP_00229.npy
SMP_00230,background_normal,9,8,val,esc50_119748,esc50,data/processed/features/val/SMP_00230.npy
SMP_00231,background_normal,9,8,train,esc50_164688,esc50,data/processed/features/train/SMP_00231.npy
SMP_00232,background_normal,9,8,train,esc50_158056,esc50,data/processed/features/train/SMP_00232.npy
SMP_00233,background_normal,9,8,train,esc50_157204,esc50,data/processed/features/train/SMP_00233.npy
SMP_00234,background_normal,9,8,train,esc50_234335,esc50,data/processed/features/train/SMP_00234.npy
SMP_00235,background_normal,9,8,train,esc50_163606,esc50,data/processed/features/train/SMP_00235.npy
SMP_00236,background_normal,9,8,test,esc50_104952,esc50,data/processed/features/test/SMP_00236.npy
SMP_00237,background_normal,9,8,val,esc50_157487,esc50,data/processed/features/val/SMP_00237.npy
SMP_00238,background_normal,9,8,train,esc50_216368,esc50,data/processed/features/train/SMP_00238.npy
SMP_00239,background_normal,9,8,train,esc50_21934,esc50,data/processed/features/train/SMP_00239.npy
SMP_00240,background_normal,9,8,train,esc50_85123,esc50,data/processed/features/train/SMP_00240.npy
SMP_00241,background_normal,9,8,test,esc50_85292,esc50,data/processed/features/test/SMP_00241.npy
SMP_00242,background_normal,9,8,test,esc50_155858,esc50,data/processed/features/test/SMP_00242.npy
SMP_00243,background_normal,9,8,train,esc50_155570,esc50,data/processed/features/train/SMP_00243.npy
SMP_00244,background_normal,9,8,test,esc50_117504,esc50,data/processed/features/test/SMP_00244.npy
SMP_00245,background_normal,9,8,train,esc50_219342,esc50,data/processed/features/train/SMP_00245.npy
SMP_00246,background_normal,9,8,test,esc50_212181,esc50,data/processed/features/test/SMP_00246.npy
SMP_00247,background_normal,9,8,train,esc50_143933,esc50,data/processed/features/train/SMP_00247.npy
SMP_00248,background_normal,9,8,val,esc50_130998,esc50,data/processed/features/val/SMP_00248.npy
SMP_00249,background_normal,9,8,test,esc50_205966,esc50,data/processed/features/test/SMP_00249.npy
SMP_00250,background_normal,9,8,train,esc50_184871,esc50,data/processed/features/train/SMP_00250.npy
SMP_00251,background_normal,9,8,train,esc50_63679,esc50,data/processed/features/train/SMP_00251.npy
SMP_00252,background_normal,9,8,test,esc50_209475,esc50,data/processed/features/test/SMP_00252.npy
SMP_00253,background_normal,9,8,val,esc50_184235,esc50,data/processed/features/val/SMP_00253.npy
SMP_00254,background_normal,9,8,train,esc50_209471,esc50,data/processed/features/train/SMP_00254.npy
SMP_00255,background_normal,9,8,train,esc50_144083,esc50,data/processed/features/train/SMP_00255.npy
SMP_00256,background_normal,9,8,train,esc50_161127,esc50,data/processed/features/train/SMP_00256.npy
SMP_00257,background_normal,9,8,test,esc50_21935,esc50,data/processed/features/test/SMP_00257.npy
SMP_00258,background_normal,9,8,train,esc50_103598,esc50,data/processed/features/train/SMP_00258.npy
SMP_00259,background_normal,9,8,train,esc50_30709,esc50,data/processed/features/train/SMP_00259.npy
SMP_00260,background_normal,9,8,val,esc50_140147,esc50,data/processed/features/val/SMP_00260.npy
SMP_00261,gunshot_explosion,2,1,train,us8k_7064,urbansound8k,data/processed/features/train/SMP_00261.npy
SMP_00262,gunshot_explosion,2,1,train,us8k_174284,urbansound8k,data/processed/features/train/SMP_00262.npy
SMP_00263,gunshot_explosion,2,1,val,us8k_200460,urbansound8k,data/processed/features/val/SMP_00263.npy
SMP_00264,gunshot_explosion,2,1,train,us8k_159701,urbansound8k,data/processed/features/train/SMP_00264.npy
SMP_00265,gunshot_explosion,2,1,train,us8k_102305,urbansound8k,data/processed/features/train/SMP_00265.npy
SMP_00266,gunshot_explosion,2,1,val,us8k_162432,urbansound8k,data/processed/features/val/SMP_00266.npy
SMP_00267,gunshot_explosion,2,1,train,us8k_34708,urbansound8k,data/processed/features/train/SMP_00267.npy
SMP_00268,gunshot_explosion,2,1,train,us8k_159708,urbansound8k,data/processed/features/train/SMP_00268.npy
SMP_00269,gunshot_explosion,2,1,train,us8k_148837,urbansound8k,data/processed/features/train/SMP_00269.npy
SMP_00270,gunshot_explosion,2,1,train,us8k_148827,urbansound8k,data/processed/features/train/SMP_00270.npy
SMP_00271,gunshot_explosion,2,1,val,us8k_136399,urbansound8k,data/processed/features/val/SMP_00271.npy
SMP_00272,gunshot_explosion,2,1,train,us8k_174294,urbansound8k,data/processed/features/train/SMP_00272.npy
SMP_00273,gunshot_explosion,2,1,val,us8k_174292,urbansound8k,data/processed/features/val/SMP_00273.npy
SMP_00274,gunshot_explosion,2,1,train,us8k_174293,urbansound8k,data/processed/features/train/SMP_00274.npy
SMP_00275,gunshot_explosion,2,1,train,us8k_159702,urbansound8k,data/processed/features/train/SMP_00275.npy
SMP_00276,gunshot_explosion,2,1,val,us8k_135544,urbansound8k,data/processed/features/val/SMP_00276.npy
SMP_00277,gunshot_explosion,2,1,val,us8k_7061,urbansound8k,data/processed/features/val/SMP_00277.npy
SMP_00278,gunshot_explosion,2,1,val,us8k_136399,urbansound8k,data/processed/features/val/SMP_00278.npy
SMP_00279,gunshot_explosion,2,1,train,us8k_157207,urbansound8k,data/processed/features/train/SMP_00279.npy
SMP_00280,gunshot_explosion,2,1,train,us8k_174290,urbansound8k,data/processed/features/train/SMP_00280.npy
SMP_00281,gunshot_explosion,2,1,train,us8k_157207,urbansound8k,data/processed/features/train/SMP_00281.npy
SMP_00282,gunshot_explosion,2,1,train,us8k_162433,urbansound8k,data/processed/features/train/SMP_00282.npy
SMP_00283,gunshot_explosion,2,1,test,us8k_162431,urbansound8k,data/processed/features/test/SMP_00283.npy
SMP_00284,gunshot_explosion,2,1,val,us8k_135544,urbansound8k,data/processed/features/val/SMP_00284.npy
SMP_00285,gunshot_explosion,2,1,train,us8k_157207,urbansound8k,data/processed/features/train/SMP_00285.npy
SMP_00286,gunshot_explosion,2,1,val,us8k_135544,urbansound8k,data/processed/features/val/SMP_00286.npy
SMP_00287,gunshot_explosion,2,1,val,us8k_174292,urbansound8k,data/processed/features/val/SMP_00287.npy
SMP_00288,gunshot_explosion,2,1,train,us8k_159702,urbansound8k,data/processed/features/train/SMP_00288.npy
SMP_00289,gunshot_explosion,2,1,train,us8k_7064,urbansound8k,data/processed/features/train/SMP_00289.npy
SMP_00290,gunshot_explosion,2,1,train,us8k_162433,urbansound8k,data/processed/features/train/SMP_00290.npy
SMP_00291,gunshot_explosion,2,1,train,us8k_77246,urbansound8k,data/processed/features/train/SMP_00291.npy
SMP_00292,gunshot_explosion,2,1,train,us8k_135527,urbansound8k,data/processed/features/train/SMP_00292.npy
SMP_00293,gunshot_explosion,2,1,train,us8k_135528,urbansound8k,data/processed/features/train/SMP_00293.npy
SMP_00294,gunshot_explosion,2,1,train,us8k_149177,urbansound8k,data/processed/features/train/SMP_00294.npy
SMP_00295,gunshot_explosion,2,1,test,us8k_148833,urbansound8k,data/processed/features/test/SMP_00295.npy
SMP_00296,gunshot_explosion,2,1,train,us8k_25038,urbansound8k,data/processed/features/train/SMP_00296.npy
SMP_00297,gunshot_explosion,2,1,train,us8k_197320,urbansound8k,data/processed/features/train/SMP_00297.npy
SMP_00298,gunshot_explosion,2,1,val,us8k_136399,urbansound8k,data/processed/features/val/SMP_00298.npy
SMP_00299,gunshot_explosion,2,1,train,us8k_135528,urbansound8k,data/processed/features/train/SMP_00299.npy
SMP_00300,gunshot_explosion,2,1,train,us8k_157207,urbansound8k,data/processed/features/train/SMP_00300.npy
SMP_00301,gunshot_explosion,2,1,train,us8k_157207,urbansound8k,data/processed/features/train/SMP_00301.npy
SMP_00302,gunshot_explosion,2,1,train,us8k_145608,urbansound8k,data/processed/features/train/SMP_00302.npy
SMP_00303,gunshot_explosion,2,1,train,us8k_174293,urbansound8k,data/processed/features/train/SMP_00303.npy
SMP_00304,gunshot_explosion,2,1,val,us8k_145683,urbansound8k,data/processed/features/val/SMP_00304.npy
SMP_00305,gunshot_explosion,2,1,train,us8k_148827,urbansound8k,data/processed/features/train/SMP_00305.npy
SMP_00306,gunshot_explosion,2,1,val,us8k_135544,urbansound8k,data/processed/features/val/SMP_00306.npy
SMP_00307,gunshot_explosion,2,1,test,us8k_145206,urbansound8k,data/processed/features/test/SMP_00307.npy
SMP_00308,gunshot_explosion,2,1,val,us8k_7066,urbansound8k,data/processed/features/val/SMP_00308.npy
SMP_00309,gunshot_explosion,2,1,train,us8k_162434,urbansound8k,data/processed/features/train/SMP_00309.npy
SMP_00310,gunshot_explosion,2,1,train,us8k_34708,urbansound8k,data/processed/features/train/SMP_00310.npy
SMP_00311,gunshot_explosion,2,1,val,us8k_24652,urbansound8k,data/processed/features/val/SMP_00311.npy
SMP_00312,gunshot_explosion,2,1,train,us8k_148835,urbansound8k,data/processed/features/train/SMP_00312.npy
SMP_00313,gunshot_explosion,2,1,test,us8k_145206,urbansound8k,data/processed/features/test/SMP_00313.npy
SMP_00314,gunshot_explosion,2,1,val,us8k_135544,urbansound8k,data/processed/features/val/SMP_00314.npy
SMP_00315,gunshot_explosion,2,1,val,us8k_24631,urbansound8k,data/processed/features/val/SMP_00315.npy
SMP_00316,gunshot_explosion,2,1,val,us8k_135526,urbansound8k,data/processed/features/val/SMP_00316.npy
SMP_00317,gunshot_explosion,2,1,train,us8k_148837,urbansound8k,data/processed/features/train/SMP_00317.npy
SMP_00318,gunshot_explosion,2,1,val,us8k_135544,urbansound8k,data/processed/features/val/SMP_00318.npy
SMP_00319,gunshot_explosion,2,1,train,us8k_135528,urbansound8k,data/processed/features/train/SMP_00319.npy
SMP_00320,gunshot_explosion,2,1,train,us8k_135527,urbansound8k,data/processed/features/train/SMP_00320.npy
SMP_00321,gunshot_explosion,2,1,val,us8k_136399,urbansound8k,data/processed/features/val/SMP_00321.npy
SMP_00322,gunshot_explosion,2,1,train,us8k_197318,urbansound8k,data/processed/features/train/SMP_00322.npy
SMP_00323,gunshot_explosion,2,1,train,us8k_197318,urbansound8k,data/processed/features/train/SMP_00323.npy
SMP_00324,gunshot_explosion,2,1,train,us8k_191449,urbansound8k,data/processed/features/train/SMP_00324.npy
SMP_00325,gunshot_explosion,2,1,val,us8k_136399,urbansound8k,data/processed/features/val/SMP_00325.npy
SMP_00326,gunshot_explosion,2,1,train,us8k_174294,urbansound8k,data/processed/features/train/SMP_00326.npy
SMP_00327,gunshot_explosion,2,1,train,us8k_162433,urbansound8k,data/processed/features/train/SMP_00327.npy
SMP_00328,gunshot_explosion,2,1,val,us8k_135526,urbansound8k,data/processed/features/val/SMP_00328.npy
SMP_00329,gunshot_explosion,2,1,train,us8k_159703,urbansound8k,data/processed/features/train/SMP_00329.npy
SMP_00330,gunshot_explosion,2,1,train,us8k_148837,urbansound8k,data/processed/features/train/SMP_00330.npy
SMP_00331,gunshot_explosion,2,1,test,us8k_174287,urbansound8k,data/processed/features/test/SMP_00331.npy
SMP_00332,gunshot_explosion,2,1,val,us8k_162432,urbansound8k,data/processed/features/val/SMP_00332.npy
SMP_00333,gunshot_explosion,2,1,train,us8k_197318,urbansound8k,data/processed/features/train/SMP_00333.npy
SMP_00334,gunshot_explosion,2,1,test,us8k_37236,urbansound8k,data/processed/features/test/SMP_00334.npy
SMP_00335,gunshot_explosion,2,1,test,us8k_158977,urbansound8k,data/processed/features/test/SMP_00335.npy
SMP_00336,gunshot_explosion,2,1,val,us8k_162432,urbansound8k,data/processed/features/val/SMP_00336.npy
SMP_00337,gunshot_explosion,2,1,train,us8k_159708,urbansound8k,data/processed/features/train/SMP_00337.npy
SMP_00338,gunshot_explosion,2,1,train,us8k_135528,urbansound8k,data/processed/features/train/SMP_00338.npy
SMP_00339,gunshot_explosion,2,1,test,us8k_162431,urbansound8k,data/processed/features/test/SMP_00339.npy
SMP_00340,gunshot_explosion,2,1,train,us8k_111048,urbansound8k,data/processed/features/train/SMP_00340.npy
SMP_00341,gunshot_explosion,2,1,train,us8k_135527,urbansound8k,data/processed/features/train/SMP_00341.npy
SMP_00342,gunshot_explosion,2,1,val,us8k_162432,urbansound8k,data/processed/features/val/SMP_00342.npy
SMP_00343,gunshot_explosion,2,1,val,us8k_162435,urbansound8k,data/processed/features/val/SMP_00343.npy
SMP_00344,gunshot_explosion,2,1,val,us8k_162432,urbansound8k,data/processed/features/val/SMP_00344.npy
SMP_00345,gunshot_explosion,2,1,train,us8k_159702,urbansound8k,data/processed/features/train/SMP_00345.npy
SMP_00346,gunshot_explosion,2,1,test,us8k_145206,urbansound8k,data/processed/features/test/SMP_00346.npy
SMP_00347,gunshot_explosion,2,1,train,us8k_159708,urbansound8k,data/processed/features/train/SMP_00347.npy
SMP_00348,gunshot_explosion,2,1,val,us8k_174282,urbansound8k,data/processed/features/val/SMP_00348.npy
SMP_00349,gunshot_explosion,2,1,train,us8k_159701,urbansound8k,data/processed/features/train/SMP_00349.npy
SMP_00350,gunshot_explosion,2,1,train,us8k_148166,urbansound8k,data/processed/features/train/SMP_00350.npy
SMP_00351,gunshot_explosion,2,1,train,us8k_148827,urbansound8k,data/processed/features/train/SMP_00351.npy
SMP_00352,gunshot_explosion,2,1,train,us8k_159701,urbansound8k,data/processed/features/train/SMP_00352.npy
SMP_00353,gunshot_explosion,2,1,train,us8k_135527,urbansound8k,data/processed/features/train/SMP_00353.npy
SMP_00354,gunshot_explosion,2,1,val,us8k_162432,urbansound8k,data/processed/features/val/SMP_00354.npy
SMP_00355,gunshot_explosion,2,1,train,us8k_197320,urbansound8k,data/processed/features/train/SMP_00355.npy
SMP_00356,gunshot_explosion,2,1,train,us8k_135527,urbansound8k,data/processed/features/train/SMP_00356.npy
SMP_00357,gunshot_explosion,2,1,train,us8k_87562,urbansound8k,data/processed/features/train/SMP_00357.npy
SMP_00358,gunshot_explosion,2,1,train,us8k_76090,urbansound8k,data/processed/features/train/SMP_00358.npy
SMP_00359,gunshot_explosion,2,1,test,us8k_76091,urbansound8k,data/processed/features/test/SMP_00359.npy
SMP_00360,gunshot_explosion,2,1,train,us8k_76094,urbansound8k,data/processed/features/train/SMP_00360.npy
SMP_00361,gunshot_explosion,2,1,train,us8k_169261,urbansound8k,data/processed/features/train/SMP_00361.npy
SMP_00362,gunshot_explosion,2,1,train,us8k_197320,urbansound8k,data/processed/features/train/SMP_00362.npy
SMP_00363,gunshot_explosion,2,1,train,us8k_135528,urbansound8k,data/processed/features/train/SMP_00363.npy
SMP_00364,gunshot_explosion,2,1,train,us8k_159707,urbansound8k,data/processed/features/train/SMP_00364.npy
SMP_00365,gunshot_explosion,2,1,val,us8k_174292,urbansound8k,data/processed/features/val/SMP_00365.npy
SMP_00366,gunshot_explosion,2,1,train,us8k_174284,urbansound8k,data/processed/features/train/SMP_00366.npy
SMP_00367,gunshot_explosion,2,1,val,us8k_200460,urbansound8k,data/processed/features/val/SMP_00367.npy
SMP_00368,gunshot_explosion,2,1,val,us8k_162432,urbansound8k,data/processed/features/val/SMP_00368.npy
SMP_00369,gunshot_explosion,2,1,val,us8k_151065,urbansound8k,data/processed/features/val/SMP_00369.npy
SMP_00370,gunshot_explosion,2,1,train,us8k_159708,urbansound8k,data/processed/features/train/SMP_00370.npy
SMP_00371,gunshot_explosion,2,1,train,us8k_7062,urbansound8k,data/processed/features/train/SMP_00371.npy
SMP_00372,gunshot_explosion,2,1,test,us8k_148838,urbansound8k,data/processed/features/test/SMP_00372.npy
SMP_00373,gunshot_explosion,2,1,val,us8k_162435,urbansound8k,data/processed/features/val/SMP_00373.npy
SMP_00374,gunshot_explosion,2,1,train,us8k_162436,urbansound8k,data/processed/features/train/SMP_00374.npy
SMP_00375,gunshot_explosion,2,1,train,us8k_174294,urbansound8k,data/processed/features/train/SMP_00375.npy
SMP_00376,gunshot_explosion,2,1,train,us8k_46656,urbansound8k,data/processed/features/train/SMP_00376.npy
SMP_00377,gunshot_explosion,2,1,test,us8k_76091,urbansound8k,data/processed/features/test/SMP_00377.npy
SMP_00378,gunshot_explosion,2,1,train,us8k_164667,urbansound8k,data/processed/features/train/SMP_00378.npy
SMP_00379,gunshot_explosion,2,1,train,us8k_135528,urbansound8k,data/processed/features/train/SMP_00379.npy
SMP_00380,gunshot_explosion,2,1,val,us8k_145609,urbansound8k,data/processed/features/val/SMP_00380.npy
SMP_00381,gunshot_explosion,2,1,train,us8k_197320,urbansound8k,data/processed/features/train/SMP_00381.npy
SMP_00382,gunshot_explosion,2,1,train,us8k_157207,urbansound8k,data/processed/features/train/SMP_00382.npy
SMP_00383,gunshot_explosion,2,1,train,us8k_7064,urbansound8k,data/processed/features/train/SMP_00383.npy
SMP_00384,gunshot_explosion,2,1,train,us8k_135527,urbansound8k,data/processed/features/train/SMP_00384.npy
SMP_00387,gunshot_explosion,2,1,train,us8k_148835,urbansound8k,data/processed/features/train/SMP_00387.npy
SMP_00385,gunshot_explosion,2,1,train,us8k_135527,urbansound8k,data/processed/features/train/SMP_00385.npy
SMP_00386,gunshot_explosion,2,1,train,us8k_135527,urbansound8k,data/processed/features/train/SMP_00386.npy
SMP_00388,gunshot_explosion,2,1,val,us8k_23161,urbansound8k,data/processed/features/val/SMP_00388.npy
SMP_00389,gunshot_explosion,2,1,train,us8k_174289,urbansound8k,data/processed/features/train/SMP_00389.npy
SMP_00390,gunshot_explosion,2,1,val,us8k_145683,urbansound8k,data/processed/features/val/SMP_00390.npy
SMP_00391,gunshot_explosion,2,1,train,us8k_157801,urbansound8k,data/processed/features/train/SMP_00391.npy
SMP_00392,gunshot_explosion,2,1,train,us8k_25039,urbansound8k,data/processed/features/train/SMP_00392.npy
SMP_00394,gunshot_explosion,2,1,val,us8k_200460,urbansound8k,data/processed/features/val/SMP_00394.npy
SMP_00393,gunshot_explosion,2,1,train,us8k_135527,urbansound8k,data/processed/features/train/SMP_00393.npy
SMP_00395,gunshot_explosion,2,1,val,us8k_162432,urbansound8k,data/processed/features/val/SMP_00395.npy
SMP_00396,gunshot_explosion,2,1,val,us8k_135526,urbansound8k,data/processed/features/val/SMP_00396.npy
SMP_00398,gunshot_explosion,2,1,train,us8k_135528,urbansound8k,data/processed/features/train/SMP_00398.npy
SMP_00397,gunshot_explosion,2,1,val,us8k_162432,urbansound8k,data/processed/features/val/SMP_00397.npy
SMP_00399,gunshot_explosion,2,1,train,us8k_159708,urbansound8k,data/processed/features/train/SMP_00399.npy
SMP_00400,gunshot_explosion,2,1,test,us8k_164646,urbansound8k,data/processed/features/test/SMP_00400.npy
SMP_00401,gunshot_explosion,2,1,train,us8k_159704,urbansound8k,data/processed/features/train/SMP_00401.npy
SMP_00402,gunshot_explosion,2,1,train,us8k_135527,urbansound8k,data/processed/features/train/SMP_00402.npy
SMP_00403,gunshot_explosion,2,1,train,us8k_197320,urbansound8k,data/processed/features/train/SMP_00403.npy
SMP_00404,gunshot_explosion,2,1,train,us8k_159702,urbansound8k,data/processed/features/train/SMP_00404.npy
SMP_00405,gunshot_explosion,2,1,train,us8k_77247,urbansound8k,data/processed/features/train/SMP_00405.npy
SMP_00406,gunshot_explosion,2,1,train,us8k_34708,urbansound8k,data/processed/features/train/SMP_00406.npy
SMP_00407,gunshot_explosion,2,1,test,us8k_148833,urbansound8k,data/processed/features/test/SMP_00407.npy
SMP_00408,gunshot_explosion,2,1,train,us8k_135528,urbansound8k,data/processed/features/train/SMP_00408.npy
SMP_00409,gunshot_explosion,2,1,train,us8k_133797,urbansound8k,data/processed/features/train/SMP_00409.npy
SMP_00410,gunshot_explosion,2,1,train,us8k_135527,urbansound8k,data/processed/features/train/SMP_00410.npy
SMP_00411,loud_impact,7,6,train,us8k_167702,urbansound8k,data/processed/features/train/SMP_00411.npy
SMP_00412,loud_impact,7,6,train,us8k_127443,urbansound8k,data/processed/features/train/SMP_00412.npy
SMP_00413,loud_impact,7,6,train,us8k_162134,urbansound8k,data/processed/features/train/SMP_00413.npy
SMP_00414,loud_impact,7,6,test,us8k_203929,urbansound8k,data/processed/features/test/SMP_00414.npy
SMP_00415,loud_impact,7,6,train,us8k_180937,urbansound8k,data/processed/features/train/SMP_00415.npy
SMP_00416,loud_impact,7,6,train,us8k_162134,urbansound8k,data/processed/features/train/SMP_00416.npy
SMP_00417,loud_impact,7,6,train,us8k_71529,urbansound8k,data/processed/features/train/SMP_00417.npy
SMP_00418,loud_impact,7,6,train,us8k_62837,urbansound8k,data/processed/features/train/SMP_00418.npy
SMP_00419,loud_impact,7,6,train,us8k_180029,urbansound8k,data/processed/features/train/SMP_00419.npy
SMP_00420,loud_impact,7,6,val,us8k_156362,urbansound8k,data/processed/features/val/SMP_00420.npy
SMP_00421,loud_impact,7,6,val,us8k_180134,urbansound8k,data/processed/features/val/SMP_00421.npy
SMP_00422,loud_impact,7,6,train,us8k_180937,urbansound8k,data/processed/features/train/SMP_00422.npy
SMP_00423,loud_impact,7,6,train,us8k_167701,urbansound8k,data/processed/features/train/SMP_00423.npy
SMP_00424,loud_impact,7,6,train,us8k_30206,urbansound8k,data/processed/features/train/SMP_00424.npy
SMP_00425,loud_impact,7,6,test,us8k_46669,urbansound8k,data/processed/features/test/SMP_00425.npy
SMP_00426,loud_impact,7,6,train,us8k_178260,urbansound8k,data/processed/features/train/SMP_00426.npy
SMP_00427,loud_impact,7,6,train,us8k_22883,urbansound8k,data/processed/features/train/SMP_00427.npy
SMP_00428,loud_impact,7,6,train,us8k_148463,urbansound8k,data/processed/features/train/SMP_00428.npy
SMP_00429,loud_impact,7,6,train,us8k_105029,urbansound8k,data/processed/features/train/SMP_00429.npy
SMP_00430,loud_impact,7,6,train,us8k_77751,urbansound8k,data/processed/features/train/SMP_00430.npy
SMP_00431,loud_impact,7,6,train,us8k_14772,urbansound8k,data/processed/features/train/SMP_00431.npy
SMP_00432,loud_impact,7,6,train,us8k_55020,urbansound8k,data/processed/features/train/SMP_00432.npy
SMP_00433,loud_impact,7,6,test,us8k_199929,urbansound8k,data/processed/features/test/SMP_00433.npy
SMP_00434,loud_impact,7,6,val,us8k_205874,urbansound8k,data/processed/features/val/SMP_00434.npy
SMP_00435,loud_impact,7,6,train,us8k_90013,urbansound8k,data/processed/features/train/SMP_00435.npy
SMP_00436,loud_impact,7,6,val,us8k_104998,urbansound8k,data/processed/features/val/SMP_00436.npy
SMP_00437,loud_impact,7,6,train,us8k_180126,urbansound8k,data/processed/features/train/SMP_00437.npy
SMP_00438,loud_impact,7,6,val,us8k_180134,urbansound8k,data/processed/features/val/SMP_00438.npy
SMP_00439,loud_impact,7,6,train,us8k_57584,urbansound8k,data/processed/features/train/SMP_00439.npy
SMP_00440,loud_impact,7,6,train,us8k_76085,urbansound8k,data/processed/features/train/SMP_00440.npy
SMP_00441,loud_impact,7,6,train,us8k_131918,urbansound8k,data/processed/features/train/SMP_00441.npy
SMP_00442,loud_impact,7,6,train,us8k_180029,urbansound8k,data/processed/features/train/SMP_00442.npy
SMP_00443,loud_impact,7,6,train,us8k_14111,urbansound8k,data/processed/features/train/SMP_00443.npy
SMP_00444,loud_impact,7,6,test,us8k_46669,urbansound8k,data/processed/features/test/SMP_00444.npy
SMP_00445,loud_impact,7,6,train,us8k_62837,urbansound8k,data/processed/features/train/SMP_00445.npy
SMP_00446,loud_impact,7,6,test,us8k_118278,urbansound8k,data/processed/features/test/SMP_00446.npy
SMP_00447,loud_impact,7,6,train,us8k_30206,urbansound8k,data/processed/features/train/SMP_00447.npy
SMP_00448,loud_impact,7,6,val,us8k_180134,urbansound8k,data/processed/features/val/SMP_00448.npy
SMP_00452,loud_impact,7,6,test,us8k_76086,urbansound8k,data/processed/features/test/SMP_00452.npy
SMP_00454,loud_impact,7,6,train,us8k_188824,urbansound8k,data/processed/features/train/SMP_00454.npy
SMP_00449,loud_impact,7,6,val,us8k_205874,urbansound8k,data/processed/features/val/SMP_00449.npy
SMP_00451,loud_impact,7,6,train,us8k_180937,urbansound8k,data/processed/features/train/SMP_00451.npy
SMP_00453,loud_impact,7,6,train,us8k_71171,urbansound8k,data/processed/features/train/SMP_00453.npy
SMP_00450,loud_impact,7,6,train,us8k_165039,urbansound8k,data/processed/features/train/SMP_00450.npy
SMP_00456,loud_impact,7,6,test,us8k_68080,urbansound8k,data/processed/features/test/SMP_00456.npy
SMP_00455,loud_impact,7,6,test,us8k_46669,urbansound8k,data/processed/features/test/SMP_00455.npy
SMP_00458,loud_impact,7,6,train,us8k_180937,urbansound8k,data/processed/features/train/SMP_00458.npy
SMP_00457,loud_impact,7,6,train,us8k_180937,urbansound8k,data/processed/features/train/SMP_00457.npy
SMP_00460,loud_impact,7,6,train,us8k_107842,urbansound8k,data/processed/features/train/SMP_00460.npy
SMP_00459,loud_impact,7,6,train,us8k_162134,urbansound8k,data/processed/features/train/SMP_00459.npy
SMP_00461,loud_impact,7,6,val,us8k_174276,urbansound8k,data/processed/features/val/SMP_00461.npy
SMP_00462,loud_impact,7,6,train,us8k_77774,urbansound8k,data/processed/features/train/SMP_00462.npy
SMP_00463,loud_impact,7,6,train,us8k_54697,urbansound8k,data/processed/features/train/SMP_00463.npy
SMP_00464,loud_impact,7,6,train,us8k_22883,urbansound8k,data/processed/features/train/SMP_00464.npy
SMP_00465,loud_impact,7,6,train,us8k_73623,urbansound8k,data/processed/features/train/SMP_00465.npy
SMP_00466,loud_impact,7,6,train,us8k_180937,urbansound8k,data/processed/features/train/SMP_00466.npy
SMP_00467,loud_impact,7,6,train,us8k_125678,urbansound8k,data/processed/features/train/SMP_00467.npy
SMP_00468,loud_impact,7,6,train,us8k_167701,urbansound8k,data/processed/features/train/SMP_00468.npy
SMP_00469,loud_impact,7,6,train,us8k_180937,urbansound8k,data/processed/features/train/SMP_00469.npy
SMP_00471,loud_impact,7,6,train,us8k_169098,urbansound8k,data/processed/features/train/SMP_00471.npy
SMP_00470,loud_impact,7,6,train,us8k_130961,urbansound8k,data/processed/features/train/SMP_00470.npy
SMP_00472,loud_impact,7,6,train,us8k_165039,urbansound8k,data/processed/features/train/SMP_00472.npy
SMP_00473,loud_impact,7,6,train,us8k_77751,urbansound8k,data/processed/features/train/SMP_00473.npy
SMP_00474,loud_impact,7,6,test,us8k_46669,urbansound8k,data/processed/features/test/SMP_00474.npy
SMP_00475,loud_impact,7,6,val,us8k_177537,urbansound8k,data/processed/features/val/SMP_00475.npy
SMP_00476,loud_impact,7,6,train,us8k_89099,urbansound8k,data/processed/features/train/SMP_00476.npy
SMP_00477,loud_impact,7,6,test,us8k_29721,urbansound8k,data/processed/features/test/SMP_00477.npy
SMP_00478,loud_impact,7,6,train,us8k_90013,urbansound8k,data/processed/features/train/SMP_00478.npy
SMP_00482,loud_impact,7,6,val,us8k_187863,urbansound8k,data/processed/features/val/SMP_00482.npy
SMP_00481,loud_impact,7,6,val,us8k_74965,urbansound8k,data/processed/features/val/SMP_00481.npy
SMP_00479,loud_impact,7,6,train,us8k_137815,urbansound8k,data/processed/features/train/SMP_00479.npy
SMP_00480,loud_impact,7,6,val,us8k_104998,urbansound8k,data/processed/features/val/SMP_00480.npy
SMP_00484,loud_impact,7,6,train,us8k_147764,urbansound8k,data/processed/features/train/SMP_00484.npy
SMP_00483,loud_impact,7,6,train,us8k_22883,urbansound8k,data/processed/features/train/SMP_00483.npy
SMP_00485,loud_impact,7,6,val,us8k_156362,urbansound8k,data/processed/features/val/SMP_00485.npy
SMP_00486,loud_impact,7,6,train,us8k_167701,urbansound8k,data/processed/features/train/SMP_00486.npy
SMP_00487,loud_impact,7,6,train,us8k_165774,urbansound8k,data/processed/features/train/SMP_00487.npy
SMP_00488,loud_impact,7,6,train,us8k_66622,urbansound8k,data/processed/features/train/SMP_00488.npy
SMP_00489,loud_impact,7,6,train,us8k_167702,urbansound8k,data/processed/features/train/SMP_00489.npy
SMP_00491,loud_impact,7,6,val,us8k_146244,urbansound8k,data/processed/features/val/SMP_00491.npy
SMP_00490,loud_impact,7,6,train,us8k_71171,urbansound8k,data/processed/features/train/SMP_00490.npy
SMP_00492,loud_impact,7,6,train,us8k_165644,urbansound8k,data/processed/features/train/SMP_00492.npy
SMP_00493,loud_impact,7,6,val,us8k_177537,urbansound8k,data/processed/features/val/SMP_00493.npy
SMP_00494,loud_impact,7,6,train,us8k_66622,urbansound8k,data/processed/features/train/SMP_00494.npy
SMP_00495,loud_impact,7,6,train,us8k_188823,urbansound8k,data/processed/features/train/SMP_00495.npy
SMP_00496,loud_impact,7,6,train,us8k_22883,urbansound8k,data/processed/features/train/SMP_00496.npy
SMP_00497,loud_impact,7,6,train,us8k_169098,urbansound8k,data/processed/features/train/SMP_00497.npy
SMP_00498,loud_impact,7,6,train,us8k_103199,urbansound8k,data/processed/features/train/SMP_00498.npy
SMP_00499,loud_impact,7,6,train,us8k_104817,urbansound8k,data/processed/features/train/SMP_00499.npy
SMP_00500,loud_impact,7,6,test,us8k_203929,urbansound8k,data/processed/features/test/SMP_00500.npy
SMP_00501,loud_impact,7,6,test,us8k_74922,urbansound8k,data/processed/features/test/SMP_00501.npy
SMP_00502,loud_impact,7,6,train,us8k_55020,urbansound8k,data/processed/features/train/SMP_00502.npy
SMP_00503,loud_impact,7,6,train,us8k_104625,urbansound8k,data/processed/features/train/SMP_00503.npy
SMP_00504,loud_impact,7,6,train,us8k_77774,urbansound8k,data/processed/features/train/SMP_00504.npy
SMP_00505,loud_impact,7,6,train,us8k_99192,urbansound8k,data/processed/features/train/SMP_00505.npy
SMP_00506,loud_impact,7,6,train,us8k_17913,urbansound8k,data/processed/features/train/SMP_00506.npy
SMP_00507,loud_impact,7,6,val,us8k_98859,urbansound8k,data/processed/features/val/SMP_00507.npy
SMP_00508,loud_impact,7,6,train,us8k_180937,urbansound8k,data/processed/features/train/SMP_00508.npy
SMP_00509,loud_impact,7,6,test,us8k_33340,urbansound8k,data/processed/features/test/SMP_00509.npy
SMP_00510,loud_impact,7,6,train,us8k_180126,urbansound8k,data/processed/features/train/SMP_00510.npy
SMP_00511,loud_impact,7,6,test,us8k_76086,urbansound8k,data/processed/features/test/SMP_00511.npy
SMP_00512,loud_impact,7,6,test,us8k_119809,urbansound8k,data/processed/features/test/SMP_00512.npy
SMP_00513,loud_impact,7,6,train,us8k_69598,urbansound8k,data/processed/features/train/SMP_00513.npy
SMP_00514,loud_impact,7,6,train,us8k_50629,urbansound8k,data/processed/features/train/SMP_00514.npy
SMP_00515,loud_impact,7,6,test,us8k_24728,urbansound8k,data/processed/features/test/SMP_00515.npy
SMP_00516,loud_impact,7,6,val,us8k_178261,urbansound8k,data/processed/features/val/SMP_00516.npy
SMP_00517,loud_impact,7,6,train,us8k_180125,urbansound8k,data/processed/features/train/SMP_00517.npy
SMP_00518,loud_impact,7,6,test,us8k_169466,urbansound8k,data/processed/features/test/SMP_00518.npy
SMP_00519,loud_impact,7,6,test,us8k_29721,urbansound8k,data/processed/features/test/SMP_00519.npy
SMP_00520,loud_impact,7,6,train,us8k_105029,urbansound8k,data/processed/features/train/SMP_00520.npy
SMP_00521,loud_impact,7,6,train,us8k_162134,urbansound8k,data/processed/features/train/SMP_00521.npy
SMP_00522,loud_impact,7,6,train,us8k_125678,urbansound8k,data/processed/features/train/SMP_00522.npy
SMP_00524,loud_impact,7,6,train,us8k_180127,urbansound8k,data/processed/features/train/SMP_00524.npy
SMP_00525,loud_impact,7,6,train,us8k_73623,urbansound8k,data/processed/features/train/SMP_00525.npy
SMP_00523,loud_impact,7,6,train,us8k_30206,urbansound8k,data/processed/features/train/SMP_00523.npy
SMP_00526,loud_impact,7,6,train,us8k_171305,urbansound8k,data/processed/features/train/SMP_00526.npy
SMP_00527,loud_impact,7,6,test,us8k_63095,urbansound8k,data/processed/features/test/SMP_00527.npy
SMP_00528,loud_impact,7,6,train,us8k_99192,urbansound8k,data/processed/features/train/SMP_00528.npy
SMP_00529,loud_impact,7,6,val,us8k_84699,urbansound8k,data/processed/features/val/SMP_00529.npy
SMP_00530,loud_impact,7,6,test,us8k_203929,urbansound8k,data/processed/features/test/SMP_00530.npy
SMP_00531,loud_impact,7,6,train,us8k_14772,urbansound8k,data/processed/features/train/SMP_00531.npy
SMP_00532,loud_impact,7,6,test,us8k_33340,urbansound8k,data/processed/features/test/SMP_00532.npy
SMP_00534,loud_impact,7,6,train,us8k_180127,urbansound8k,data/processed/features/train/SMP_00534.npy
SMP_00533,loud_impact,7,6,train,us8k_162134,urbansound8k,data/processed/features/train/SMP_00533.npy
SMP_00535,loud_impact,7,6,train,us8k_167701,urbansound8k,data/processed/features/train/SMP_00535.npy
SMP_00536,loud_impact,7,6,train,us8k_77751,urbansound8k,data/processed/features/train/SMP_00536.npy
SMP_00537,loud_impact,7,6,train,us8k_188823,urbansound8k,data/processed/features/train/SMP_00537.npy
SMP_00538,loud_impact,7,6,train,us8k_34621,urbansound8k,data/processed/features/train/SMP_00538.npy
SMP_00539,loud_impact,7,6,train,us8k_188813,urbansound8k,data/processed/features/train/SMP_00539.npy
SMP_00540,loud_impact,7,6,train,us8k_139000,urbansound8k,data/processed/features/train/SMP_00540.npy
SMP_00541,loud_impact,7,6,test,us8k_29721,urbansound8k,data/processed/features/test/SMP_00541.npy
SMP_00542,loud_impact,7,6,train,us8k_105029,urbansound8k,data/processed/features/train/SMP_00542.npy
SMP_00543,loud_impact,7,6,train,us8k_22883,urbansound8k,data/processed/features/train/SMP_00543.npy
SMP_00544,loud_impact,7,6,train,us8k_146249,urbansound8k,data/processed/features/train/SMP_00544.npy
SMP_00545,loud_impact,7,6,train,us8k_125678,urbansound8k,data/processed/features/train/SMP_00545.npy
SMP_00546,loud_impact,7,6,train,us8k_165642,urbansound8k,data/processed/features/train/SMP_00546.npy
SMP_00547,loud_impact,7,6,train,us8k_62837,urbansound8k,data/processed/features/train/SMP_00547.npy
SMP_00548,loud_impact,7,6,train,us8k_99192,urbansound8k,data/processed/features/train/SMP_00548.npy
SMP_00549,loud_impact,7,6,train,us8k_71171,urbansound8k,data/processed/features/train/SMP_00549.npy
SMP_00550,loud_impact,7,6,train,us8k_188813,urbansound8k,data/processed/features/train/SMP_00550.npy
SMP_00551,loud_impact,7,6,val,us8k_104998,urbansound8k,data/processed/features/val/SMP_00551.npy
SMP_00552,loud_impact,7,6,train,us8k_180937,urbansound8k,data/processed/features/train/SMP_00552.npy
SMP_00553,loud_impact,7,6,val,us8k_177537,urbansound8k,data/processed/features/val/SMP_00553.npy
SMP_00554,loud_impact,7,6,train,us8k_162134,urbansound8k,data/processed/features/train/SMP_00554.npy
SMP_00555,loud_impact,7,6,train,us8k_168037,urbansound8k,data/processed/features/train/SMP_00555.npy
SMP_00556,loud_impact,7,6,val,us8k_74965,urbansound8k,data/processed/features/val/SMP_00556.npy
SMP_00557,loud_impact,7,6,train,us8k_99192,urbansound8k,data/processed/features/train/SMP_00557.npy
SMP_00558,loud_impact,7,6,train,us8k_187377,urbansound8k,data/processed/features/train/SMP_00558.npy
SMP_00559,loud_impact,7,6,train,us8k_166931,urbansound8k,data/processed/features/train/SMP_00559.npy
SMP_00560,loud_impact,7,6,train,us8k_167701,urbansound8k,data/processed/features/train/SMP_00560.npy
SMP_00561,fire_alarm_siren,6,5,train,us8k_159738,urbansound8k,data/processed/features/train/SMP_00561.npy
SMP_00562,fire_alarm_siren,6,5,train,us8k_159754,urbansound8k,data/processed/features/train/SMP_00562.npy
SMP_00563,fire_alarm_siren,6,5,test,us8k_133473,urbansound8k,data/processed/features/test/SMP_00563.npy
SMP_00564,fire_alarm_siren,6,5,test,us8k_203913,urbansound8k,data/processed/features/test/SMP_00564.npy
SMP_00565,fire_alarm_siren,6,5,train,us8k_159745,urbansound8k,data/processed/features/train/SMP_00565.npy
SMP_00566,fire_alarm_siren,6,5,train,us8k_159748,urbansound8k,data/processed/features/train/SMP_00566.npy
SMP_00567,fire_alarm_siren,6,5,train,us8k_24347,urbansound8k,data/processed/features/train/SMP_00567.npy
SMP_00568,fire_alarm_siren,6,5,train,us8k_102871,urbansound8k,data/processed/features/train/SMP_00568.npy
SMP_00569,fire_alarm_siren,6,5,train,us8k_159738,urbansound8k,data/processed/features/train/SMP_00569.npy
SMP_00570,fire_alarm_siren,6,5,test,us8k_158608,urbansound8k,data/processed/features/test/SMP_00570.npy
SMP_00571,fire_alarm_siren,6,5,train,us8k_159748,urbansound8k,data/processed/features/train/SMP_00571.npy
SMP_00572,fire_alarm_siren,6,5,val,us8k_74726,urbansound8k,data/processed/features/val/SMP_00572.npy
SMP_00573,fire_alarm_siren,6,5,test,us8k_117181,urbansound8k,data/processed/features/test/SMP_00573.npy
SMP_00574,fire_alarm_siren,6,5,test,us8k_117181,urbansound8k,data/processed/features/test/SMP_00574.npy
SMP_00575,fire_alarm_siren,6,5,test,us8k_74364,urbansound8k,data/processed/features/test/SMP_00575.npy
SMP_00576,fire_alarm_siren,6,5,train,us8k_157866,urbansound8k,data/processed/features/train/SMP_00576.npy
SMP_00577,fire_alarm_siren,6,5,train,us8k_22601,urbansound8k,data/processed/features/train/SMP_00577.npy
SMP_00578,fire_alarm_siren,6,5,val,us8k_74726,urbansound8k,data/processed/features/val/SMP_00578.npy
SMP_00579,fire_alarm_siren,6,5,test,us8k_159752,urbansound8k,data/processed/features/test/SMP_00579.npy
SMP_00580,fire_alarm_siren,6,5,train,us8k_157868,urbansound8k,data/processed/features/train/SMP_00580.npy
SMP_00581,fire_alarm_siren,6,5,test,us8k_74364,urbansound8k,data/processed/features/test/SMP_00581.npy
SMP_00582,fire_alarm_siren,6,5,train,us8k_105289,urbansound8k,data/processed/features/train/SMP_00582.npy
SMP_00583,fire_alarm_siren,6,5,train,us8k_159738,urbansound8k,data/processed/features/train/SMP_00583.npy
SMP_00584,fire_alarm_siren,6,5,test,us8k_124389,urbansound8k,data/processed/features/test/SMP_00584.npy
SMP_00585,fire_alarm_siren,6,5,train,us8k_157866,urbansound8k,data/processed/features/train/SMP_00585.npy
SMP_00586,fire_alarm_siren,6,5,train,us8k_105289,urbansound8k,data/processed/features/train/SMP_00586.npy
SMP_00587,fire_alarm_siren,6,5,train,us8k_24347,urbansound8k,data/processed/features/train/SMP_00587.npy
SMP_00588,fire_alarm_siren,6,5,train,us8k_157866,urbansound8k,data/processed/features/train/SMP_00588.npy
SMP_00589,fire_alarm_siren,6,5,train,us8k_102871,urbansound8k,data/processed/features/train/SMP_00589.npy
SMP_00590,fire_alarm_siren,6,5,train,us8k_148632,urbansound8k,data/processed/features/train/SMP_00590.npy
SMP_00591,fire_alarm_siren,6,5,train,us8k_93567,urbansound8k,data/processed/features/train/SMP_00591.npy
SMP_00592,fire_alarm_siren,6,5,train,us8k_111671,urbansound8k,data/processed/features/train/SMP_00592.npy
SMP_00593,fire_alarm_siren,6,5,train,us8k_102871,urbansound8k,data/processed/features/train/SMP_00593.npy
SMP_00594,fire_alarm_siren,6,5,val,us8k_74726,urbansound8k,data/processed/features/val/SMP_00594.npy
SMP_00595,fire_alarm_siren,6,5,train,us8k_93567,urbansound8k,data/processed/features/train/SMP_00595.npy
SMP_00596,fire_alarm_siren,6,5,train,us8k_123688,urbansound8k,data/processed/features/train/SMP_00596.npy
SMP_00597,fire_alarm_siren,6,5,train,us8k_157868,urbansound8k,data/processed/features/train/SMP_00597.npy
SMP_00598,fire_alarm_siren,6,5,train,us8k_157867,urbansound8k,data/processed/features/train/SMP_00598.npy
SMP_00599,fire_alarm_siren,6,5,test,us8k_40722,urbansound8k,data/processed/features/test/SMP_00599.npy
SMP_00600,fire_alarm_siren,6,5,train,us8k_157867,urbansound8k,data/processed/features/train/SMP_00600.npy
SMP_00601,fire_alarm_siren,6,5,val,us8k_62878,urbansound8k,data/processed/features/val/SMP_00601.npy
SMP_00602,fire_alarm_siren,6,5,test,us8k_74364,urbansound8k,data/processed/features/test/SMP_00602.npy
SMP_00603,fire_alarm_siren,6,5,train,us8k_107357,urbansound8k,data/processed/features/train/SMP_00603.npy
SMP_00604,fire_alarm_siren,6,5,train,us8k_24347,urbansound8k,data/processed/features/train/SMP_00604.npy
SMP_00605,fire_alarm_siren,6,5,test,us8k_159753,urbansound8k,data/processed/features/test/SMP_00605.npy
SMP_00606,fire_alarm_siren,6,5,train,us8k_159751,urbansound8k,data/processed/features/train/SMP_00606.npy
SMP_00607,fire_alarm_siren,6,5,train,us8k_157867,urbansound8k,data/processed/features/train/SMP_00607.npy
SMP_00608,fire_alarm_siren,6,5,train,us8k_159748,urbansound8k,data/processed/features/train/SMP_00608.npy
SMP_00609,fire_alarm_siren,6,5,train,us8k_43805,urbansound8k,data/processed/features/train/SMP_00609.npy
SMP_00610,fire_alarm_siren,6,5,val,us8k_159747,urbansound8k,data/processed/features/val/SMP_00610.npy
SMP_00611,fire_alarm_siren,6,5,train,us8k_107357,urbansound8k,data/processed/features/train/SMP_00611.npy
SMP_00612,fire_alarm_siren,6,5,train,us8k_24347,urbansound8k,data/processed/features/train/SMP_00612.npy
SMP_00613,fire_alarm_siren,6,5,val,us8k_90014,urbansound8k,data/processed/features/val/SMP_00613.npy
SMP_00614,fire_alarm_siren,6,5,train,us8k_54898,urbansound8k,data/processed/features/train/SMP_00614.npy
SMP_00615,fire_alarm_siren,6,5,train,us8k_57323,urbansound8k,data/processed/features/train/SMP_00615.npy
SMP_00616,fire_alarm_siren,6,5,train,us8k_94636,urbansound8k,data/processed/features/train/SMP_00616.npy
SMP_00617,fire_alarm_siren,6,5,train,us8k_24347,urbansound8k,data/processed/features/train/SMP_00617.npy
SMP_00618,fire_alarm_siren,6,5,train,us8k_42117,urbansound8k,data/processed/features/train/SMP_00618.npy
SMP_00619,fire_alarm_siren,6,5,train,us8k_105289,urbansound8k,data/processed/features/train/SMP_00619.npy
SMP_00620,fire_alarm_siren,6,5,train,us8k_94636,urbansound8k,data/processed/features/train/SMP_00620.npy
SMP_00621,fire_alarm_siren,6,5,train,us8k_159738,urbansound8k,data/processed/features/train/SMP_00621.npy
SMP_00622,fire_alarm_siren,6,5,test,us8k_156869,urbansound8k,data/processed/features/test/SMP_00622.npy
SMP_00623,fire_alarm_siren,6,5,test,us8k_159752,urbansound8k,data/processed/features/test/SMP_00623.npy
SMP_00624,fire_alarm_siren,6,5,train,us8k_184623,urbansound8k,data/processed/features/train/SMP_00624.npy
SMP_00625,fire_alarm_siren,6,5,test,us8k_164782,urbansound8k,data/processed/features/test/SMP_00625.npy
SMP_00626,fire_alarm_siren,6,5,test,us8k_158608,urbansound8k,data/processed/features/test/SMP_00626.npy
SMP_00627,fire_alarm_siren,6,5,train,us8k_107357,urbansound8k,data/processed/features/train/SMP_00627.npy
SMP_00628,fire_alarm_siren,6,5,train,us8k_159750,urbansound8k,data/processed/features/train/SMP_00628.npy
SMP_00629,fire_alarm_siren,6,5,train,us8k_157868,urbansound8k,data/processed/features/train/SMP_00629.npy
SMP_00630,fire_alarm_siren,6,5,test,us8k_70740,urbansound8k,data/processed/features/test/SMP_00630.npy
SMP_00631,fire_alarm_siren,6,5,val,us8k_90014,urbansound8k,data/processed/features/val/SMP_00631.npy
SMP_00632,fire_alarm_siren,6,5,train,us8k_159738,urbansound8k,data/processed/features/train/SMP_00632.npy
SMP_00633,fire_alarm_siren,6,5,train,us8k_157866,urbansound8k,data/processed/features/train/SMP_00633.npy
SMP_00634,fire_alarm_siren,6,5,train,us8k_94636,urbansound8k,data/processed/features/train/SMP_00634.npy
SMP_00635,fire_alarm_siren,6,5,val,us8k_118279,urbansound8k,data/processed/features/val/SMP_00635.npy
SMP_00636,fire_alarm_siren,6,5,train,us8k_93567,urbansound8k,data/processed/features/train/SMP_00636.npy
SMP_00637,fire_alarm_siren,6,5,val,us8k_159747,urbansound8k,data/processed/features/val/SMP_00637.npy
SMP_00638,fire_alarm_siren,6,5,train,us8k_24347,urbansound8k,data/processed/features/train/SMP_00638.npy
SMP_00639,fire_alarm_siren,6,5,train,us8k_22601,urbansound8k,data/processed/features/train/SMP_00639.npy
SMP_00640,fire_alarm_siren,6,5,test,us8k_203913,urbansound8k,data/processed/features/test/SMP_00640.npy
SMP_00641,fire_alarm_siren,6,5,train,us8k_159748,urbansound8k,data/processed/features/train/SMP_00641.npy
SMP_00642,fire_alarm_siren,6,5,train,us8k_105289,urbansound8k,data/processed/features/train/SMP_00642.npy
SMP_00643,fire_alarm_siren,6,5,test,us8k_74364,urbansound8k,data/processed/features/test/SMP_00643.npy
SMP_00644,fire_alarm_siren,6,5,train,us8k_24347,urbansound8k,data/processed/features/train/SMP_00644.npy
SMP_00645,fire_alarm_siren,6,5,train,us8k_22601,urbansound8k,data/processed/features/train/SMP_00645.npy
SMP_00646,fire_alarm_siren,6,5,train,us8k_107357,urbansound8k,data/processed/features/train/SMP_00646.npy
SMP_00647,fire_alarm_siren,6,5,train,us8k_43805,urbansound8k,data/processed/features/train/SMP_00647.npy
SMP_00648,fire_alarm_siren,6,5,train,us8k_107357,urbansound8k,data/processed/features/train/SMP_00648.npy
SMP_00649,fire_alarm_siren,6,5,train,us8k_159751,urbansound8k,data/processed/features/train/SMP_00649.npy
SMP_00650,fire_alarm_siren,6,5,train,us8k_159755,urbansound8k,data/processed/features/train/SMP_00650.npy
SMP_00651,fire_alarm_siren,6,5,val,us8k_118279,urbansound8k,data/processed/features/val/SMP_00651.npy
SMP_00652,fire_alarm_siren,6,5,train,us8k_123688,urbansound8k,data/processed/features/train/SMP_00652.npy
SMP_00653,fire_alarm_siren,6,5,train,us8k_157868,urbansound8k,data/processed/features/train/SMP_00653.npy
SMP_00654,fire_alarm_siren,6,5,test,us8k_164782,urbansound8k,data/processed/features/test/SMP_00654.npy
SMP_00655,fire_alarm_siren,6,5,train,us8k_22601,urbansound8k,data/processed/features/train/SMP_00655.npy
SMP_00656,fire_alarm_siren,6,5,test,us8k_158608,urbansound8k,data/processed/features/test/SMP_00656.npy
SMP_00657,fire_alarm_siren,6,5,test,us8k_74364,urbansound8k,data/processed/features/test/SMP_00657.npy
SMP_00658,fire_alarm_siren,6,5,train,us8k_105289,urbansound8k,data/processed/features/train/SMP_00658.npy
SMP_00659,fire_alarm_siren,6,5,train,us8k_157866,urbansound8k,data/processed/features/train/SMP_00659.npy
SMP_00660,fire_alarm_siren,6,5,train,us8k_24347,urbansound8k,data/processed/features/train/SMP_00660.npy
SMP_00661,background_normal,9,8,train,us8k_189989,urbansound8k,data/processed/features/train/SMP_00661.npy
SMP_00662,background_normal,9,8,train,us8k_26184,urbansound8k,data/processed/features/train/SMP_00662.npy
SMP_00663,background_normal,9,8,val,us8k_177729,urbansound8k,data/processed/features/val/SMP_00663.npy
SMP_00664,background_normal,9,8,train,us8k_177621,urbansound8k,data/processed/features/train/SMP_00664.npy
SMP_00665,background_normal,9,8,train,us8k_106015,urbansound8k,data/processed/features/train/SMP_00665.npy
SMP_00666,background_normal,9,8,train,us8k_62564,urbansound8k,data/processed/features/train/SMP_00666.npy
SMP_00667,background_normal,9,8,val,us8k_195451,urbansound8k,data/processed/features/val/SMP_00667.npy
SMP_00668,background_normal,9,8,train,us8k_94632,urbansound8k,data/processed/features/train/SMP_00668.npy
SMP_00669,background_normal,9,8,train,us8k_62567,urbansound8k,data/processed/features/train/SMP_00669.npy
SMP_00670,background_normal,9,8,train,us8k_166942,urbansound8k,data/processed/features/train/SMP_00670.npy
SMP_00671,background_normal,9,8,test,us8k_195969,urbansound8k,data/processed/features/test/SMP_00671.npy
SMP_00672,background_normal,9,8,train,us8k_113202,urbansound8k,data/processed/features/train/SMP_00672.npy
SMP_00673,background_normal,9,8,train,us8k_144068,urbansound8k,data/processed/features/train/SMP_00673.npy
SMP_00674,background_normal,9,8,train,us8k_57320,urbansound8k,data/processed/features/train/SMP_00674.npy
SMP_00675,background_normal,9,8,train,us8k_177621,urbansound8k,data/processed/features/train/SMP_00675.npy
SMP_00676,background_normal,9,8,train,us8k_102857,urbansound8k,data/processed/features/train/SMP_00676.npy
SMP_00677,background_normal,9,8,train,us8k_74507,urbansound8k,data/processed/features/train/SMP_00677.npy
SMP_00678,background_normal,9,8,train,us8k_204240,urbansound8k,data/processed/features/train/SMP_00678.npy
SMP_00679,background_normal,9,8,train,us8k_26184,urbansound8k,data/processed/features/train/SMP_00679.npy
SMP_00680,background_normal,9,8,val,us8k_13230,urbansound8k,data/processed/features/val/SMP_00680.npy
SMP_00681,background_normal,9,8,train,us8k_111386,urbansound8k,data/processed/features/train/SMP_00681.npy
SMP_00682,background_normal,9,8,test,us8k_46918,urbansound8k,data/processed/features/test/SMP_00682.npy
SMP_00683,background_normal,9,8,val,us8k_184805,urbansound8k,data/processed/features/val/SMP_00683.npy
SMP_00684,background_normal,9,8,val,us8k_119455,urbansound8k,data/processed/features/val/SMP_00684.npy
SMP_00685,background_normal,9,8,val,us8k_30204,urbansound8k,data/processed/features/val/SMP_00685.npy
SMP_00686,background_normal,9,8,train,us8k_200786,urbansound8k,data/processed/features/train/SMP_00686.npy
SMP_00687,background_normal,9,8,train,us8k_55018,urbansound8k,data/processed/features/train/SMP_00687.npy
SMP_00688,background_normal,9,8,train,us8k_201652,urbansound8k,data/processed/features/train/SMP_00688.npy
SMP_00689,background_normal,9,8,train,us8k_17578,urbansound8k,data/processed/features/train/SMP_00689.npy
SMP_00690,background_normal,9,8,train,us8k_177742,urbansound8k,data/processed/features/train/SMP_00690.npy
SMP_00691,background_normal,9,8,train,us8k_62567,urbansound8k,data/processed/features/train/SMP_00691.npy
SMP_00692,background_normal,9,8,test,us8k_81068,urbansound8k,data/processed/features/test/SMP_00692.npy
SMP_00693,background_normal,9,8,train,us8k_39856,urbansound8k,data/processed/features/train/SMP_00693.npy
SMP_00694,background_normal,9,8,train,us8k_83502,urbansound8k,data/processed/features/train/SMP_00694.npy
SMP_00695,background_normal,9,8,test,us8k_146709,urbansound8k,data/processed/features/test/SMP_00695.npy
SMP_00696,background_normal,9,8,train,us8k_113202,urbansound8k,data/processed/features/train/SMP_00696.npy
SMP_00697,background_normal,9,8,train,us8k_73524,urbansound8k,data/processed/features/train/SMP_00697.npy
SMP_00698,background_normal,9,8,train,us8k_74507,urbansound8k,data/processed/features/train/SMP_00698.npy
SMP_00699,background_normal,9,8,train,us8k_189982,urbansound8k,data/processed/features/train/SMP_00699.npy
SMP_00700,background_normal,9,8,train,us8k_166942,urbansound8k,data/processed/features/train/SMP_00700.npy
SMP_00701,background_normal,9,8,train,us8k_146845,urbansound8k,data/processed/features/train/SMP_00701.npy
SMP_00702,background_normal,9,8,val,us8k_195451,urbansound8k,data/processed/features/val/SMP_00702.npy
SMP_00703,background_normal,9,8,train,us8k_57320,urbansound8k,data/processed/features/train/SMP_00703.npy
SMP_00704,background_normal,9,8,train,us8k_106015,urbansound8k,data/processed/features/train/SMP_00704.npy
SMP_00705,background_normal,9,8,train,us8k_144007,urbansound8k,data/processed/features/train/SMP_00705.npy
SMP_00706,background_normal,9,8,train,us8k_57320,urbansound8k,data/processed/features/train/SMP_00706.npy
SMP_00707,background_normal,9,8,val,us8k_101729,urbansound8k,data/processed/features/val/SMP_00707.npy
SMP_00708,background_normal,9,8,train,us8k_113201,urbansound8k,data/processed/features/train/SMP_00708.npy
SMP_00709,background_normal,9,8,train,us8k_144007,urbansound8k,data/processed/features/train/SMP_00709.npy
SMP_00710,background_normal,9,8,val,us8k_176787,urbansound8k,data/processed/features/val/SMP_00710.npy
SMP_00711,background_normal,9,8,train,us8k_17578,urbansound8k,data/processed/features/train/SMP_00711.npy
SMP_00712,background_normal,9,8,train,us8k_50901,urbansound8k,data/processed/features/train/SMP_00712.npy
SMP_00713,background_normal,9,8,train,us8k_39857,urbansound8k,data/processed/features/train/SMP_00713.npy
SMP_00714,background_normal,9,8,train,us8k_144068,urbansound8k,data/processed/features/train/SMP_00714.npy
SMP_00715,background_normal,9,8,train,us8k_100852,urbansound8k,data/processed/features/train/SMP_00715.npy
SMP_00716,background_normal,9,8,train,us8k_103258,urbansound8k,data/processed/features/train/SMP_00716.npy
SMP_00717,background_normal,9,8,train,us8k_62564,urbansound8k,data/processed/features/train/SMP_00717.npy
SMP_00718,background_normal,9,8,val,us8k_185709,urbansound8k,data/processed/features/val/SMP_00718.npy
SMP_00719,background_normal,9,8,train,us8k_106486,urbansound8k,data/processed/features/train/SMP_00719.npy
SMP_00720,background_normal,9,8,val,us8k_195451,urbansound8k,data/processed/features/val/SMP_00720.npy
SMP_00721,background_normal,9,8,test,us8k_154758,urbansound8k,data/processed/features/test/SMP_00721.npy
SMP_00722,background_normal,9,8,train,us8k_151977,urbansound8k,data/processed/features/train/SMP_00722.npy
SMP_00723,background_normal,9,8,train,us8k_50668,urbansound8k,data/processed/features/train/SMP_00723.npy
SMP_00724,background_normal,9,8,train,us8k_16692,urbansound8k,data/processed/features/train/SMP_00724.npy
SMP_00725,background_normal,9,8,train,us8k_189985,urbansound8k,data/processed/features/train/SMP_00725.npy
SMP_00726,background_normal,9,8,train,us8k_39854,urbansound8k,data/processed/features/train/SMP_00726.npy
SMP_00727,background_normal,9,8,val,us8k_177729,urbansound8k,data/processed/features/val/SMP_00727.npy
SMP_00728,background_normal,9,8,val,us8k_134717,urbansound8k,data/processed/features/val/SMP_00728.npy
SMP_00729,background_normal,9,8,train,us8k_178686,urbansound8k,data/processed/features/train/SMP_00729.npy
SMP_00730,background_normal,9,8,train,us8k_73524,urbansound8k,data/processed/features/train/SMP_00730.npy
SMP_00731,background_normal,9,8,train,us8k_168846,urbansound8k,data/processed/features/train/SMP_00731.npy
SMP_00732,background_normal,9,8,train,us8k_146845,urbansound8k,data/processed/features/train/SMP_00732.npy
SMP_00733,background_normal,9,8,train,us8k_203962,urbansound8k,data/processed/features/train/SMP_00733.npy
SMP_00734,background_normal,9,8,train,us8k_50668,urbansound8k,data/processed/features/train/SMP_00734.npy
SMP_00735,background_normal,9,8,train,us8k_177621,urbansound8k,data/processed/features/train/SMP_00735.npy
SMP_00736,background_normal,9,8,val,us8k_184805,urbansound8k,data/processed/features/val/SMP_00736.npy
SMP_00737,background_normal,9,8,val,us8k_185709,urbansound8k,data/processed/features/val/SMP_00737.npy
SMP_00738,background_normal,9,8,train,us8k_201652,urbansound8k,data/processed/features/train/SMP_00738.npy
SMP_00739,background_normal,9,8,val,us8k_119455,urbansound8k,data/processed/features/val/SMP_00739.npy
SMP_00740,background_normal,9,8,train,us8k_85569,urbansound8k,data/processed/features/train/SMP_00740.npy
SMP_00741,background_normal,9,8,val,us8k_184805,urbansound8k,data/processed/features/val/SMP_00741.npy
SMP_00742,background_normal,9,8,val,us8k_134717,urbansound8k,data/processed/features/val/SMP_00742.npy
SMP_00743,background_normal,9,8,train,us8k_168846,urbansound8k,data/processed/features/train/SMP_00743.npy
SMP_00744,background_normal,9,8,val,us8k_184805,urbansound8k,data/processed/features/val/SMP_00744.npy
SMP_00745,background_normal,9,8,train,us8k_73524,urbansound8k,data/processed/features/train/SMP_00745.npy
SMP_00746,background_normal,9,8,val,us8k_101729,urbansound8k,data/processed/features/val/SMP_00746.npy
SMP_00747,background_normal,9,8,val,us8k_101729,urbansound8k,data/processed/features/val/SMP_00747.npy
SMP_00748,background_normal,9,8,train,us8k_100852,urbansound8k,data/processed/features/train/SMP_00748.npy
SMP_00749,background_normal,9,8,train,us8k_151877,urbansound8k,data/processed/features/train/SMP_00749.npy
SMP_00750,background_normal,9,8,train,us8k_74507,urbansound8k,data/processed/features/train/SMP_00750.npy
SMP_00751,background_normal,9,8,val,us8k_121286,urbansound8k,data/processed/features/val/SMP_00751.npy
SMP_00752,background_normal,9,8,train,us8k_18592,urbansound8k,data/processed/features/train/SMP_00752.npy
SMP_00753,background_normal,9,8,train,us8k_39856,urbansound8k,data/processed/features/train/SMP_00753.npy
SMP_00754,background_normal,9,8,train,us8k_209992,urbansound8k,data/processed/features/train/SMP_00754.npy
SMP_00755,background_normal,9,8,val,us8k_195451,urbansound8k,data/processed/features/val/SMP_00755.npy
SMP_00756,background_normal,9,8,train,us8k_209992,urbansound8k,data/processed/features/train/SMP_00756.npy
SMP_00757,background_normal,9,8,test,us8k_167464,urbansound8k,data/processed/features/test/SMP_00757.npy
SMP_00758,background_normal,9,8,train,us8k_162103,urbansound8k,data/processed/features/train/SMP_00758.npy
SMP_00759,background_normal,9,8,test,us8k_146709,urbansound8k,data/processed/features/test/SMP_00759.npy
SMP_00760,background_normal,9,8,val,us8k_195451,urbansound8k,data/processed/features/val/SMP_00760.npy
SMP_00761,glass_break,1,0,train,fsd_141680,fsd50k,data/processed/features/train/SMP_00761.npy
SMP_00762,glass_break,1,0,train,fsd_319813,fsd50k,data/processed/features/train/SMP_00762.npy
SMP_00763,glass_break,1,0,train,fsd_132918,fsd50k,data/processed/features/train/SMP_00763.npy
SMP_00764,glass_break,1,0,train,fsd_85107,fsd50k,data/processed/features/train/SMP_00764.npy
SMP_00765,glass_break,1,0,train,fsd_88800,fsd50k,data/processed/features/train/SMP_00765.npy
SMP_00766,glass_break,1,0,train,fsd_368343,fsd50k,data/processed/features/train/SMP_00766.npy
SMP_00767,glass_break,1,0,test,fsd_88941,fsd50k,data/processed/features/test/SMP_00767.npy
SMP_00768,glass_break,1,0,test,fsd_59317,fsd50k,data/processed/features/test/SMP_00768.npy
SMP_00769,glass_break,1,0,train,fsd_186692,fsd50k,data/processed/features/train/SMP_00769.npy
SMP_00770,glass_break,1,0,train,fsd_378321,fsd50k,data/processed/features/train/SMP_00770.npy
SMP_00771,glass_break,1,0,val,fsd_164328,fsd50k,data/processed/features/val/SMP_00771.npy
SMP_00772,glass_break,1,0,train,fsd_114371,fsd50k,data/processed/features/train/SMP_00772.npy
SMP_00773,glass_break,1,0,train,fsd_159004,fsd50k,data/processed/features/train/SMP_00773.npy
SMP_00774,glass_break,1,0,train,fsd_119839,fsd50k,data/processed/features/train/SMP_00774.npy
SMP_00775,glass_break,1,0,train,fsd_267889,fsd50k,data/processed/features/train/SMP_00775.npy
SMP_00776,glass_break,1,0,train,fsd_416288,fsd50k,data/processed/features/train/SMP_00776.npy
SMP_00777,glass_break,1,0,train,fsd_35213,fsd50k,data/processed/features/train/SMP_00777.npy
SMP_00778,glass_break,1,0,test,fsd_100733,fsd50k,data/processed/features/test/SMP_00778.npy
SMP_00779,glass_break,1,0,train,fsd_186419,fsd50k,data/processed/features/train/SMP_00779.npy
SMP_00780,glass_break,1,0,test,fsd_339471,fsd50k,data/processed/features/test/SMP_00780.npy
SMP_00781,glass_break,1,0,train,fsd_203379,fsd50k,data/processed/features/train/SMP_00781.npy
SMP_00782,glass_break,1,0,train,fsd_203373,fsd50k,data/processed/features/train/SMP_00782.npy
SMP_00783,glass_break,1,0,train,fsd_221532,fsd50k,data/processed/features/train/SMP_00783.npy
SMP_00784,glass_break,1,0,val,fsd_188518,fsd50k,data/processed/features/val/SMP_00784.npy
SMP_00785,glass_break,1,0,test,fsd_368347,fsd50k,data/processed/features/test/SMP_00785.npy
SMP_00786,glass_break,1,0,val,fsd_88881,fsd50k,data/processed/features/val/SMP_00786.npy
SMP_00787,glass_break,1,0,train,fsd_213163,fsd50k,data/processed/features/train/SMP_00787.npy
SMP_00788,glass_break,1,0,train,fsd_68654,fsd50k,data/processed/features/train/SMP_00788.npy
SMP_00789,glass_break,1,0,train,fsd_88806,fsd50k,data/processed/features/train/SMP_00789.npy
SMP_00790,glass_break,1,0,train,fsd_89825,fsd50k,data/processed/features/train/SMP_00790.npy
SMP_00791,glass_break,1,0,train,fsd_390729,fsd50k,data/processed/features/train/SMP_00791.npy
SMP_00792,glass_break,1,0,val,fsd_216001,fsd50k,data/processed/features/val/SMP_00792.npy
SMP_00793,glass_break,1,0,val,fsd_84526,fsd50k,data/processed/features/val/SMP_00793.npy
SMP_00794,glass_break,1,0,train,fsd_231297,fsd50k,data/processed/features/train/SMP_00794.npy
SMP_00795,glass_break,1,0,val,fsd_403578,fsd50k,data/processed/features/val/SMP_00795.npy
SMP_00796,glass_break,1,0,train,fsd_368354,fsd50k,data/processed/features/train/SMP_00796.npy
SMP_00797,glass_break,1,0,test,fsd_379138,fsd50k,data/processed/features/test/SMP_00797.npy
SMP_00798,glass_break,1,0,train,fsd_365193,fsd50k,data/processed/features/train/SMP_00798.npy
SMP_00799,glass_break,1,0,val,fsd_163364,fsd50k,data/processed/features/val/SMP_00799.npy
SMP_00800,glass_break,1,0,train,fsd_94689,fsd50k,data/processed/features/train/SMP_00800.npy
SMP_00801,glass_break,1,0,train,fsd_429234,fsd50k,data/processed/features/train/SMP_00801.npy
SMP_00802,glass_break,1,0,train,fsd_216288,fsd50k,data/processed/features/train/SMP_00802.npy
SMP_00803,glass_break,1,0,train,fsd_328146,fsd50k,data/processed/features/train/SMP_00803.npy
SMP_00804,glass_break,1,0,train,fsd_272480,fsd50k,data/processed/features/train/SMP_00804.npy
SMP_00805,glass_break,1,0,train,fsd_378330,fsd50k,data/processed/features/train/SMP_00805.npy
SMP_00806,glass_break,1,0,train,fsd_242340,fsd50k,data/processed/features/train/SMP_00806.npy
SMP_00807,glass_break,1,0,train,fsd_368324,fsd50k,data/processed/features/train/SMP_00807.npy
SMP_00808,glass_break,1,0,train,fsd_315648,fsd50k,data/processed/features/train/SMP_00808.npy
SMP_00809,glass_break,1,0,train,fsd_193060,fsd50k,data/processed/features/train/SMP_00809.npy
SMP_00810,glass_break,1,0,test,fsd_88808,fsd50k,data/processed/features/test/SMP_00810.npy
SMP_00811,glass_break,1,0,val,fsd_88862,fsd50k,data/processed/features/val/SMP_00811.npy
SMP_00812,glass_break,1,0,train,fsd_407188,fsd50k,data/processed/features/train/SMP_00812.npy
SMP_00813,glass_break,1,0,train,fsd_84704,fsd50k,data/processed/features/train/SMP_00813.npy
SMP_00814,glass_break,1,0,train,fsd_257642,fsd50k,data/processed/features/train/SMP_00814.npy
SMP_00815,glass_break,1,0,val,fsd_60467,fsd50k,data/processed/features/val/SMP_00815.npy
SMP_00816,glass_break,1,0,train,fsd_268586,fsd50k,data/processed/features/train/SMP_00816.npy
SMP_00817,glass_break,1,0,train,fsd_92638,fsd50k,data/processed/features/train/SMP_00817.npy
SMP_00818,glass_break,1,0,val,fsd_339640,fsd50k,data/processed/features/val/SMP_00818.npy
SMP_00819,glass_break,1,0,test,fsd_152753,fsd50k,data/processed/features/test/SMP_00819.npy
SMP_00820,glass_break,1,0,test,fsd_93449,fsd50k,data/processed/features/test/SMP_00820.npy
SMP_00821,glass_break,1,0,train,fsd_390727,fsd50k,data/processed/features/train/SMP_00821.npy
SMP_00822,glass_break,1,0,val,fsd_204122,fsd50k,data/processed/features/val/SMP_00822.npy
SMP_00823,glass_break,1,0,train,fsd_214192,fsd50k,data/processed/features/train/SMP_00823.npy
SMP_00824,glass_break,1,0,train,fsd_379012,fsd50k,data/processed/features/train/SMP_00824.npy
SMP_00825,glass_break,1,0,val,fsd_250692,fsd50k,data/processed/features/val/SMP_00825.npy
SMP_00826,glass_break,1,0,train,fsd_173602,fsd50k,data/processed/features/train/SMP_00826.npy
SMP_00827,glass_break,1,0,train,fsd_378846,fsd50k,data/processed/features/train/SMP_00827.npy
SMP_00828,glass_break,1,0,val,fsd_383988,fsd50k,data/processed/features/val/SMP_00828.npy
SMP_00829,glass_break,1,0,val,fsd_390702,fsd50k,data/processed/features/val/SMP_00829.npy
SMP_00830,glass_break,1,0,train,fsd_360673,fsd50k,data/processed/features/train/SMP_00830.npy
SMP_00831,glass_break,1,0,train,fsd_88927,fsd50k,data/processed/features/train/SMP_00831.npy
SMP_00832,glass_break,1,0,val,fsd_145513,fsd50k,data/processed/features/val/SMP_00832.npy
SMP_00833,glass_break,1,0,train,fsd_182510,fsd50k,data/processed/features/train/SMP_00833.npy
SMP_00834,glass_break,1,0,test,fsd_272216,fsd50k,data/processed/features/test/SMP_00834.npy
SMP_00835,glass_break,1,0,train,fsd_323077,fsd50k,data/processed/features/train/SMP_00835.npy
SMP_00836,glass_break,1,0,train,fsd_173618,fsd50k,data/processed/features/train/SMP_00836.npy
SMP_00837,glass_break,1,0,test,fsd_407434,fsd50k,data/processed/features/test/SMP_00837.npy
SMP_00838,glass_break,1,0,val,fsd_84536,fsd50k,data/processed/features/val/SMP_00838.npy
SMP_00839,glass_break,1,0,train,fsd_88838,fsd50k,data/processed/features/train/SMP_00839.npy
SMP_00840,glass_break,1,0,train,fsd_88936,fsd50k,data/processed/features/train/SMP_00840.npy
SMP_00841,glass_break,1,0,test,fsd_242361,fsd50k,data/processed/features/test/SMP_00841.npy
SMP_00842,glass_break,1,0,train,fsd_434442,fsd50k,data/processed/features/train/SMP_00842.npy
SMP_00843,glass_break,1,0,val,fsd_88969,fsd50k,data/processed/features/val/SMP_00843.npy
SMP_00844,glass_break,1,0,train,fsd_216290,fsd50k,data/processed/features/train/SMP_00844.npy
SMP_00845,glass_break,1,0,val,fsd_206144,fsd50k,data/processed/features/val/SMP_00845.npy
SMP_00846,glass_break,1,0,train,fsd_112213,fsd50k,data/processed/features/train/SMP_00846.npy
SMP_00847,glass_break,1,0,train,fsd_90386,fsd50k,data/processed/features/train/SMP_00847.npy
SMP_00848,glass_break,1,0,train,fsd_144115,fsd50k,data/processed/features/train/SMP_00848.npy
SMP_00849,glass_break,1,0,train,fsd_179250,fsd50k,data/processed/features/train/SMP_00849.npy
SMP_00850,glass_break,1,0,train,fsd_173560,fsd50k,data/processed/features/train/SMP_00850.npy
SMP_00851,glass_break,1,0,val,fsd_95078,fsd50k,data/processed/features/val/SMP_00851.npy
SMP_00852,glass_break,1,0,val,fsd_390728,fsd50k,data/processed/features/val/SMP_00852.npy
SMP_00853,glass_break,1,0,train,fsd_390716,fsd50k,data/processed/features/train/SMP_00853.npy
SMP_00854,glass_break,1,0,train,fsd_396270,fsd50k,data/processed/features/train/SMP_00854.npy
SMP_00855,glass_break,1,0,val,fsd_67273,fsd50k,data/processed/features/val/SMP_00855.npy
SMP_00856,glass_break,1,0,train,fsd_368944,fsd50k,data/processed/features/train/SMP_00856.npy
SMP_00857,glass_break,1,0,train,fsd_135699,fsd50k,data/processed/features/train/SMP_00857.npy
SMP_00858,glass_break,1,0,train,fsd_94682,fsd50k,data/processed/features/train/SMP_00858.npy
SMP_00859,glass_break,1,0,train,fsd_22770,fsd50k,data/processed/features/train/SMP_00859.npy
SMP_00860,glass_break,1,0,train,fsd_88839,fsd50k,data/processed/features/train/SMP_00860.npy
SMP_00861,glass_break,1,0,train,fsd_389,fsd50k,data/processed/features/train/SMP_00861.npy
SMP_00862,glass_break,1,0,train,fsd_406091,fsd50k,data/processed/features/train/SMP_00862.npy
SMP_00863,glass_break,1,0,train,fsd_331913,fsd50k,data/processed/features/train/SMP_00863.npy
SMP_00864,glass_break,1,0,test,fsd_216279,fsd50k,data/processed/features/test/SMP_00864.npy
SMP_00865,glass_break,1,0,train,fsd_407431,fsd50k,data/processed/features/train/SMP_00865.npy
SMP_00866,glass_break,1,0,train,fsd_341417,fsd50k,data/processed/features/train/SMP_00866.npy
SMP_00867,glass_break,1,0,train,fsd_390700,fsd50k,data/processed/features/train/SMP_00867.npy
SMP_00868,glass_break,1,0,train,fsd_159008,fsd50k,data/processed/features/train/SMP_00868.npy
SMP_00869,glass_break,1,0,train,fsd_245167,fsd50k,data/processed/features/train/SMP_00869.npy
SMP_00870,glass_break,1,0,train,fsd_331926,fsd50k,data/processed/features/train/SMP_00870.npy
SMP_00871,glass_break,1,0,train,fsd_148073,fsd50k,data/processed/features/train/SMP_00871.npy
SMP_00872,glass_break,1,0,train,fsd_104815,fsd50k,data/processed/features/train/SMP_00872.npy
SMP_00873,glass_break,1,0,train,fsd_186686,fsd50k,data/processed/features/train/SMP_00873.npy
SMP_00874,glass_break,1,0,train,fsd_339647,fsd50k,data/processed/features/train/SMP_00874.npy
SMP_00875,glass_break,1,0,test,fsd_89890,fsd50k,data/processed/features/test/SMP_00875.npy
SMP_00876,glass_break,1,0,test,fsd_66876,fsd50k,data/processed/features/test/SMP_00876.npy
SMP_00877,glass_break,1,0,train,fsd_204142,fsd50k,data/processed/features/train/SMP_00877.npy
SMP_00878,glass_break,1,0,test,fsd_59263,fsd50k,data/processed/features/test/SMP_00878.npy
SMP_00879,glass_break,1,0,test,fsd_233381,fsd50k,data/processed/features/test/SMP_00879.npy
SMP_00880,glass_break,1,0,train,fsd_179234,fsd50k,data/processed/features/train/SMP_00880.npy
SMP_00881,glass_break,1,0,train,fsd_320128,fsd50k,data/processed/features/train/SMP_00881.npy
SMP_00882,glass_break,1,0,test,fsd_160759,fsd50k,data/processed/features/test/SMP_00882.npy
SMP_00883,glass_break,1,0,train,fsd_378867,fsd50k,data/processed/features/train/SMP_00883.npy
SMP_00884,glass_break,1,0,train,fsd_197383,fsd50k,data/processed/features/train/SMP_00884.npy
SMP_00885,glass_break,1,0,test,fsd_88915,fsd50k,data/processed/features/test/SMP_00885.npy
SMP_00886,glass_break,1,0,train,fsd_206171,fsd50k,data/processed/features/train/SMP_00886.npy
SMP_00887,glass_break,1,0,train,fsd_88975,fsd50k,data/processed/features/train/SMP_00887.npy
SMP_00888,glass_break,1,0,train,fsd_326990,fsd50k,data/processed/features/train/SMP_00888.npy
SMP_00889,glass_break,1,0,train,fsd_980,fsd50k,data/processed/features/train/SMP_00889.npy
SMP_00890,glass_break,1,0,test,fsd_213164,fsd50k,data/processed/features/test/SMP_00890.npy
SMP_00891,glass_break,1,0,train,fsd_341068,fsd50k,data/processed/features/train/SMP_00891.npy
SMP_00892,glass_break,1,0,train,fsd_331922,fsd50k,data/processed/features/train/SMP_00892.npy
SMP_00893,glass_break,1,0,val,fsd_89908,fsd50k,data/processed/features/val/SMP_00893.npy
SMP_00894,glass_break,1,0,train,fsd_60475,fsd50k,data/processed/features/train/SMP_00894.npy
SMP_00895,glass_break,1,0,train,fsd_331924,fsd50k,data/processed/features/train/SMP_00895.npy
SMP_00896,glass_break,1,0,train,fsd_427459,fsd50k,data/processed/features/train/SMP_00896.npy
SMP_00897,glass_break,1,0,train,fsd_269395,fsd50k,data/processed/features/train/SMP_00897.npy
SMP_00898,glass_break,1,0,test,fsd_337235,fsd50k,data/processed/features/test/SMP_00898.npy
SMP_00899,glass_break,1,0,val,fsd_147867,fsd50k,data/processed/features/val/SMP_00899.npy
SMP_00900,glass_break,1,0,train,fsd_391496,fsd50k,data/processed/features/train/SMP_00900.npy
SMP_00901,glass_break,1,0,train,fsd_204143,fsd50k,data/processed/features/train/SMP_00901.npy
SMP_00902,glass_break,1,0,train,fsd_366595,fsd50k,data/processed/features/train/SMP_00902.npy
SMP_00903,glass_break,1,0,train,fsd_89914,fsd50k,data/processed/features/train/SMP_00903.npy
SMP_00904,glass_break,1,0,train,fsd_339650,fsd50k,data/processed/features/train/SMP_00904.npy
SMP_00905,glass_break,1,0,train,fsd_94790,fsd50k,data/processed/features/train/SMP_00905.npy
SMP_00906,glass_break,1,0,train,fsd_154466,fsd50k,data/processed/features/train/SMP_00906.npy
SMP_00907,glass_break,1,0,train,fsd_221528,fsd50k,data/processed/features/train/SMP_00907.npy
SMP_00908,glass_break,1,0,test,fsd_322407,fsd50k,data/processed/features/test/SMP_00908.npy
SMP_00909,glass_break,1,0,train,fsd_260432,fsd50k,data/processed/features/train/SMP_00909.npy
SMP_00910,glass_break,1,0,train,fsd_88917,fsd50k,data/processed/features/train/SMP_00910.npy
SMP_00911,glass_break,1,0,train,fsd_406718,fsd50k,data/processed/features/train/SMP_00911.npy
SMP_00912,glass_break,1,0,train,fsd_104670,fsd50k,data/processed/features/train/SMP_00912.npy
SMP_00913,glass_break,1,0,train,fsd_98054,fsd50k,data/processed/features/train/SMP_00913.npy
SMP_00914,glass_break,1,0,val,fsd_339649,fsd50k,data/processed/features/val/SMP_00914.npy
SMP_00915,glass_break,1,0,train,fsd_383978,fsd50k,data/processed/features/train/SMP_00915.npy
SMP_00916,glass_break,1,0,train,fsd_344265,fsd50k,data/processed/features/train/SMP_00916.npy
SMP_00917,glass_break,1,0,train,fsd_339645,fsd50k,data/processed/features/train/SMP_00917.npy
SMP_00918,glass_break,1,0,test,fsd_981,fsd50k,data/processed/features/test/SMP_00918.npy
SMP_00919,glass_break,1,0,val,fsd_88976,fsd50k,data/processed/features/val/SMP_00919.npy
SMP_00920,glass_break,1,0,train,fsd_88850,fsd50k,data/processed/features/train/SMP_00920.npy
SMP_00921,glass_break,1,0,test,fsd_242363,fsd50k,data/processed/features/test/SMP_00921.npy
SMP_00922,glass_break,1,0,train,fsd_393965,fsd50k,data/processed/features/train/SMP_00922.npy
SMP_00923,glass_break,1,0,test,fsd_187468,fsd50k,data/processed/features/test/SMP_00923.npy
SMP_00924,glass_break,1,0,val,fsd_214191,fsd50k,data/processed/features/val/SMP_00924.npy
SMP_00925,glass_break,1,0,train,fsd_69245,fsd50k,data/processed/features/train/SMP_00925.npy
SMP_00926,glass_break,1,0,train,fsd_377805,fsd50k,data/processed/features/train/SMP_00926.npy
SMP_00927,glass_break,1,0,train,fsd_198394,fsd50k,data/processed/features/train/SMP_00927.npy
SMP_00928,glass_break,1,0,train,fsd_88886,fsd50k,data/processed/features/train/SMP_00928.npy
SMP_00929,glass_break,1,0,train,fsd_380840,fsd50k,data/processed/features/train/SMP_00929.npy
SMP_00930,glass_break,1,0,test,fsd_213165,fsd50k,data/processed/features/test/SMP_00930.npy
SMP_00931,glass_break,1,0,train,fsd_89884,fsd50k,data/processed/features/train/SMP_00931.npy
SMP_00932,glass_break,1,0,train,fsd_179231,fsd50k,data/processed/features/train/SMP_00932.npy
SMP_00933,glass_break,1,0,train,fsd_341405,fsd50k,data/processed/features/train/SMP_00933.npy
SMP_00934,glass_break,1,0,train,fsd_255622,fsd50k,data/processed/features/train/SMP_00934.npy
SMP_00935,glass_break,1,0,train,fsd_250696,fsd50k,data/processed/features/train/SMP_00935.npy
SMP_00936,glass_break,1,0,train,fsd_244245,fsd50k,data/processed/features/train/SMP_00936.npy
SMP_00937,glass_break,1,0,train,fsd_414222,fsd50k,data/processed/features/train/SMP_00937.npy
SMP_00938,glass_break,1,0,train,fsd_9206,fsd50k,data/processed/features/train/SMP_00938.npy
SMP_00939,glass_break,1,0,test,fsd_249873,fsd50k,data/processed/features/test/SMP_00939.npy
SMP_00940,glass_break,1,0,train,fsd_368345,fsd50k,data/processed/features/train/SMP_00940.npy
SMP_00941,glass_break,1,0,train,fsd_345134,fsd50k,data/processed/features/train/SMP_00941.npy
SMP_00942,glass_break,1,0,train,fsd_208741,fsd50k,data/processed/features/train/SMP_00942.npy
SMP_00943,glass_break,1,0,val,fsd_179175,fsd50k,data/processed/features/val/SMP_00943.npy
SMP_00944,glass_break,1,0,train,fsd_86047,fsd50k,data/processed/features/train/SMP_00944.npy
SMP_00945,glass_break,1,0,val,fsd_9205,fsd50k,data/processed/features/val/SMP_00945.npy
SMP_00946,glass_break,1,0,val,fsd_144187,fsd50k,data/processed/features/val/SMP_00946.npy
SMP_00947,glass_break,1,0,train,fsd_124030,fsd50k,data/processed/features/train/SMP_00947.npy
SMP_00948,glass_break,1,0,test,fsd_88811,fsd50k,data/processed/features/test/SMP_00948.npy
SMP_00949,glass_break,1,0,train,fsd_352068,fsd50k,data/processed/features/train/SMP_00949.npy
SMP_00950,glass_break,1,0,val,fsd_158142,fsd50k,data/processed/features/val/SMP_00950.npy
SMP_00951,glass_break,1,0,train,fsd_242262,fsd50k,data/processed/features/train/SMP_00951.npy
SMP_00952,glass_break,1,0,train,fsd_204047,fsd50k,data/processed/features/train/SMP_00952.npy
SMP_00953,glass_break,1,0,train,fsd_89870,fsd50k,data/processed/features/train/SMP_00953.npy
SMP_00954,glass_break,1,0,train,fsd_414217,fsd50k,data/processed/features/train/SMP_00954.npy
SMP_00955,glass_break,1,0,test,fsd_368905,fsd50k,data/processed/features/test/SMP_00955.npy
SMP_00956,glass_break,1,0,test,fsd_194683,fsd50k,data/processed/features/test/SMP_00956.npy
SMP_00957,glass_break,1,0,test,fsd_378850,fsd50k,data/processed/features/test/SMP_00957.npy
SMP_00958,glass_break,1,0,val,fsd_255651,fsd50k,data/processed/features/val/SMP_00958.npy
SMP_00959,glass_break,1,0,train,fsd_89876,fsd50k,data/processed/features/train/SMP_00959.npy
SMP_00960,glass_break,1,0,train,fsd_414219,fsd50k,data/processed/features/train/SMP_00960.npy
SMP_00961,gunshot_explosion,2,1,train,fsd_361341,fsd50k,data/processed/features/train/SMP_00961.npy
SMP_00962,gunshot_explosion,2,1,train,fsd_259539,fsd50k,data/processed/features/train/SMP_00962.npy
SMP_00963,gunshot_explosion,2,1,train,fsd_362487,fsd50k,data/processed/features/train/SMP_00963.npy
SMP_00964,gunshot_explosion,2,1,train,fsd_186958,fsd50k,data/processed/features/train/SMP_00964.npy
SMP_00965,gunshot_explosion,2,1,test,fsd_219455,fsd50k,data/processed/features/test/SMP_00965.npy
SMP_00966,gunshot_explosion,2,1,train,fsd_434254,fsd50k,data/processed/features/train/SMP_00966.npy
SMP_00967,gunshot_explosion,2,1,train,fsd_109739,fsd50k,data/processed/features/train/SMP_00967.npy
SMP_00968,gunshot_explosion,2,1,train,fsd_221640,fsd50k,data/processed/features/train/SMP_00968.npy
SMP_00969,gunshot_explosion,2,1,train,fsd_95089,fsd50k,data/processed/features/train/SMP_00969.npy
SMP_00970,gunshot_explosion,2,1,test,fsd_117138,fsd50k,data/processed/features/test/SMP_00970.npy
SMP_00971,gunshot_explosion,2,1,train,fsd_434270,fsd50k,data/processed/features/train/SMP_00971.npy
SMP_00972,gunshot_explosion,2,1,train,fsd_67523,fsd50k,data/processed/features/train/SMP_00972.npy
SMP_00973,gunshot_explosion,2,1,test,fsd_251759,fsd50k,data/processed/features/test/SMP_00973.npy
SMP_00974,gunshot_explosion,2,1,train,fsd_244767,fsd50k,data/processed/features/train/SMP_00974.npy
SMP_00975,gunshot_explosion,2,1,test,fsd_109733,fsd50k,data/processed/features/test/SMP_00975.npy
SMP_00976,gunshot_explosion,2,1,val,fsd_370304,fsd50k,data/processed/features/val/SMP_00976.npy
SMP_00977,gunshot_explosion,2,1,train,fsd_205608,fsd50k,data/processed/features/train/SMP_00977.npy
SMP_00978,gunshot_explosion,2,1,train,fsd_434143,fsd50k,data/processed/features/train/SMP_00978.npy
SMP_00979,gunshot_explosion,2,1,test,fsd_366402,fsd50k,data/processed/features/test/SMP_00979.npy
SMP_00980,gunshot_explosion,2,1,val,fsd_136727,fsd50k,data/processed/features/val/SMP_00980.npy
SMP_00981,gunshot_explosion,2,1,val,fsd_251004,fsd50k,data/processed/features/val/SMP_00981.npy
SMP_00982,gunshot_explosion,2,1,train,fsd_67582,fsd50k,data/processed/features/train/SMP_00982.npy
SMP_00983,gunshot_explosion,2,1,test,fsd_405571,fsd50k,data/processed/features/test/SMP_00983.npy
SMP_00984,gunshot_explosion,2,1,train,fsd_233323,fsd50k,data/processed/features/train/SMP_00984.npy
SMP_00985,gunshot_explosion,2,1,train,fsd_349796,fsd50k,data/processed/features/train/SMP_00985.npy
SMP_00986,gunshot_explosion,2,1,train,fsd_82110,fsd50k,data/processed/features/train/SMP_00986.npy
SMP_00987,gunshot_explosion,2,1,train,fsd_233318,fsd50k,data/processed/features/train/SMP_00987.npy
SMP_00988,gunshot_explosion,2,1,test,fsd_369126,fsd50k,data/processed/features/test/SMP_00988.npy
SMP_00989,gunshot_explosion,2,1,train,fsd_342184,fsd50k,data/processed/features/train/SMP_00989.npy
SMP_00990,gunshot_explosion,2,1,train,fsd_328861,fsd50k,data/processed/features/train/SMP_00990.npy
SMP_00991,gunshot_explosion,2,1,train,fsd_186951,fsd50k,data/processed/features/train/SMP_00991.npy
SMP_00992,gunshot_explosion,2,1,train,fsd_198336,fsd50k,data/processed/features/train/SMP_00992.npy
SMP_00993,gunshot_explosion,2,1,train,fsd_108045,fsd50k,data/processed/features/train/SMP_00993.npy
SMP_00994,gunshot_explosion,2,1,test,fsd_65290,fsd50k,data/processed/features/test/SMP_00994.npy
SMP_00995,gunshot_explosion,2,1,train,fsd_434239,fsd50k,data/processed/features/train/SMP_00995.npy
SMP_00996,gunshot_explosion,2,1,train,fsd_114050,fsd50k,data/processed/features/train/SMP_00996.npy
SMP_00997,gunshot_explosion,2,1,train,fsd_60902,fsd50k,data/processed/features/train/SMP_00997.npy
SMP_00998,gunshot_explosion,2,1,train,fsd_212679,fsd50k,data/processed/features/train/SMP_00998.npy
SMP_00999,gunshot_explosion,2,1,train,fsd_265623,fsd50k,data/processed/features/train/SMP_00999.npy
SMP_01000,gunshot_explosion,2,1,train,fsd_255326,fsd50k,data/processed/features/train/SMP_01000.npy
SMP_01001,gunshot_explosion,2,1,val,fsd_67571,fsd50k,data/processed/features/val/SMP_01001.npy
SMP_01002,gunshot_explosion,2,1,train,fsd_151556,fsd50k,data/processed/features/train/SMP_01002.npy
SMP_01003,gunshot_explosion,2,1,test,fsd_213241,fsd50k,data/processed/features/test/SMP_01003.npy
SMP_01004,gunshot_explosion,2,1,train,fsd_216317,fsd50k,data/processed/features/train/SMP_01004.npy
SMP_01005,gunshot_explosion,2,1,train,fsd_21410,fsd50k,data/processed/features/train/SMP_01005.npy
SMP_01006,gunshot_explosion,2,1,val,fsd_191994,fsd50k,data/processed/features/val/SMP_01006.npy
SMP_01007,gunshot_explosion,2,1,train,fsd_87080,fsd50k,data/processed/features/train/SMP_01007.npy
SMP_01008,gunshot_explosion,2,1,train,fsd_399266,fsd50k,data/processed/features/train/SMP_01008.npy
SMP_01009,gunshot_explosion,2,1,train,fsd_220612,fsd50k,data/processed/features/train/SMP_01009.npy
SMP_01010,gunshot_explosion,2,1,train,fsd_209305,fsd50k,data/processed/features/train/SMP_01010.npy
SMP_01011,gunshot_explosion,2,1,train,fsd_209944,fsd50k,data/processed/features/train/SMP_01011.npy
SMP_01012,gunshot_explosion,2,1,train,fsd_320742,fsd50k,data/processed/features/train/SMP_01012.npy
SMP_01013,gunshot_explosion,2,1,val,fsd_348664,fsd50k,data/processed/features/val/SMP_01013.npy
SMP_01014,gunshot_explosion,2,1,train,fsd_424317,fsd50k,data/processed/features/train/SMP_01014.npy
SMP_01015,gunshot_explosion,2,1,test,fsd_238247,fsd50k,data/processed/features/test/SMP_01015.npy
SMP_01016,gunshot_explosion,2,1,train,fsd_413120,fsd50k,data/processed/features/train/SMP_01016.npy
SMP_01017,gunshot_explosion,2,1,train,fsd_198352,fsd50k,data/processed/features/train/SMP_01017.npy
SMP_01018,gunshot_explosion,2,1,train,fsd_18384,fsd50k,data/processed/features/train/SMP_01018.npy
SMP_01019,gunshot_explosion,2,1,test,fsd_423115,fsd50k,data/processed/features/test/SMP_01019.npy
SMP_01020,gunshot_explosion,2,1,train,fsd_434262,fsd50k,data/processed/features/train/SMP_01020.npy
SMP_01021,gunshot_explosion,2,1,train,fsd_387336,fsd50k,data/processed/features/train/SMP_01021.npy
SMP_01022,gunshot_explosion,2,1,train,fsd_109751,fsd50k,data/processed/features/train/SMP_01022.npy
SMP_01023,gunshot_explosion,2,1,test,fsd_198952,fsd50k,data/processed/features/test/SMP_01023.npy
SMP_01024,gunshot_explosion,2,1,train,fsd_67505,fsd50k,data/processed/features/train/SMP_01024.npy
SMP_01025,gunshot_explosion,2,1,test,fsd_216319,fsd50k,data/processed/features/test/SMP_01025.npy
SMP_01026,gunshot_explosion,2,1,train,fsd_102719,fsd50k,data/processed/features/train/SMP_01026.npy
SMP_01027,gunshot_explosion,2,1,train,fsd_257875,fsd50k,data/processed/features/train/SMP_01027.npy
SMP_01028,gunshot_explosion,2,1,train,fsd_100183,fsd50k,data/processed/features/train/SMP_01028.npy
SMP_01029,gunshot_explosion,2,1,train,fsd_322499,fsd50k,data/processed/features/train/SMP_01029.npy
SMP_01030,gunshot_explosion,2,1,train,fsd_154678,fsd50k,data/processed/features/train/SMP_01030.npy
SMP_01031,gunshot_explosion,2,1,train,fsd_56595,fsd50k,data/processed/features/train/SMP_01031.npy
SMP_01032,gunshot_explosion,2,1,val,fsd_218484,fsd50k,data/processed/features/val/SMP_01032.npy
SMP_01033,gunshot_explosion,2,1,train,fsd_331369,fsd50k,data/processed/features/train/SMP_01033.npy
SMP_01034,gunshot_explosion,2,1,train,fsd_265303,fsd50k,data/processed/features/train/SMP_01034.npy
SMP_01035,gunshot_explosion,2,1,train,fsd_186955,fsd50k,data/processed/features/train/SMP_01035.npy
SMP_01036,gunshot_explosion,2,1,val,fsd_98748,fsd50k,data/processed/features/val/SMP_01036.npy
SMP_01037,gunshot_explosion,2,1,train,fsd_191691,fsd50k,data/processed/features/train/SMP_01037.npy
SMP_01038,gunshot_explosion,2,1,train,fsd_239569,fsd50k,data/processed/features/train/SMP_01038.npy
SMP_01039,gunshot_explosion,2,1,train,fsd_377245,fsd50k,data/processed/features/train/SMP_01039.npy
SMP_01040,gunshot_explosion,2,1,train,fsd_169673,fsd50k,data/processed/features/train/SMP_01040.npy
SMP_01041,gunshot_explosion,2,1,train,fsd_27657,fsd50k,data/processed/features/train/SMP_01041.npy
SMP_01042,gunshot_explosion,2,1,train,fsd_368805,fsd50k,data/processed/features/train/SMP_01042.npy
SMP_01043,gunshot_explosion,2,1,train,fsd_67522,fsd50k,data/processed/features/train/SMP_01043.npy
SMP_01044,gunshot_explosion,2,1,test,fsd_82116,fsd50k,data/processed/features/test/SMP_01044.npy
SMP_01045,gunshot_explosion,2,1,train,fsd_203331,fsd50k,data/processed/features/train/SMP_01045.npy
SMP_01046,gunshot_explosion,2,1,train,fsd_80501,fsd50k,data/processed/features/train/SMP_01046.npy
SMP_01047,gunshot_explosion,2,1,train,fsd_403570,fsd50k,data/processed/features/train/SMP_01047.npy
SMP_01048,gunshot_explosion,2,1,train,fsd_162434,fsd50k,data/processed/features/train/SMP_01048.npy
SMP_01049,gunshot_explosion,2,1,val,fsd_199741,fsd50k,data/processed/features/val/SMP_01049.npy
SMP_01050,gunshot_explosion,2,1,test,fsd_165478,fsd50k,data/processed/features/test/SMP_01050.npy
SMP_01051,gunshot_explosion,2,1,train,fsd_34708,fsd50k,data/processed/features/train/SMP_01051.npy
SMP_01052,gunshot_explosion,2,1,train,fsd_97966,fsd50k,data/processed/features/train/SMP_01052.npy
SMP_01053,gunshot_explosion,2,1,train,fsd_68036,fsd50k,data/processed/features/train/SMP_01053.npy
SMP_01054,gunshot_explosion,2,1,test,fsd_89147,fsd50k,data/processed/features/test/SMP_01054.npy
SMP_01055,gunshot_explosion,2,1,train,fsd_60877,fsd50k,data/processed/features/train/SMP_01055.npy
SMP_01056,gunshot_explosion,2,1,train,fsd_353421,fsd50k,data/processed/features/train/SMP_01056.npy
SMP_01057,gunshot_explosion,2,1,train,fsd_186945,fsd50k,data/processed/features/train/SMP_01057.npy
SMP_01058,gunshot_explosion,2,1,train,fsd_110622,fsd50k,data/processed/features/train/SMP_01058.npy
SMP_01059,gunshot_explosion,2,1,train,fsd_105025,fsd50k,data/processed/features/train/SMP_01059.npy
SMP_01060,gunshot_explosion,2,1,train,fsd_366090,fsd50k,data/processed/features/train/SMP_01060.npy
SMP_01061,door_forced,3,2,test,fsd_100634,fsd50k,data/processed/features/test/SMP_01061.npy
SMP_01062,door_forced,3,2,train,fsd_69387,fsd50k,data/processed/features/train/SMP_01062.npy
SMP_01063,door_forced,3,2,test,fsd_432773,fsd50k,data/processed/features/test/SMP_01063.npy
SMP_01064,door_forced,3,2,train,fsd_158458,fsd50k,data/processed/features/train/SMP_01064.npy
SMP_01065,door_forced,3,2,train,fsd_203943,fsd50k,data/processed/features/train/SMP_01065.npy
SMP_01066,door_forced,3,2,train,fsd_349307,fsd50k,data/processed/features/train/SMP_01066.npy
SMP_01067,door_forced,3,2,val,fsd_76331,fsd50k,data/processed/features/val/SMP_01067.npy
SMP_01068,door_forced,3,2,train,fsd_232896,fsd50k,data/processed/features/train/SMP_01068.npy
SMP_01069,door_forced,3,2,train,fsd_331569,fsd50k,data/processed/features/train/SMP_01069.npy
SMP_01070,door_forced,3,2,val,fsd_99565,fsd50k,data/processed/features/val/SMP_01070.npy
SMP_01071,door_forced,3,2,val,fsd_59627,fsd50k,data/processed/features/val/SMP_01071.npy
SMP_01072,door_forced,3,2,train,fsd_266364,fsd50k,data/processed/features/train/SMP_01072.npy
SMP_01073,door_forced,3,2,train,fsd_407349,fsd50k,data/processed/features/train/SMP_01073.npy
SMP_01074,door_forced,3,2,train,fsd_153231,fsd50k,data/processed/features/train/SMP_01074.npy
SMP_01075,door_forced,3,2,train,fsd_347217,fsd50k,data/processed/features/train/SMP_01075.npy
SMP_01076,door_forced,3,2,test,fsd_217965,fsd50k,data/processed/features/test/SMP_01076.npy
SMP_01077,door_forced,3,2,train,fsd_69184,fsd50k,data/processed/features/train/SMP_01077.npy
SMP_01078,door_forced,3,2,test,fsd_233291,fsd50k,data/processed/features/test/SMP_01078.npy
SMP_01079,door_forced,3,2,train,fsd_94254,fsd50k,data/processed/features/train/SMP_01079.npy
SMP_01080,door_forced,3,2,train,fsd_263078,fsd50k,data/processed/features/train/SMP_01080.npy
SMP_01081,door_forced,3,2,train,fsd_365478,fsd50k,data/processed/features/train/SMP_01081.npy
SMP_01082,door_forced,3,2,train,fsd_352380,fsd50k,data/processed/features/train/SMP_01082.npy
SMP_01083,door_forced,3,2,train,fsd_164571,fsd50k,data/processed/features/train/SMP_01083.npy
SMP_01084,door_forced,3,2,val,fsd_251543,fsd50k,data/processed/features/val/SMP_01084.npy
SMP_01085,door_forced,3,2,train,fsd_237405,fsd50k,data/processed/features/train/SMP_01085.npy
SMP_01086,door_forced,3,2,train,fsd_148950,fsd50k,data/processed/features/train/SMP_01086.npy
SMP_01087,door_forced,3,2,train,fsd_325213,fsd50k,data/processed/features/train/SMP_01087.npy
SMP_01088,door_forced,3,2,train,fsd_259974,fsd50k,data/processed/features/train/SMP_01088.npy
SMP_01089,door_forced,3,2,train,fsd_123001,fsd50k,data/processed/features/train/SMP_01089.npy
SMP_01090,door_forced,3,2,test,fsd_211924,fsd50k,data/processed/features/test/SMP_01090.npy
SMP_01091,door_forced,3,2,train,fsd_340747,fsd50k,data/processed/features/train/SMP_01091.npy
SMP_01092,door_forced,3,2,train,fsd_387983,fsd50k,data/processed/features/train/SMP_01092.npy
SMP_01093,door_forced,3,2,train,fsd_213724,fsd50k,data/processed/features/train/SMP_01093.npy
SMP_01094,door_forced,3,2,val,fsd_69487,fsd50k,data/processed/features/val/SMP_01094.npy
SMP_01095,door_forced,3,2,train,fsd_114509,fsd50k,data/processed/features/train/SMP_01095.npy
SMP_01096,door_forced,3,2,train,fsd_59594,fsd50k,data/processed/features/train/SMP_01096.npy
SMP_01097,door_forced,3,2,val,fsd_89137,fsd50k,data/processed/features/val/SMP_01097.npy
SMP_01098,door_forced,3,2,val,fsd_406595,fsd50k,data/processed/features/val/SMP_01098.npy
SMP_01099,door_forced,3,2,train,fsd_387981,fsd50k,data/processed/features/train/SMP_01099.npy
SMP_01100,door_forced,3,2,train,fsd_216872,fsd50k,data/processed/features/train/SMP_01100.npy
SMP_01101,door_forced,3,2,val,fsd_93646,fsd50k,data/processed/features/val/SMP_01101.npy
SMP_01102,door_forced,3,2,train,fsd_193846,fsd50k,data/processed/features/train/SMP_01102.npy
SMP_01103,door_forced,3,2,train,fsd_324427,fsd50k,data/processed/features/train/SMP_01103.npy
SMP_01104,door_forced,3,2,val,fsd_144943,fsd50k,data/processed/features/val/SMP_01104.npy
SMP_01105,door_forced,3,2,train,fsd_131016,fsd50k,data/processed/features/train/SMP_01105.npy
SMP_01106,door_forced,3,2,train,fsd_365907,fsd50k,data/processed/features/train/SMP_01106.npy
SMP_01107,door_forced,3,2,train,fsd_61699,fsd50k,data/processed/features/train/SMP_01107.npy
SMP_01108,door_forced,3,2,train,fsd_265044,fsd50k,data/processed/features/train/SMP_01108.npy
SMP_01109,door_forced,3,2,train,fsd_390976,fsd50k,data/processed/features/train/SMP_01109.npy
SMP_01110,door_forced,3,2,val,fsd_202231,fsd50k,data/processed/features/val/SMP_01110.npy
SMP_01111,door_forced,3,2,train,fsd_209964,fsd50k,data/processed/features/train/SMP_01111.npy
SMP_01112,door_forced,3,2,test,fsd_68659,fsd50k,data/processed/features/test/SMP_01112.npy
SMP_01113,door_forced,3,2,val,fsd_263033,fsd50k,data/processed/features/val/SMP_01113.npy
SMP_01114,door_forced,3,2,train,fsd_403546,fsd50k,data/processed/features/train/SMP_01114.npy
SMP_01115,door_forced,3,2,test,fsd_198869,fsd50k,data/processed/features/test/SMP_01115.npy
SMP_01116,door_forced,3,2,test,fsd_138323,fsd50k,data/processed/features/test/SMP_01116.npy
SMP_01117,door_forced,3,2,val,fsd_52289,fsd50k,data/processed/features/val/SMP_01117.npy
SMP_01118,door_forced,3,2,train,fsd_193857,fsd50k,data/processed/features/train/SMP_01118.npy
SMP_01119,door_forced,3,2,train,fsd_152888,fsd50k,data/processed/features/train/SMP_01119.npy
SMP_01120,door_forced,3,2,train,fsd_125957,fsd50k,data/processed/features/train/SMP_01120.npy
SMP_01121,door_forced,3,2,test,fsd_106270,fsd50k,data/processed/features/test/SMP_01121.npy
SMP_01122,door_forced,3,2,train,fsd_70102,fsd50k,data/processed/features/train/SMP_01122.npy
SMP_01123,door_forced,3,2,test,fsd_253993,fsd50k,data/processed/features/test/SMP_01123.npy
SMP_01124,door_forced,3,2,train,fsd_137146,fsd50k,data/processed/features/train/SMP_01124.npy
SMP_01125,door_forced,3,2,train,fsd_171755,fsd50k,data/processed/features/train/SMP_01125.npy
SMP_01126,door_forced,3,2,train,fsd_89143,fsd50k,data/processed/features/train/SMP_01126.npy
SMP_01127,door_forced,3,2,train,fsd_257912,fsd50k,data/processed/features/train/SMP_01127.npy
SMP_01128,door_forced,3,2,train,fsd_404300,fsd50k,data/processed/features/train/SMP_01128.npy
SMP_01129,door_forced,3,2,train,fsd_202985,fsd50k,data/processed/features/train/SMP_01129.npy
SMP_01130,door_forced,3,2,train,fsd_83507,fsd50k,data/processed/features/train/SMP_01130.npy
SMP_01131,door_forced,3,2,train,fsd_395095,fsd50k,data/processed/features/train/SMP_01131.npy
SMP_01132,door_forced,3,2,train,fsd_213876,fsd50k,data/processed/features/train/SMP_01132.npy
SMP_01133,door_forced,3,2,test,fsd_371661,fsd50k,data/processed/features/test/SMP_01133.npy
SMP_01134,door_forced,3,2,val,fsd_344218,fsd50k,data/processed/features/val/SMP_01134.npy
SMP_01135,door_forced,3,2,train,fsd_20285,fsd50k,data/processed/features/train/SMP_01135.npy
SMP_01136,door_forced,3,2,train,fsd_340038,fsd50k,data/processed/features/train/SMP_01136.npy
SMP_01137,door_forced,3,2,test,fsd_395282,fsd50k,data/processed/features/test/SMP_01137.npy
SMP_01138,door_forced,3,2,val,fsd_265968,fsd50k,data/processed/features/val/SMP_01138.npy
SMP_01139,door_forced,3,2,train,fsd_253983,fsd50k,data/processed/features/train/SMP_01139.npy
SMP_01140,door_forced,3,2,train,fsd_167259,fsd50k,data/processed/features/train/SMP_01140.npy
SMP_01141,door_forced,3,2,train,fsd_379916,fsd50k,data/processed/features/train/SMP_01141.npy
SMP_01142,door_forced,3,2,train,fsd_324509,fsd50k,data/processed/features/train/SMP_01142.npy
SMP_01143,door_forced,3,2,test,fsd_126045,fsd50k,data/processed/features/test/SMP_01143.npy
SMP_01144,door_forced,3,2,train,fsd_349245,fsd50k,data/processed/features/train/SMP_01144.npy
SMP_01145,door_forced,3,2,train,fsd_420735,fsd50k,data/processed/features/train/SMP_01145.npy
SMP_01146,door_forced,3,2,train,fsd_412857,fsd50k,data/processed/features/train/SMP_01146.npy
SMP_01147,door_forced,3,2,val,fsd_352987,fsd50k,data/processed/features/val/SMP_01147.npy
SMP_01148,door_forced,3,2,train,fsd_267702,fsd50k,data/processed/features/train/SMP_01148.npy
SMP_01149,door_forced,3,2,train,fsd_240267,fsd50k,data/processed/features/train/SMP_01149.npy
SMP_01150,door_forced,3,2,train,fsd_233001,fsd50k,data/processed/features/train/SMP_01150.npy
SMP_01151,door_forced,3,2,train,fsd_190027,fsd50k,data/processed/features/train/SMP_01151.npy
SMP_01152,door_forced,3,2,train,fsd_182723,fsd50k,data/processed/features/train/SMP_01152.npy
SMP_01153,door_forced,3,2,val,fsd_412487,fsd50k,data/processed/features/val/SMP_01153.npy
SMP_01154,door_forced,3,2,val,fsd_35617,fsd50k,data/processed/features/val/SMP_01154.npy
SMP_01155,door_forced,3,2,val,fsd_182033,fsd50k,data/processed/features/val/SMP_01155.npy
SMP_01156,door_forced,3,2,train,fsd_275571,fsd50k,data/processed/features/train/SMP_01156.npy
SMP_01157,door_forced,3,2,train,fsd_238287,fsd50k,data/processed/features/train/SMP_01157.npy
SMP_01158,door_forced,3,2,train,fsd_241829,fsd50k,data/processed/features/train/SMP_01158.npy
SMP_01159,door_forced,3,2,train,fsd_394893,fsd50k,data/processed/features/train/SMP_01159.npy
SMP_01160,door_forced,3,2,train,fsd_19858,fsd50k,data/processed/features/train/SMP_01160.npy
SMP_01161,door_forced,3,2,test,fsd_256577,fsd50k,data/processed/features/test/SMP_01161.npy
SMP_01162,door_forced,3,2,train,fsd_197866,fsd50k,data/processed/features/train/SMP_01162.npy
SMP_01163,door_forced,3,2,train,fsd_146204,fsd50k,data/processed/features/train/SMP_01163.npy
SMP_01164,door_forced,3,2,train,fsd_176642,fsd50k,data/processed/features/train/SMP_01164.npy
SMP_01165,door_forced,3,2,test,fsd_352382,fsd50k,data/processed/features/test/SMP_01165.npy
SMP_01167,door_forced,3,2,train,fsd_341191,fsd50k,data/processed/features/train/SMP_01167.npy
SMP_01166,door_forced,3,2,train,fsd_265202,fsd50k,data/processed/features/train/SMP_01166.npy
SMP_01168,door_forced,3,2,val,fsd_94785,fsd50k,data/processed/features/val/SMP_01168.npy
SMP_01169,door_forced,3,2,train,fsd_365902,fsd50k,data/processed/features/train/SMP_01169.npy
SMP_01172,door_forced,3,2,train,fsd_144942,fsd50k,data/processed/features/train/SMP_01172.npy
SMP_01170,door_forced,3,2,test,fsd_341328,fsd50k,data/processed/features/test/SMP_01170.npy
SMP_01171,door_forced,3,2,test,fsd_73050,fsd50k,data/processed/features/test/SMP_01171.npy
SMP_01174,door_forced,3,2,train,fsd_29714,fsd50k,data/processed/features/train/SMP_01174.npy
SMP_01173,door_forced,3,2,train,fsd_130044,fsd50k,data/processed/features/train/SMP_01173.npy
SMP_01175,door_forced,3,2,train,fsd_218987,fsd50k,data/processed/features/train/SMP_01175.npy
SMP_01176,door_forced,3,2,val,fsd_352716,fsd50k,data/processed/features/val/SMP_01176.npy
SMP_01177,door_forced,3,2,train,fsd_104965,fsd50k,data/processed/features/train/SMP_01177.npy
SMP_01178,door_forced,3,2,test,fsd_154717,fsd50k,data/processed/features/test/SMP_01178.npy
SMP_01179,door_forced,3,2,train,fsd_182034,fsd50k,data/processed/features/train/SMP_01179.npy
SMP_01180,door_forced,3,2,train,fsd_366942,fsd50k,data/processed/features/train/SMP_01180.npy
SMP_01181,door_forced,3,2,test,fsd_349138,fsd50k,data/processed/features/test/SMP_01181.npy
SMP_01182,door_forced,3,2,test,fsd_85809,fsd50k,data/processed/features/test/SMP_01182.npy
SMP_01183,door_forced,3,2,test,fsd_321972,fsd50k,data/processed/features/test/SMP_01183.npy
SMP_01184,door_forced,3,2,train,fsd_334492,fsd50k,data/processed/features/train/SMP_01184.npy
SMP_01185,door_forced,3,2,train,fsd_271660,fsd50k,data/processed/features/train/SMP_01185.npy
SMP_01186,door_forced,3,2,val,fsd_73052,fsd50k,data/processed/features/val/SMP_01186.npy
SMP_01187,door_forced,3,2,val,fsd_67304,fsd50k,data/processed/features/val/SMP_01187.npy
SMP_01188,door_forced,3,2,train,fsd_71695,fsd50k,data/processed/features/train/SMP_01188.npy
SMP_01189,door_forced,3,2,train,fsd_193844,fsd50k,data/processed/features/train/SMP_01189.npy
SMP_01190,door_forced,3,2,train,fsd_322862,fsd50k,data/processed/features/train/SMP_01190.npy
SMP_01191,door_forced,3,2,train,fsd_431745,fsd50k,data/processed/features/train/SMP_01191.npy
SMP_01192,door_forced,3,2,train,fsd_216881,fsd50k,data/processed/features/train/SMP_01192.npy
SMP_01193,door_forced,3,2,train,fsd_70342,fsd50k,data/processed/features/train/SMP_01193.npy
SMP_01194,door_forced,3,2,train,fsd_182323,fsd50k,data/processed/features/train/SMP_01194.npy
SMP_01195,door_forced,3,2,val,fsd_349285,fsd50k,data/processed/features/val/SMP_01195.npy
SMP_01196,door_forced,3,2,test,fsd_215637,fsd50k,data/processed/features/test/SMP_01196.npy
SMP_01197,door_forced,3,2,train,fsd_211498,fsd50k,data/processed/features/train/SMP_01197.npy
SMP_01198,door_forced,3,2,train,fsd_161233,fsd50k,data/processed/features/train/SMP_01198.npy
SMP_01199,door_forced,3,2,train,fsd_343718,fsd50k,data/processed/features/train/SMP_01199.npy
SMP_01200,door_forced,3,2,test,fsd_379016,fsd50k,data/processed/features/test/SMP_01200.npy
SMP_01201,door_forced,3,2,train,fsd_119077,fsd50k,data/processed/features/train/SMP_01201.npy
SMP_01202,door_forced,3,2,test,fsd_349295,fsd50k,data/processed/features/test/SMP_01202.npy
SMP_01203,door_forced,3,2,train,fsd_113138,fsd50k,data/processed/features/train/SMP_01203.npy
SMP_01204,door_forced,3,2,train,fsd_218980,fsd50k,data/processed/features/train/SMP_01204.npy
SMP_01205,door_forced,3,2,train,fsd_72197,fsd50k,data/processed/features/train/SMP_01205.npy
SMP_01206,door_forced,3,2,train,fsd_188878,fsd50k,data/processed/features/train/SMP_01206.npy
SMP_01207,door_forced,3,2,train,fsd_117089,fsd50k,data/processed/features/train/SMP_01207.npy
SMP_01208,door_forced,3,2,train,fsd_212127,fsd50k,data/processed/features/train/SMP_01208.npy
SMP_01209,door_forced,3,2,test,fsd_115869,fsd50k,data/processed/features/test/SMP_01209.npy
SMP_01210,door_forced,3,2,train,fsd_201263,fsd50k,data/processed/features/train/SMP_01210.npy
SMP_01211,door_forced,3,2,train,fsd_72826,fsd50k,data/processed/features/train/SMP_01211.npy
SMP_01212,door_forced,3,2,test,fsd_369051,fsd50k,data/processed/features/test/SMP_01212.npy
SMP_01213,door_forced,3,2,test,fsd_349299,fsd50k,data/processed/features/test/SMP_01213.npy
SMP_01214,door_forced,3,2,test,fsd_319705,fsd50k,data/processed/features/test/SMP_01214.npy
SMP_01215,door_forced,3,2,val,fsd_193842,fsd50k,data/processed/features/val/SMP_01215.npy
SMP_01216,door_forced,3,2,train,fsd_193868,fsd50k,data/processed/features/train/SMP_01216.npy
SMP_01217,door_forced,3,2,train,fsd_213392,fsd50k,data/processed/features/train/SMP_01217.npy
SMP_01218,door_forced,3,2,train,fsd_53280,fsd50k,data/processed/features/train/SMP_01218.npy
SMP_01219,door_forced,3,2,train,fsd_244422,fsd50k,data/processed/features/train/SMP_01219.npy
SMP_01221,door_forced,3,2,train,fsd_266600,fsd50k,data/processed/features/train/SMP_01221.npy
SMP_01225,door_forced,3,2,train,fsd_70381,fsd50k,data/processed/features/train/SMP_01225.npy
SMP_01223,door_forced,3,2,train,fsd_161190,fsd50k,data/processed/features/train/SMP_01223.npy
SMP_01224,door_forced,3,2,val,fsd_213399,fsd50k,data/processed/features/val/SMP_01224.npy
SMP_01222,door_forced,3,2,train,fsd_193829,fsd50k,data/processed/features/train/SMP_01222.npy
SMP_01220,door_forced,3,2,val,fsd_399811,fsd50k,data/processed/features/val/SMP_01220.npy
SMP_01227,door_forced,3,2,val,fsd_323558,fsd50k,data/processed/features/val/SMP_01227.npy
SMP_01228,door_forced,3,2,val,fsd_85822,fsd50k,data/processed/features/val/SMP_01228.npy
SMP_01226,door_forced,3,2,train,fsd_119534,fsd50k,data/processed/features/train/SMP_01226.npy
SMP_01229,door_forced,3,2,train,fsd_273719,fsd50k,data/processed/features/train/SMP_01229.npy
SMP_01230,door_forced,3,2,train,fsd_154675,fsd50k,data/processed/features/train/SMP_01230.npy
SMP_01231,scream,4,3,train,fsd_33687,fsd50k,data/processed/features/train/SMP_01231.npy
SMP_01232,scream,4,3,train,fsd_379969,fsd50k,data/processed/features/train/SMP_01232.npy
SMP_01233,scream,4,3,train,fsd_101315,fsd50k,data/processed/features/train/SMP_01233.npy
SMP_01234,scream,4,3,test,fsd_264377,fsd50k,data/processed/features/test/SMP_01234.npy
SMP_01235,scream,4,3,train,fsd_350714,fsd50k,data/processed/features/train/SMP_01235.npy
SMP_01236,scream,4,3,train,fsd_241592,fsd50k,data/processed/features/train/SMP_01236.npy
SMP_01237,scream,4,3,train,fsd_402555,fsd50k,data/processed/features/train/SMP_01237.npy
SMP_01238,scream,4,3,train,fsd_156901,fsd50k,data/processed/features/train/SMP_01238.npy
SMP_01239,scream,4,3,train,fsd_30276,fsd50k,data/processed/features/train/SMP_01239.npy
SMP_01240,scream,4,3,train,fsd_39520,fsd50k,data/processed/features/train/SMP_01240.npy
SMP_01241,scream,4,3,train,fsd_400356,fsd50k,data/processed/features/train/SMP_01241.npy
SMP_01242,scream,4,3,train,fsd_33651,fsd50k,data/processed/features/train/SMP_01242.npy
SMP_01243,scream,4,3,train,fsd_353288,fsd50k,data/processed/features/train/SMP_01243.npy
SMP_01244,scream,4,3,train,fsd_118521,fsd50k,data/processed/features/train/SMP_01244.npy
SMP_01245,scream,4,3,train,fsd_343985,fsd50k,data/processed/features/train/SMP_01245.npy
SMP_01246,scream,4,3,val,fsd_218055,fsd50k,data/processed/features/val/SMP_01246.npy
SMP_01247,scream,4,3,train,fsd_254336,fsd50k,data/processed/features/train/SMP_01247.npy
SMP_01248,scream,4,3,train,fsd_161369,fsd50k,data/processed/features/train/SMP_01248.npy
SMP_01249,scream,4,3,train,fsd_119030,fsd50k,data/processed/features/train/SMP_01249.npy
SMP_01250,scream,4,3,train,fsd_403057,fsd50k,data/processed/features/train/SMP_01250.npy
SMP_01251,scream,4,3,train,fsd_381895,fsd50k,data/processed/features/train/SMP_01251.npy
SMP_01252,scream,4,3,train,fsd_31000,fsd50k,data/processed/features/train/SMP_01252.npy
SMP_01253,scream,4,3,train,fsd_166943,fsd50k,data/processed/features/train/SMP_01253.npy
SMP_01254,scream,4,3,test,fsd_351631,fsd50k,data/processed/features/test/SMP_01254.npy
SMP_01255,scream,4,3,train,fsd_90790,fsd50k,data/processed/features/train/SMP_01255.npy
SMP_01256,scream,4,3,val,fsd_256494,fsd50k,data/processed/features/val/SMP_01256.npy
SMP_01257,scream,4,3,train,fsd_192133,fsd50k,data/processed/features/train/SMP_01257.npy
SMP_01258,scream,4,3,val,fsd_45604,fsd50k,data/processed/features/val/SMP_01258.npy
SMP_01259,scream,4,3,test,fsd_9923,fsd50k,data/processed/features/test/SMP_01259.npy
SMP_01260,scream,4,3,val,fsd_187793,fsd50k,data/processed/features/val/SMP_01260.npy
SMP_01261,scream,4,3,train,fsd_67332,fsd50k,data/processed/features/train/SMP_01261.npy
SMP_01262,scream,4,3,train,fsd_273153,fsd50k,data/processed/features/train/SMP_01262.npy
SMP_01263,scream,4,3,val,fsd_368525,fsd50k,data/processed/features/val/SMP_01263.npy
SMP_01264,scream,4,3,val,fsd_417554,fsd50k,data/processed/features/val/SMP_01264.npy
SMP_01265,scream,4,3,train,fsd_85554,fsd50k,data/processed/features/train/SMP_01265.npy
SMP_01266,scream,4,3,val,fsd_353285,fsd50k,data/processed/features/val/SMP_01266.npy
SMP_01267,scream,4,3,train,fsd_350438,fsd50k,data/processed/features/train/SMP_01267.npy
SMP_01268,scream,4,3,train,fsd_367307,fsd50k,data/processed/features/train/SMP_01268.npy
SMP_01269,scream,4,3,train,fsd_166623,fsd50k,data/processed/features/train/SMP_01269.npy
SMP_01270,scream,4,3,train,fsd_395810,fsd50k,data/processed/features/train/SMP_01270.npy
SMP_01271,scream,4,3,train,fsd_330854,fsd50k,data/processed/features/train/SMP_01271.npy
SMP_01272,scream,4,3,train,fsd_220815,fsd50k,data/processed/features/train/SMP_01272.npy
SMP_01273,scream,4,3,train,fsd_63641,fsd50k,data/processed/features/train/SMP_01273.npy
SMP_01274,scream,4,3,train,fsd_353104,fsd50k,data/processed/features/train/SMP_01274.npy
SMP_01275,scream,4,3,test,fsd_219693,fsd50k,data/processed/features/test/SMP_01275.npy
SMP_01276,scream,4,3,test,fsd_169811,fsd50k,data/processed/features/test/SMP_01276.npy
SMP_01277,scream,4,3,train,fsd_167227,fsd50k,data/processed/features/train/SMP_01277.npy
SMP_01278,scream,4,3,val,fsd_210731,fsd50k,data/processed/features/val/SMP_01278.npy
SMP_01279,scream,4,3,train,fsd_239902,fsd50k,data/processed/features/train/SMP_01279.npy
SMP_01280,scream,4,3,train,fsd_316398,fsd50k,data/processed/features/train/SMP_01280.npy
SMP_01281,scream,4,3,train,fsd_220291,fsd50k,data/processed/features/train/SMP_01281.npy
SMP_01282,scream,4,3,train,fsd_60163,fsd50k,data/processed/features/train/SMP_01282.npy
SMP_01283,scream,4,3,train,fsd_343897,fsd50k,data/processed/features/train/SMP_01283.npy
SMP_01284,scream,4,3,test,fsd_336537,fsd50k,data/processed/features/test/SMP_01284.npy
SMP_01285,scream,4,3,test,fsd_264351,fsd50k,data/processed/features/test/SMP_01285.npy
SMP_01286,scream,4,3,test,fsd_179332,fsd50k,data/processed/features/test/SMP_01286.npy
SMP_01287,scream,4,3,train,fsd_89362,fsd50k,data/processed/features/train/SMP_01287.npy
SMP_01288,scream,4,3,test,fsd_242498,fsd50k,data/processed/features/test/SMP_01288.npy
SMP_01289,scream,4,3,test,fsd_140342,fsd50k,data/processed/features/test/SMP_01289.npy
SMP_01290,scream,4,3,val,fsd_222589,fsd50k,data/processed/features/val/SMP_01290.npy
SMP_01291,scream,4,3,test,fsd_426195,fsd50k,data/processed/features/test/SMP_01291.npy
SMP_01292,scream,4,3,test,fsd_175385,fsd50k,data/processed/features/test/SMP_01292.npy
SMP_01293,scream,4,3,train,fsd_326883,fsd50k,data/processed/features/train/SMP_01293.npy
SMP_01294,scream,4,3,train,fsd_175389,fsd50k,data/processed/features/train/SMP_01294.npy
SMP_01295,scream,4,3,test,fsd_17602,fsd50k,data/processed/features/test/SMP_01295.npy
SMP_01296,scream,4,3,train,fsd_100896,fsd50k,data/processed/features/train/SMP_01296.npy
SMP_01297,scream,4,3,train,fsd_82418,fsd50k,data/processed/features/train/SMP_01297.npy
SMP_01298,scream,4,3,train,fsd_351339,fsd50k,data/processed/features/train/SMP_01298.npy
SMP_01299,scream,4,3,val,fsd_195178,fsd50k,data/processed/features/val/SMP_01299.npy
SMP_01300,scream,4,3,train,fsd_95930,fsd50k,data/processed/features/train/SMP_01300.npy
SMP_01301,scream,4,3,train,fsd_163728,fsd50k,data/processed/features/train/SMP_01301.npy
SMP_01302,scream,4,3,train,fsd_67333,fsd50k,data/processed/features/train/SMP_01302.npy
SMP_01303,scream,4,3,train,fsd_338939,fsd50k,data/processed/features/train/SMP_01303.npy
SMP_01304,scream,4,3,train,fsd_316416,fsd50k,data/processed/features/train/SMP_01304.npy
SMP_01305,scream,4,3,train,fsd_343957,fsd50k,data/processed/features/train/SMP_01305.npy
SMP_01306,scream,4,3,train,fsd_219882,fsd50k,data/processed/features/train/SMP_01306.npy
SMP_01307,scream,4,3,train,fsd_99633,fsd50k,data/processed/features/train/SMP_01307.npy
SMP_01308,scream,4,3,train,fsd_239592,fsd50k,data/processed/features/train/SMP_01308.npy
SMP_01309,scream,4,3,train,fsd_47874,fsd50k,data/processed/features/train/SMP_01309.npy
SMP_01310,scream,4,3,test,fsd_328842,fsd50k,data/processed/features/test/SMP_01310.npy
SMP_01311,scream,4,3,train,fsd_166436,fsd50k,data/processed/features/train/SMP_01311.npy
SMP_01312,scream,4,3,train,fsd_52322,fsd50k,data/processed/features/train/SMP_01312.npy
SMP_01313,scream,4,3,train,fsd_67341,fsd50k,data/processed/features/train/SMP_01313.npy
SMP_01314,scream,4,3,val,fsd_336841,fsd50k,data/processed/features/val/SMP_01314.npy
SMP_01315,scream,4,3,train,fsd_196128,fsd50k,data/processed/features/train/SMP_01315.npy
SMP_01316,scream,4,3,train,fsd_161967,fsd50k,data/processed/features/train/SMP_01316.npy
SMP_01317,scream,4,3,val,fsd_394608,fsd50k,data/processed/features/val/SMP_01317.npy
SMP_01318,scream,4,3,test,fsd_343960,fsd50k,data/processed/features/test/SMP_01318.npy
SMP_01319,scream,4,3,train,fsd_149919,fsd50k,data/processed/features/train/SMP_01319.npy
SMP_01320,scream,4,3,val,fsd_406504,fsd50k,data/processed/features/val/SMP_01320.npy
SMP_01321,scream,4,3,train,fsd_205732,fsd50k,data/processed/features/train/SMP_01321.npy
SMP_01322,scream,4,3,train,fsd_101311,fsd50k,data/processed/features/train/SMP_01322.npy
SMP_01323,scream,4,3,train,fsd_220302,fsd50k,data/processed/features/train/SMP_01323.npy
SMP_01324,scream,4,3,val,fsd_219657,fsd50k,data/processed/features/val/SMP_01324.npy
SMP_01325,scream,4,3,train,fsd_223745,fsd50k,data/processed/features/train/SMP_01325.npy
SMP_01326,scream,4,3,train,fsd_45915,fsd50k,data/processed/features/train/SMP_01326.npy
SMP_01327,scream,4,3,test,fsd_157018,fsd50k,data/processed/features/test/SMP_01327.npy
SMP_01328,scream,4,3,train,fsd_382989,fsd50k,data/processed/features/train/SMP_01328.npy
SMP_01329,scream,4,3,train,fsd_59163,fsd50k,data/processed/features/train/SMP_01329.npy
SMP_01330,scream,4,3,train,fsd_67345,fsd50k,data/processed/features/train/SMP_01330.npy
SMP_01331,scream,4,3,train,fsd_19345,fsd50k,data/processed/features/train/SMP_01331.npy
SMP_01332,scream,4,3,val,fsd_213565,fsd50k,data/processed/features/val/SMP_01332.npy
SMP_01333,scream,4,3,val,fsd_180313,fsd50k,data/processed/features/val/SMP_01333.npy
SMP_01334,scream,4,3,val,fsd_337102,fsd50k,data/processed/features/val/SMP_01334.npy
SMP_01335,scream,4,3,test,fsd_249807,fsd50k,data/processed/features/test/SMP_01335.npy
SMP_01336,scream,4,3,train,fsd_124805,fsd50k,data/processed/features/train/SMP_01336.npy
SMP_01337,scream,4,3,train,fsd_350439,fsd50k,data/processed/features/train/SMP_01337.npy
SMP_01338,scream,4,3,val,fsd_343915,fsd50k,data/processed/features/val/SMP_01338.npy
SMP_01339,scream,4,3,train,fsd_259681,fsd50k,data/processed/features/train/SMP_01339.npy
SMP_01340,scream,4,3,train,fsd_253771,fsd50k,data/processed/features/train/SMP_01340.npy
SMP_01341,scream,4,3,train,fsd_180310,fsd50k,data/processed/features/train/SMP_01341.npy
SMP_01342,scream,4,3,train,fsd_316411,fsd50k,data/processed/features/train/SMP_01342.npy
SMP_01343,scream,4,3,train,fsd_402642,fsd50k,data/processed/features/train/SMP_01343.npy
SMP_01344,scream,4,3,train,fsd_344056,fsd50k,data/processed/features/train/SMP_01344.npy
SMP_01345,scream,4,3,train,fsd_33563,fsd50k,data/processed/features/train/SMP_01345.npy
SMP_01346,scream,4,3,train,fsd_50179,fsd50k,data/processed/features/train/SMP_01346.npy
SMP_01347,scream,4,3,train,fsd_254477,fsd50k,data/processed/features/train/SMP_01347.npy
SMP_01348,scream,4,3,train,fsd_416507,fsd50k,data/processed/features/train/SMP_01348.npy
SMP_01349,scream,4,3,val,fsd_343877,fsd50k,data/processed/features/val/SMP_01349.npy
SMP_01350,scream,4,3,train,fsd_316645,fsd50k,data/processed/features/train/SMP_01350.npy
SMP_01351,scream,4,3,train,fsd_222534,fsd50k,data/processed/features/train/SMP_01351.npy
SMP_01352,scream,4,3,train,fsd_350448,fsd50k,data/processed/features/train/SMP_01352.npy
SMP_01353,scream,4,3,train,fsd_76662,fsd50k,data/processed/features/train/SMP_01353.npy
SMP_01354,scream,4,3,train,fsd_76522,fsd50k,data/processed/features/train/SMP_01354.npy
SMP_01355,scream,4,3,train,fsd_84387,fsd50k,data/processed/features/train/SMP_01355.npy
SMP_01356,scream,4,3,train,fsd_222584,fsd50k,data/processed/features/train/SMP_01356.npy
SMP_01357,scream,4,3,val,fsd_220657,fsd50k,data/processed/features/val/SMP_01357.npy
SMP_01358,scream,4,3,test,fsd_191944,fsd50k,data/processed/features/test/SMP_01358.npy
SMP_01359,scream,4,3,train,fsd_199277,fsd50k,data/processed/features/train/SMP_01359.npy
SMP_01360,scream,4,3,train,fsd_212710,fsd50k,data/processed/features/train/SMP_01360.npy
SMP_01361,scream,4,3,test,fsd_353291,fsd50k,data/processed/features/test/SMP_01361.npy
SMP_01362,scream,4,3,val,fsd_127004,fsd50k,data/processed/features/val/SMP_01362.npy
SMP_01363,scream,4,3,train,fsd_368276,fsd50k,data/processed/features/train/SMP_01363.npy
SMP_01364,scream,4,3,val,fsd_99966,fsd50k,data/processed/features/val/SMP_01364.npy
SMP_01365,scream,4,3,train,fsd_31635,fsd50k,data/processed/features/train/SMP_01365.npy
SMP_01366,scream,4,3,train,fsd_104038,fsd50k,data/processed/features/train/SMP_01366.npy
SMP_01367,scream,4,3,test,fsd_397317,fsd50k,data/processed/features/test/SMP_01367.npy
SMP_01368,scream,4,3,train,fsd_78490,fsd50k,data/processed/features/train/SMP_01368.npy
SMP_01369,scream,4,3,train,fsd_105223,fsd50k,data/processed/features/train/SMP_01369.npy
SMP_01370,scream,4,3,train,fsd_63342,fsd50k,data/processed/features/train/SMP_01370.npy
SMP_01371,scream,4,3,test,fsd_45907,fsd50k,data/processed/features/test/SMP_01371.npy
SMP_01372,scream,4,3,train,fsd_179313,fsd50k,data/processed/features/train/SMP_01372.npy
SMP_01373,scream,4,3,train,fsd_393918,fsd50k,data/processed/features/train/SMP_01373.npy
SMP_01374,scream,4,3,train,fsd_173088,fsd50k,data/processed/features/train/SMP_01374.npy
SMP_01375,scream,4,3,train,fsd_195089,fsd50k,data/processed/features/train/SMP_01375.npy
SMP_01376,scream,4,3,test,fsd_261854,fsd50k,data/processed/features/test/SMP_01376.npy
SMP_01377,scream,4,3,val,fsd_216534,fsd50k,data/processed/features/val/SMP_01377.npy
SMP_01378,scream,4,3,val,fsd_179315,fsd50k,data/processed/features/val/SMP_01378.npy
SMP_01379,scream,4,3,train,fsd_256635,fsd50k,data/processed/features/train/SMP_01379.npy
SMP_01380,scream,4,3,test,fsd_223521,fsd50k,data/processed/features/test/SMP_01380.npy
SMP_01381,scream,4,3,train,fsd_253603,fsd50k,data/processed/features/train/SMP_01381.npy
SMP_01382,scream,4,3,train,fsd_416538,fsd50k,data/processed/features/train/SMP_01382.npy
SMP_01383,scream,4,3,train,fsd_257691,fsd50k,data/processed/features/train/SMP_01383.npy
SMP_01384,scream,4,3,train,fsd_332451,fsd50k,data/processed/features/train/SMP_01384.npy
SMP_01385,scream,4,3,train,fsd_180350,fsd50k,data/processed/features/train/SMP_01385.npy
SMP_01386,scream,4,3,train,fsd_149825,fsd50k,data/processed/features/train/SMP_01386.npy
SMP_01387,scream,4,3,train,fsd_351337,fsd50k,data/processed/features/train/SMP_01387.npy
SMP_01388,scream,4,3,test,fsd_424739,fsd50k,data/processed/features/test/SMP_01388.npy
SMP_01389,scream,4,3,train,fsd_47829,fsd50k,data/processed/features/train/SMP_01389.npy
SMP_01390,scream,4,3,train,fsd_33694,fsd50k,data/processed/features/train/SMP_01390.npy
SMP_01391,scream,4,3,train,fsd_56899,fsd50k,data/processed/features/train/SMP_01391.npy
SMP_01392,scream,4,3,train,fsd_350605,fsd50k,data/processed/features/train/SMP_01392.npy
SMP_01393,scream,4,3,test,fsd_350446,fsd50k,data/processed/features/test/SMP_01393.npy
SMP_01394,scream,4,3,train,fsd_421874,fsd50k,data/processed/features/train/SMP_01394.npy
SMP_01395,scream,4,3,test,fsd_386055,fsd50k,data/processed/features/test/SMP_01395.npy
SMP_01396,scream,4,3,train,fsd_382016,fsd50k,data/processed/features/train/SMP_01396.npy
SMP_01397,scream,4,3,train,fsd_119024,fsd50k,data/processed/features/train/SMP_01397.npy
SMP_01398,scream,4,3,train,fsd_67334,fsd50k,data/processed/features/train/SMP_01398.npy
SMP_01399,scream,4,3,train,fsd_219858,fsd50k,data/processed/features/train/SMP_01399.npy
SMP_01400,scream,4,3,train,fsd_355063,fsd50k,data/processed/features/train/SMP_01400.npy
SMP_01401,scream,4,3,train,fsd_395736,fsd50k,data/processed/features/train/SMP_01401.npy
SMP_01402,scream,4,3,val,fsd_49781,fsd50k,data/processed/features/val/SMP_01402.npy
SMP_01403,scream,4,3,train,fsd_161371,fsd50k,data/processed/features/train/SMP_01403.npy
SMP_01404,scream,4,3,train,fsd_30277,fsd50k,data/processed/features/train/SMP_01404.npy
SMP_01405,scream,4,3,train,fsd_353286,fsd50k,data/processed/features/train/SMP_01405.npy
SMP_01406,scream,4,3,train,fsd_68038,fsd50k,data/processed/features/train/SMP_01406.npy
SMP_01407,scream,4,3,test,fsd_33691,fsd50k,data/processed/features/test/SMP_01407.npy
SMP_01408,scream,4,3,val,fsd_398007,fsd50k,data/processed/features/val/SMP_01408.npy
SMP_01409,scream,4,3,train,fsd_321783,fsd50k,data/processed/features/train/SMP_01409.npy
SMP_01410,scream,4,3,train,fsd_221152,fsd50k,data/processed/features/train/SMP_01410.npy
SMP_01411,scream,4,3,test,fsd_323083,fsd50k,data/processed/features/test/SMP_01411.npy
SMP_01412,scream,4,3,train,fsd_196117,fsd50k,data/processed/features/train/SMP_01412.npy
SMP_01413,scream,4,3,test,fsd_188490,fsd50k,data/processed/features/test/SMP_01413.npy
SMP_01414,scream,4,3,train,fsd_72836,fsd50k,data/processed/features/train/SMP_01414.npy
SMP_01415,scream,4,3,train,fsd_368841,fsd50k,data/processed/features/train/SMP_01415.npy
SMP_01416,scream,4,3,train,fsd_381802,fsd50k,data/processed/features/train/SMP_01416.npy
SMP_01417,scream,4,3,train,fsd_418786,fsd50k,data/processed/features/train/SMP_01417.npy
SMP_01418,scream,4,3,val,fsd_187762,fsd50k,data/processed/features/val/SMP_01418.npy
SMP_01419,scream,4,3,train,fsd_353287,fsd50k,data/processed/features/train/SMP_01419.npy
SMP_01420,scream,4,3,test,fsd_180315,fsd50k,data/processed/features/test/SMP_01420.npy
SMP_01421,scream,4,3,train,fsd_219883,fsd50k,data/processed/features/train/SMP_01421.npy
SMP_01422,scream,4,3,train,fsd_101744,fsd50k,data/processed/features/train/SMP_01422.npy
SMP_01423,scream,4,3,val,fsd_67340,fsd50k,data/processed/features/val/SMP_01423.npy
SMP_01424,scream,4,3,val,fsd_168777,fsd50k,data/processed/features/val/SMP_01424.npy
SMP_01425,scream,4,3,train,fsd_219867,fsd50k,data/processed/features/train/SMP_01425.npy
SMP_01426,scream,4,3,train,fsd_69390,fsd50k,data/processed/features/train/SMP_01426.npy
SMP_01427,scream,4,3,train,fsd_330856,fsd50k,data/processed/features/train/SMP_01427.npy
SMP_01428,scream,4,3,val,fsd_384213,fsd50k,data/processed/features/val/SMP_01428.npy
SMP_01429,scream,4,3,train,fsd_146432,fsd50k,data/processed/features/train/SMP_01429.npy
SMP_01430,scream,4,3,train,fsd_387829,fsd50k,data/processed/features/train/SMP_01430.npy
SMP_01431,cry_help,5,4,val,fsd_179403,fsd50k,data/processed/features/val/SMP_01431.npy
SMP_01432,cry_help,5,4,train,fsd_344039,fsd50k,data/processed/features/train/SMP_01432.npy
SMP_01433,cry_help,5,4,val,fsd_179773,fsd50k,data/processed/features/val/SMP_01433.npy
SMP_01434,cry_help,5,4,train,fsd_319019,fsd50k,data/processed/features/train/SMP_01434.npy
SMP_01435,cry_help,5,4,test,fsd_99499,fsd50k,data/processed/features/test/SMP_01435.npy
SMP_01436,cry_help,5,4,train,fsd_351770,fsd50k,data/processed/features/train/SMP_01436.npy
SMP_01437,cry_help,5,4,train,fsd_197718,fsd50k,data/processed/features/train/SMP_01437.npy
SMP_01438,cry_help,5,4,test,fsd_335233,fsd50k,data/processed/features/test/SMP_01438.npy
SMP_01439,cry_help,5,4,train,fsd_23880,fsd50k,data/processed/features/train/SMP_01439.npy
SMP_01440,cry_help,5,4,train,fsd_393769,fsd50k,data/processed/features/train/SMP_01440.npy
SMP_01441,cry_help,5,4,val,fsd_259610,fsd50k,data/processed/features/val/SMP_01441.npy
SMP_01442,cry_help,5,4,train,fsd_59586,fsd50k,data/processed/features/train/SMP_01442.npy
SMP_01443,cry_help,5,4,train,fsd_50665,fsd50k,data/processed/features/train/SMP_01443.npy
SMP_01444,cry_help,5,4,train,fsd_46964,fsd50k,data/processed/features/train/SMP_01444.npy
SMP_01445,cry_help,5,4,test,fsd_180180,fsd50k,data/processed/features/test/SMP_01445.npy
SMP_01446,cry_help,5,4,test,fsd_80482,fsd50k,data/processed/features/test/SMP_01446.npy
SMP_01447,cry_help,5,4,val,fsd_393010,fsd50k,data/processed/features/val/SMP_01447.npy
SMP_01448,cry_help,5,4,train,fsd_419421,fsd50k,data/processed/features/train/SMP_01448.npy
SMP_01449,cry_help,5,4,train,fsd_180314,fsd50k,data/processed/features/train/SMP_01449.npy
SMP_01450,cry_help,5,4,train,fsd_368388,fsd50k,data/processed/features/train/SMP_01450.npy
SMP_01451,cry_help,5,4,train,fsd_344030,fsd50k,data/processed/features/train/SMP_01451.npy
SMP_01452,cry_help,5,4,val,fsd_69155,fsd50k,data/processed/features/val/SMP_01452.npy
SMP_01453,cry_help,5,4,val,fsd_71193,fsd50k,data/processed/features/val/SMP_01453.npy
SMP_01454,cry_help,5,4,train,fsd_387403,fsd50k,data/processed/features/train/SMP_01454.npy
SMP_01455,cry_help,5,4,train,fsd_80477,fsd50k,data/processed/features/train/SMP_01455.npy
SMP_01456,cry_help,5,4,train,fsd_364481,fsd50k,data/processed/features/train/SMP_01456.npy
SMP_01457,cry_help,5,4,train,fsd_27451,fsd50k,data/processed/features/train/SMP_01457.npy
SMP_01458,cry_help,5,4,train,fsd_13803,fsd50k,data/processed/features/train/SMP_01458.npy
SMP_01459,cry_help,5,4,train,fsd_211528,fsd50k,data/processed/features/train/SMP_01459.npy
SMP_01460,cry_help,5,4,val,fsd_259606,fsd50k,data/processed/features/val/SMP_01460.npy
SMP_01461,cry_help,5,4,train,fsd_254475,fsd50k,data/processed/features/train/SMP_01461.npy
SMP_01462,cry_help,5,4,train,fsd_196156,fsd50k,data/processed/features/train/SMP_01462.npy
SMP_01463,cry_help,5,4,train,fsd_408740,fsd50k,data/processed/features/train/SMP_01463.npy
SMP_01464,cry_help,5,4,test,fsd_425776,fsd50k,data/processed/features/test/SMP_01464.npy
SMP_01465,cry_help,5,4,train,fsd_346663,fsd50k,data/processed/features/train/SMP_01465.npy
SMP_01466,cry_help,5,4,train,fsd_259608,fsd50k,data/processed/features/train/SMP_01466.npy
SMP_01467,cry_help,5,4,train,fsd_272093,fsd50k,data/processed/features/train/SMP_01467.npy
SMP_01468,cry_help,5,4,test,fsd_33673,fsd50k,data/processed/features/test/SMP_01468.npy
SMP_01469,cry_help,5,4,train,fsd_387405,fsd50k,data/processed/features/train/SMP_01469.npy
SMP_01470,cry_help,5,4,val,fsd_242911,fsd50k,data/processed/features/val/SMP_01470.npy
SMP_01471,cry_help,5,4,train,fsd_172738,fsd50k,data/processed/features/train/SMP_01471.npy
SMP_01472,cry_help,5,4,train,fsd_59457,fsd50k,data/processed/features/train/SMP_01472.npy
SMP_01473,cry_help,5,4,train,fsd_217172,fsd50k,data/processed/features/train/SMP_01473.npy
SMP_01474,cry_help,5,4,train,fsd_259609,fsd50k,data/processed/features/train/SMP_01474.npy
SMP_01475,cry_help,5,4,train,fsd_251941,fsd50k,data/processed/features/train/SMP_01475.npy
SMP_01476,cry_help,5,4,train,fsd_59455,fsd50k,data/processed/features/train/SMP_01476.npy
SMP_01477,cry_help,5,4,train,fsd_162880,fsd50k,data/processed/features/train/SMP_01477.npy
SMP_01478,cry_help,5,4,train,fsd_336538,fsd50k,data/processed/features/train/SMP_01478.npy
SMP_01479,cry_help,5,4,train,fsd_207860,fsd50k,data/processed/features/train/SMP_01479.npy
SMP_01480,cry_help,5,4,train,fsd_245300,fsd50k,data/processed/features/train/SMP_01480.npy
SMP_01481,cry_help,5,4,train,fsd_34874,fsd50k,data/processed/features/train/SMP_01481.npy
SMP_01482,cry_help,5,4,train,fsd_319537,fsd50k,data/processed/features/train/SMP_01482.npy
SMP_01483,cry_help,5,4,train,fsd_33670,fsd50k,data/processed/features/train/SMP_01483.npy
SMP_01484,cry_help,5,4,train,fsd_107351,fsd50k,data/processed/features/train/SMP_01484.npy
SMP_01485,cry_help,5,4,val,fsd_179393,fsd50k,data/processed/features/val/SMP_01485.npy
SMP_01486,cry_help,5,4,train,fsd_246309,fsd50k,data/processed/features/train/SMP_01486.npy
SMP_01487,cry_help,5,4,test,fsd_13800,fsd50k,data/processed/features/test/SMP_01487.npy
SMP_01488,cry_help,5,4,train,fsd_389774,fsd50k,data/processed/features/train/SMP_01488.npy
SMP_01489,cry_help,5,4,test,fsd_263,fsd50k,data/processed/features/test/SMP_01489.npy
SMP_01490,cry_help,5,4,train,fsd_351629,fsd50k,data/processed/features/train/SMP_01490.npy
SMP_01491,cry_help,5,4,test,fsd_143919,fsd50k,data/processed/features/test/SMP_01491.npy
SMP_01492,cry_help,5,4,test,fsd_58178,fsd50k,data/processed/features/test/SMP_01492.npy
SMP_01493,cry_help,5,4,train,fsd_33671,fsd50k,data/processed/features/train/SMP_01493.npy
SMP_01494,cry_help,5,4,train,fsd_41328,fsd50k,data/processed/features/train/SMP_01494.npy
SMP_01495,cry_help,5,4,train,fsd_9428,fsd50k,data/processed/features/train/SMP_01495.npy
SMP_01496,cry_help,5,4,train,fsd_22694,fsd50k,data/processed/features/train/SMP_01496.npy
SMP_01497,cry_help,5,4,train,fsd_50666,fsd50k,data/processed/features/train/SMP_01497.npy
SMP_01498,cry_help,5,4,train,fsd_80479,fsd50k,data/processed/features/train/SMP_01498.npy
SMP_01499,cry_help,5,4,train,fsd_351634,fsd50k,data/processed/features/train/SMP_01499.npy
SMP_01500,cry_help,5,4,train,fsd_45523,fsd50k,data/processed/features/train/SMP_01500.npy
SMP_01501,cry_help,5,4,test,fsd_154427,fsd50k,data/processed/features/test/SMP_01501.npy
SMP_01502,cry_help,5,4,train,fsd_237419,fsd50k,data/processed/features/train/SMP_01502.npy
SMP_01503,cry_help,5,4,train,fsd_46963,fsd50k,data/processed/features/train/SMP_01503.npy
SMP_01504,cry_help,5,4,test,fsd_326882,fsd50k,data/processed/features/test/SMP_01504.npy
SMP_01505,cry_help,5,4,train,fsd_254476,fsd50k,data/processed/features/train/SMP_01505.npy
SMP_01506,cry_help,5,4,test,fsd_59578,fsd50k,data/processed/features/test/SMP_01506.npy
SMP_01507,cry_help,5,4,train,fsd_243661,fsd50k,data/processed/features/train/SMP_01507.npy
SMP_01508,cry_help,5,4,train,fsd_113364,fsd50k,data/processed/features/train/SMP_01508.npy
SMP_01509,cry_help,5,4,train,fsd_80481,fsd50k,data/processed/features/train/SMP_01509.npy
SMP_01510,cry_help,5,4,train,fsd_18291,fsd50k,data/processed/features/train/SMP_01510.npy
SMP_01511,cry_help,5,4,train,fsd_80480,fsd50k,data/processed/features/train/SMP_01511.npy
SMP_01512,cry_help,5,4,train,fsd_189843,fsd50k,data/processed/features/train/SMP_01512.npy
SMP_01513,cry_help,5,4,train,fsd_254478,fsd50k,data/processed/features/train/SMP_01513.npy
SMP_01514,cry_help,5,4,train,fsd_179392,fsd50k,data/processed/features/train/SMP_01514.npy
SMP_01515,cry_help,5,4,train,fsd_18276,fsd50k,data/processed/features/train/SMP_01515.npy
SMP_01516,cry_help,5,4,train,fsd_271602,fsd50k,data/processed/features/train/SMP_01516.npy
SMP_01517,cry_help,5,4,test,fsd_33672,fsd50k,data/processed/features/test/SMP_01517.npy
SMP_01518,cry_help,5,4,val,fsd_257711,fsd50k,data/processed/features/val/SMP_01518.npy
SMP_01519,cry_help,5,4,train,fsd_59453,fsd50k,data/processed/features/train/SMP_01519.npy
SMP_01520,cry_help,5,4,train,fsd_343976,fsd50k,data/processed/features/train/SMP_01520.npy
SMP_01521,cry_help,5,4,train,fsd_390156,fsd50k,data/processed/features/train/SMP_01521.npy
SMP_01522,cry_help,5,4,train,fsd_102431,fsd50k,data/processed/features/train/SMP_01522.npy
SMP_01523,cry_help,5,4,train,fsd_22693,fsd50k,data/processed/features/train/SMP_01523.npy
SMP_01524,cry_help,5,4,val,fsd_332162,fsd50k,data/processed/features/val/SMP_01524.npy
SMP_01525,cry_help,5,4,train,fsd_254474,fsd50k,data/processed/features/train/SMP_01525.npy
SMP_01526,cry_help,5,4,train,fsd_151081,fsd50k,data/processed/features/train/SMP_01526.npy
SMP_01527,cry_help,5,4,train,fsd_390256,fsd50k,data/processed/features/train/SMP_01527.npy
SMP_01528,cry_help,5,4,train,fsd_386924,fsd50k,data/processed/features/train/SMP_01528.npy
SMP_01529,cry_help,5,4,val,fsd_402729,fsd50k,data/processed/features/val/SMP_01529.npy
SMP_01530,cry_help,5,4,train,fsd_391181,fsd50k,data/processed/features/train/SMP_01530.npy
SMP_01531,cry_help,5,4,val,fsd_240186,fsd50k,data/processed/features/val/SMP_01531.npy
SMP_01532,cry_help,5,4,train,fsd_157163,fsd50k,data/processed/features/train/SMP_01532.npy
SMP_01533,cry_help,5,4,val,fsd_254473,fsd50k,data/processed/features/val/SMP_01533.npy
SMP_01534,cry_help,5,4,train,fsd_404142,fsd50k,data/processed/features/train/SMP_01534.npy
SMP_01535,cry_help,5,4,train,fsd_240372,fsd50k,data/processed/features/train/SMP_01535.npy
SMP_01536,cry_help,5,4,train,fsd_398548,fsd50k,data/processed/features/train/SMP_01536.npy
SMP_01537,cry_help,5,4,train,fsd_156098,fsd50k,data/processed/features/train/SMP_01537.npy
SMP_01538,cry_help,5,4,train,fsd_179411,fsd50k,data/processed/features/train/SMP_01538.npy
SMP_01539,cry_help,5,4,test,fsd_79598,fsd50k,data/processed/features/test/SMP_01539.npy
SMP_01540,cry_help,5,4,train,fsd_250679,fsd50k,data/processed/features/train/SMP_01540.npy
SMP_01541,cry_help,5,4,train,fsd_271601,fsd50k,data/processed/features/train/SMP_01541.npy
SMP_01542,cry_help,5,4,train,fsd_402814,fsd50k,data/processed/features/train/SMP_01542.npy
SMP_01543,cry_help,5,4,train,fsd_408621,fsd50k,data/processed/features/train/SMP_01543.npy
SMP_01544,cry_help,5,4,train,fsd_14268,fsd50k,data/processed/features/train/SMP_01544.npy
SMP_01545,cry_help,5,4,train,fsd_238250,fsd50k,data/processed/features/train/SMP_01545.npy
SMP_01546,cry_help,5,4,train,fsd_168729,fsd50k,data/processed/features/train/SMP_01546.npy
SMP_01547,cry_help,5,4,train,fsd_14265,fsd50k,data/processed/features/train/SMP_01547.npy
SMP_01548,cry_help,5,4,test,fsd_9429,fsd50k,data/processed/features/test/SMP_01548.npy
SMP_01549,cry_help,5,4,train,fsd_254869,fsd50k,data/processed/features/train/SMP_01549.npy
SMP_01550,cry_help,5,4,train,fsd_207451,fsd50k,data/processed/features/train/SMP_01550.npy
SMP_01551,cry_help,5,4,train,fsd_151085,fsd50k,data/processed/features/train/SMP_01551.npy
SMP_01552,cry_help,5,4,test,fsd_168723,fsd50k,data/processed/features/test/SMP_01552.npy
SMP_01553,cry_help,5,4,train,fsd_343411,fsd50k,data/processed/features/train/SMP_01553.npy
SMP_01554,cry_help,5,4,train,fsd_80478,fsd50k,data/processed/features/train/SMP_01554.npy
SMP_01555,cry_help,5,4,test,fsd_244456,fsd50k,data/processed/features/test/SMP_01555.npy
SMP_01556,cry_help,5,4,train,fsd_136480,fsd50k,data/processed/features/train/SMP_01556.npy
SMP_01557,cry_help,5,4,test,fsd_154428,fsd50k,data/processed/features/test/SMP_01557.npy
SMP_01558,cry_help,5,4,val,fsd_59454,fsd50k,data/processed/features/val/SMP_01558.npy
SMP_01559,cry_help,5,4,val,fsd_371303,fsd50k,data/processed/features/val/SMP_01559.npy
SMP_01560,cry_help,5,4,val,fsd_154834,fsd50k,data/processed/features/val/SMP_01560.npy
SMP_01561,cry_help,5,4,train,fsd_390658,fsd50k,data/processed/features/train/SMP_01561.npy
SMP_01562,cry_help,5,4,val,fsd_86240,fsd50k,data/processed/features/val/SMP_01562.npy
SMP_01563,cry_help,5,4,train,fsd_59579,fsd50k,data/processed/features/train/SMP_01563.npy
SMP_01564,cry_help,5,4,train,fsd_39920,fsd50k,data/processed/features/train/SMP_01564.npy
SMP_01565,cry_help,5,4,train,fsd_202730,fsd50k,data/processed/features/train/SMP_01565.npy
SMP_01566,cry_help,5,4,train,fsd_146926,fsd50k,data/processed/features/train/SMP_01566.npy
SMP_01567,cry_help,5,4,train,fsd_402835,fsd50k,data/processed/features/train/SMP_01567.npy
SMP_01568,cry_help,5,4,train,fsd_18284,fsd50k,data/processed/features/train/SMP_01568.npy
SMP_01569,cry_help,5,4,val,fsd_407587,fsd50k,data/processed/features/val/SMP_01569.npy
SMP_01570,cry_help,5,4,train,fsd_359154,fsd50k,data/processed/features/train/SMP_01570.npy
SMP_01571,cry_help,5,4,train,fsd_425002,fsd50k,data/processed/features/train/SMP_01571.npy
SMP_01572,cry_help,5,4,val,fsd_386923,fsd50k,data/processed/features/val/SMP_01572.npy
SMP_01573,cry_help,5,4,val,fsd_264842,fsd50k,data/processed/features/val/SMP_01573.npy
SMP_01574,cry_help,5,4,test,fsd_26147,fsd50k,data/processed/features/test/SMP_01574.npy
SMP_01575,cry_help,5,4,train,fsd_14269,fsd50k,data/processed/features/train/SMP_01575.npy
SMP_01576,cry_help,5,4,val,fsd_13802,fsd50k,data/processed/features/val/SMP_01576.npy
SMP_01577,fire_alarm_siren,6,5,train,fsd_108011,fsd50k,data/processed/features/train/SMP_01577.npy
SMP_01578,fire_alarm_siren,6,5,train,fsd_345699,fsd50k,data/processed/features/train/SMP_01578.npy
SMP_01579,fire_alarm_siren,6,5,train,fsd_275570,fsd50k,data/processed/features/train/SMP_01579.npy
SMP_01580,fire_alarm_siren,6,5,train,fsd_333659,fsd50k,data/processed/features/train/SMP_01580.npy
SMP_01581,fire_alarm_siren,6,5,val,fsd_340905,fsd50k,data/processed/features/val/SMP_01581.npy
SMP_01582,fire_alarm_siren,6,5,train,fsd_33751,fsd50k,data/processed/features/train/SMP_01582.npy
SMP_01583,fire_alarm_siren,6,5,train,fsd_72129,fsd50k,data/processed/features/train/SMP_01583.npy
SMP_01584,fire_alarm_siren,6,5,train,fsd_117567,fsd50k,data/processed/features/train/SMP_01584.npy
SMP_01585,fire_alarm_siren,6,5,train,fsd_70939,fsd50k,data/processed/features/train/SMP_01585.npy
SMP_01586,fire_alarm_siren,6,5,test,fsd_171324,fsd50k,data/processed/features/test/SMP_01586.npy
SMP_01587,fire_alarm_siren,6,5,val,fsd_328541,fsd50k,data/processed/features/val/SMP_01587.npy
SMP_01588,fire_alarm_siren,6,5,train,fsd_167546,fsd50k,data/processed/features/train/SMP_01588.npy
SMP_01589,fire_alarm_siren,6,5,test,fsd_180339,fsd50k,data/processed/features/test/SMP_01589.npy
SMP_01590,fire_alarm_siren,6,5,val,fsd_85205,fsd50k,data/processed/features/val/SMP_01590.npy
SMP_01591,fire_alarm_siren,6,5,train,fsd_117569,fsd50k,data/processed/features/train/SMP_01591.npy
SMP_01592,fire_alarm_siren,6,5,train,fsd_118040,fsd50k,data/processed/features/train/SMP_01592.npy
SMP_01593,fire_alarm_siren,6,5,train,fsd_254146,fsd50k,data/processed/features/train/SMP_01593.npy
SMP_01594,fire_alarm_siren,6,5,val,fsd_383832,fsd50k,data/processed/features/val/SMP_01594.npy
SMP_01595,fire_alarm_siren,6,5,train,fsd_129657,fsd50k,data/processed/features/train/SMP_01595.npy
SMP_01596,fire_alarm_siren,6,5,train,fsd_391557,fsd50k,data/processed/features/train/SMP_01596.npy
SMP_01597,fire_alarm_siren,6,5,train,fsd_273344,fsd50k,data/processed/features/train/SMP_01597.npy
SMP_01598,fire_alarm_siren,6,5,train,fsd_243607,fsd50k,data/processed/features/train/SMP_01598.npy
SMP_01599,fire_alarm_siren,6,5,train,fsd_57809,fsd50k,data/processed/features/train/SMP_01599.npy
SMP_01600,fire_alarm_siren,6,5,train,fsd_121904,fsd50k,data/processed/features/train/SMP_01600.npy
SMP_01601,fire_alarm_siren,6,5,train,fsd_434124,fsd50k,data/processed/features/train/SMP_01601.npy
SMP_01602,fire_alarm_siren,6,5,train,fsd_381728,fsd50k,data/processed/features/train/SMP_01602.npy
SMP_01603,fire_alarm_siren,6,5,train,fsd_33739,fsd50k,data/processed/features/train/SMP_01603.npy
SMP_01604,fire_alarm_siren,6,5,train,fsd_250654,fsd50k,data/processed/features/train/SMP_01604.npy
SMP_01605,fire_alarm_siren,6,5,train,fsd_156123,fsd50k,data/processed/features/train/SMP_01605.npy
SMP_01606,fire_alarm_siren,6,5,train,fsd_24271,fsd50k,data/processed/features/train/SMP_01606.npy
SMP_01607,fire_alarm_siren,6,5,test,fsd_38229,fsd50k,data/processed/features/test/SMP_01607.npy
SMP_01608,fire_alarm_siren,6,5,train,fsd_215819,fsd50k,data/processed/features/train/SMP_01608.npy
SMP_01609,fire_alarm_siren,6,5,test,fsd_137774,fsd50k,data/processed/features/test/SMP_01609.npy
SMP_01610,fire_alarm_siren,6,5,val,fsd_342656,fsd50k,data/processed/features/val/SMP_01610.npy
SMP_01611,fire_alarm_siren,6,5,val,fsd_157468,fsd50k,data/processed/features/val/SMP_01611.npy
SMP_01612,fire_alarm_siren,6,5,test,fsd_189766,fsd50k,data/processed/features/test/SMP_01612.npy
SMP_01613,fire_alarm_siren,6,5,train,fsd_186474,fsd50k,data/processed/features/train/SMP_01613.npy
SMP_01614,fire_alarm_siren,6,5,train,fsd_434085,fsd50k,data/processed/features/train/SMP_01614.npy
SMP_01615,fire_alarm_siren,6,5,train,fsd_344424,fsd50k,data/processed/features/train/SMP_01615.npy
SMP_01616,fire_alarm_siren,6,5,val,fsd_196370,fsd50k,data/processed/features/val/SMP_01616.npy
SMP_01617,fire_alarm_siren,6,5,train,fsd_5635,fsd50k,data/processed/features/train/SMP_01617.npy
SMP_01618,fire_alarm_siren,6,5,train,fsd_380398,fsd50k,data/processed/features/train/SMP_01618.npy
SMP_01619,fire_alarm_siren,6,5,val,fsd_383627,fsd50k,data/processed/features/val/SMP_01619.npy
SMP_01620,fire_alarm_siren,6,5,test,fsd_253713,fsd50k,data/processed/features/test/SMP_01620.npy
SMP_01621,fire_alarm_siren,6,5,train,fsd_235962,fsd50k,data/processed/features/train/SMP_01621.npy
SMP_01622,fire_alarm_siren,6,5,train,fsd_169209,fsd50k,data/processed/features/train/SMP_01622.npy
SMP_01623,fire_alarm_siren,6,5,train,fsd_126561,fsd50k,data/processed/features/train/SMP_01623.npy
SMP_01624,fire_alarm_siren,6,5,train,fsd_196259,fsd50k,data/processed/features/train/SMP_01624.npy
SMP_01625,fire_alarm_siren,6,5,train,fsd_268015,fsd50k,data/processed/features/train/SMP_01625.npy
SMP_01626,fire_alarm_siren,6,5,val,fsd_262853,fsd50k,data/processed/features/val/SMP_01626.npy
SMP_01627,fire_alarm_siren,6,5,train,fsd_249835,fsd50k,data/processed/features/train/SMP_01627.npy
SMP_01628,fire_alarm_siren,6,5,train,fsd_170847,fsd50k,data/processed/features/train/SMP_01628.npy
SMP_01629,fire_alarm_siren,6,5,val,fsd_322469,fsd50k,data/processed/features/val/SMP_01629.npy
SMP_01630,fire_alarm_siren,6,5,test,fsd_164090,fsd50k,data/processed/features/test/SMP_01630.npy
SMP_01631,fire_alarm_siren,6,5,train,fsd_175853,fsd50k,data/processed/features/train/SMP_01631.npy
SMP_01632,fire_alarm_siren,6,5,train,fsd_397621,fsd50k,data/processed/features/train/SMP_01632.npy
SMP_01633,fire_alarm_siren,6,5,train,fsd_33723,fsd50k,data/processed/features/train/SMP_01633.npy
SMP_01634,fire_alarm_siren,6,5,train,fsd_324459,fsd50k,data/processed/features/train/SMP_01634.npy
SMP_01635,fire_alarm_siren,6,5,train,fsd_117126,fsd50k,data/processed/features/train/SMP_01635.npy
SMP_01636,fire_alarm_siren,6,5,test,fsd_80355,fsd50k,data/processed/features/test/SMP_01636.npy
SMP_01637,fire_alarm_siren,6,5,train,fsd_380772,fsd50k,data/processed/features/train/SMP_01637.npy
SMP_01638,fire_alarm_siren,6,5,train,fsd_379034,fsd50k,data/processed/features/train/SMP_01638.npy
SMP_01639,fire_alarm_siren,6,5,train,fsd_232210,fsd50k,data/processed/features/train/SMP_01639.npy
SMP_01640,fire_alarm_siren,6,5,train,fsd_345275,fsd50k,data/processed/features/train/SMP_01640.npy
SMP_01641,fire_alarm_siren,6,5,train,fsd_401132,fsd50k,data/processed/features/train/SMP_01641.npy
SMP_01642,fire_alarm_siren,6,5,train,fsd_106831,fsd50k,data/processed/features/train/SMP_01642.npy
SMP_01643,fire_alarm_siren,6,5,train,fsd_250096,fsd50k,data/processed/features/train/SMP_01643.npy
SMP_01644,fire_alarm_siren,6,5,train,fsd_198612,fsd50k,data/processed/features/train/SMP_01644.npy
SMP_01645,fire_alarm_siren,6,5,train,fsd_120557,fsd50k,data/processed/features/train/SMP_01645.npy
SMP_01646,fire_alarm_siren,6,5,train,fsd_275558,fsd50k,data/processed/features/train/SMP_01646.npy
SMP_01647,fire_alarm_siren,6,5,train,fsd_76925,fsd50k,data/processed/features/train/SMP_01647.npy
SMP_01648,fire_alarm_siren,6,5,train,fsd_236799,fsd50k,data/processed/features/train/SMP_01648.npy
SMP_01649,fire_alarm_siren,6,5,train,fsd_202258,fsd50k,data/processed/features/train/SMP_01649.npy
SMP_01650,fire_alarm_siren,6,5,train,fsd_81072,fsd50k,data/processed/features/train/SMP_01650.npy
SMP_01651,fire_alarm_siren,6,5,train,fsd_100461,fsd50k,data/processed/features/train/SMP_01651.npy
SMP_01652,fire_alarm_siren,6,5,train,fsd_24929,fsd50k,data/processed/features/train/SMP_01652.npy
SMP_01653,fire_alarm_siren,6,5,val,fsd_117561,fsd50k,data/processed/features/val/SMP_01653.npy
SMP_01654,fire_alarm_siren,6,5,train,fsd_117120,fsd50k,data/processed/features/train/SMP_01654.npy
SMP_01655,fire_alarm_siren,6,5,val,fsd_432063,fsd50k,data/processed/features/val/SMP_01655.npy
SMP_01656,fire_alarm_siren,6,5,val,fsd_104475,fsd50k,data/processed/features/val/SMP_01656.npy
SMP_01657,fire_alarm_siren,6,5,test,fsd_163561,fsd50k,data/processed/features/test/SMP_01657.npy
SMP_01658,fire_alarm_siren,6,5,val,fsd_121908,fsd50k,data/processed/features/val/SMP_01658.npy
SMP_01659,fire_alarm_siren,6,5,train,fsd_204426,fsd50k,data/processed/features/train/SMP_01659.npy
SMP_01660,fire_alarm_siren,6,5,train,fsd_33742,fsd50k,data/processed/features/train/SMP_01660.npy
SMP_01661,fire_alarm_siren,6,5,train,fsd_262897,fsd50k,data/processed/features/train/SMP_01661.npy
SMP_01662,fire_alarm_siren,6,5,train,fsd_337657,fsd50k,data/processed/features/train/SMP_01662.npy
SMP_01663,fire_alarm_siren,6,5,train,fsd_164036,fsd50k,data/processed/features/train/SMP_01663.npy
SMP_01664,fire_alarm_siren,6,5,train,fsd_394655,fsd50k,data/processed/features/train/SMP_01664.npy
SMP_01665,fire_alarm_siren,6,5,train,fsd_62502,fsd50k,data/processed/features/train/SMP_01665.npy
SMP_01666,fire_alarm_siren,6,5,train,fsd_171113,fsd50k,data/processed/features/train/SMP_01666.npy
SMP_01667,fire_alarm_siren,6,5,train,fsd_36170,fsd50k,data/processed/features/train/SMP_01667.npy
SMP_01668,fire_alarm_siren,6,5,train,fsd_223562,fsd50k,data/processed/features/train/SMP_01668.npy
SMP_01669,fire_alarm_siren,6,5,train,fsd_271110,fsd50k,data/processed/features/train/SMP_01669.npy
SMP_01670,fire_alarm_siren,6,5,train,fsd_253314,fsd50k,data/processed/features/train/SMP_01670.npy
SMP_01671,fire_alarm_siren,6,5,test,fsd_392742,fsd50k,data/processed/features/test/SMP_01671.npy
SMP_01672,fire_alarm_siren,6,5,train,fsd_9392,fsd50k,data/processed/features/train/SMP_01672.npy
SMP_01673,fire_alarm_siren,6,5,train,fsd_99630,fsd50k,data/processed/features/train/SMP_01673.npy
SMP_01674,fire_alarm_siren,6,5,train,fsd_267967,fsd50k,data/processed/features/train/SMP_01674.npy
SMP_01675,fire_alarm_siren,6,5,train,fsd_371292,fsd50k,data/processed/features/train/SMP_01675.npy
SMP_01676,fire_alarm_siren,6,5,val,fsd_428526,fsd50k,data/processed/features/val/SMP_01676.npy
SMP_01677,fire_alarm_siren,6,5,val,fsd_245888,fsd50k,data/processed/features/val/SMP_01677.npy
SMP_01678,fire_alarm_siren,6,5,train,fsd_58550,fsd50k,data/processed/features/train/SMP_01678.npy
SMP_01679,fire_alarm_siren,6,5,train,fsd_330601,fsd50k,data/processed/features/train/SMP_01679.npy
SMP_01680,fire_alarm_siren,6,5,test,fsd_196838,fsd50k,data/processed/features/test/SMP_01680.npy
SMP_01681,fire_alarm_siren,6,5,train,fsd_348325,fsd50k,data/processed/features/train/SMP_01681.npy
SMP_01682,fire_alarm_siren,6,5,train,fsd_233062,fsd50k,data/processed/features/train/SMP_01682.npy
SMP_01683,fire_alarm_siren,6,5,train,fsd_234565,fsd50k,data/processed/features/train/SMP_01683.npy
SMP_01684,fire_alarm_siren,6,5,test,fsd_393179,fsd50k,data/processed/features/test/SMP_01684.npy
SMP_01685,fire_alarm_siren,6,5,train,fsd_337257,fsd50k,data/processed/features/train/SMP_01685.npy
SMP_01686,fire_alarm_siren,6,5,train,fsd_52004,fsd50k,data/processed/features/train/SMP_01686.npy
SMP_01687,air_leak_hiss,8,7,train,fsd_87316,fsd50k,data/processed/features/train/SMP_01687.npy
SMP_01688,air_leak_hiss,8,7,test,fsd_395396,fsd50k,data/processed/features/test/SMP_01688.npy
SMP_01689,air_leak_hiss,8,7,test,fsd_170740,fsd50k,data/processed/features/test/SMP_01689.npy
SMP_01690,air_leak_hiss,8,7,train,fsd_181919,fsd50k,data/processed/features/train/SMP_01690.npy
SMP_01691,air_leak_hiss,8,7,train,fsd_404533,fsd50k,data/processed/features/train/SMP_01691.npy
SMP_01692,air_leak_hiss,8,7,train,fsd_240263,fsd50k,data/processed/features/train/SMP_01692.npy
SMP_01693,air_leak_hiss,8,7,train,fsd_327559,fsd50k,data/processed/features/train/SMP_01693.npy
SMP_01694,air_leak_hiss,8,7,train,fsd_279044,fsd50k,data/processed/features/train/SMP_01694.npy
SMP_01695,air_leak_hiss,8,7,train,fsd_316916,fsd50k,data/processed/features/train/SMP_01695.npy
SMP_01696,air_leak_hiss,8,7,val,fsd_25824,fsd50k,data/processed/features/val/SMP_01696.npy
SMP_01697,air_leak_hiss,8,7,train,fsd_31626,fsd50k,data/processed/features/train/SMP_01697.npy
SMP_01698,air_leak_hiss,8,7,train,fsd_328908,fsd50k,data/processed/features/train/SMP_01698.npy
SMP_01699,air_leak_hiss,8,7,train,fsd_240381,fsd50k,data/processed/features/train/SMP_01699.npy
SMP_01700,air_leak_hiss,8,7,test,fsd_58326,fsd50k,data/processed/features/test/SMP_01700.npy
SMP_01701,air_leak_hiss,8,7,train,fsd_319939,fsd50k,data/processed/features/train/SMP_01701.npy
SMP_01702,air_leak_hiss,8,7,train,fsd_166921,fsd50k,data/processed/features/train/SMP_01702.npy
SMP_01703,air_leak_hiss,8,7,train,fsd_345092,fsd50k,data/processed/features/train/SMP_01703.npy
SMP_01704,air_leak_hiss,8,7,val,fsd_110106,fsd50k,data/processed/features/val/SMP_01704.npy
SMP_01705,air_leak_hiss,8,7,train,fsd_426780,fsd50k,data/processed/features/train/SMP_01705.npy
SMP_01706,air_leak_hiss,8,7,train,fsd_146960,fsd50k,data/processed/features/train/SMP_01706.npy
SMP_01707,air_leak_hiss,8,7,train,fsd_241562,fsd50k,data/processed/features/train/SMP_01707.npy
SMP_01708,air_leak_hiss,8,7,train,fsd_424971,fsd50k,data/processed/features/train/SMP_01708.npy
SMP_01709,air_leak_hiss,8,7,train,fsd_340254,fsd50k,data/processed/features/train/SMP_01709.npy
SMP_01710,air_leak_hiss,8,7,val,fsd_390159,fsd50k,data/processed/features/val/SMP_01710.npy
SMP_01711,air_leak_hiss,8,7,train,fsd_341200,fsd50k,data/processed/features/train/SMP_01711.npy
SMP_01712,air_leak_hiss,8,7,train,fsd_343927,fsd50k,data/processed/features/train/SMP_01712.npy
SMP_01713,air_leak_hiss,8,7,val,fsd_66364,fsd50k,data/processed/features/val/SMP_01713.npy
SMP_01714,air_leak_hiss,8,7,val,fsd_120898,fsd50k,data/processed/features/val/SMP_01714.npy
SMP_01715,air_leak_hiss,8,7,train,fsd_16797,fsd50k,data/processed/features/train/SMP_01715.npy
SMP_01716,air_leak_hiss,8,7,test,fsd_211096,fsd50k,data/processed/features/test/SMP_01716.npy
SMP_01717,air_leak_hiss,8,7,val,fsd_379115,fsd50k,data/processed/features/val/SMP_01717.npy
SMP_01718,air_leak_hiss,8,7,train,fsd_261377,fsd50k,data/processed/features/train/SMP_01718.npy
SMP_01719,air_leak_hiss,8,7,val,fsd_237471,fsd50k,data/processed/features/val/SMP_01719.npy
SMP_01720,air_leak_hiss,8,7,train,fsd_427227,fsd50k,data/processed/features/train/SMP_01720.npy
SMP_01721,air_leak_hiss,8,7,train,fsd_250703,fsd50k,data/processed/features/train/SMP_01721.npy
SMP_01722,air_leak_hiss,8,7,val,fsd_420004,fsd50k,data/processed/features/val/SMP_01722.npy
SMP_01723,air_leak_hiss,8,7,train,fsd_90143,fsd50k,data/processed/features/train/SMP_01723.npy
SMP_01724,air_leak_hiss,8,7,train,fsd_14160,fsd50k,data/processed/features/train/SMP_01724.npy
SMP_01725,air_leak_hiss,8,7,train,fsd_352904,fsd50k,data/processed/features/train/SMP_01725.npy
SMP_01726,air_leak_hiss,8,7,train,fsd_181480,fsd50k,data/processed/features/train/SMP_01726.npy
SMP_01727,air_leak_hiss,8,7,train,fsd_71899,fsd50k,data/processed/features/train/SMP_01727.npy
SMP_01728,air_leak_hiss,8,7,train,fsd_17556,fsd50k,data/processed/features/train/SMP_01728.npy
SMP_01729,air_leak_hiss,8,7,train,fsd_24223,fsd50k,data/processed/features/train/SMP_01729.npy
SMP_01730,air_leak_hiss,8,7,train,fsd_405754,fsd50k,data/processed/features/train/SMP_01730.npy
SMP_01731,air_leak_hiss,8,7,val,fsd_60978,fsd50k,data/processed/features/val/SMP_01731.npy
SMP_01732,air_leak_hiss,8,7,train,fsd_409010,fsd50k,data/processed/features/train/SMP_01732.npy
SMP_01733,air_leak_hiss,8,7,train,fsd_366760,fsd50k,data/processed/features/train/SMP_01733.npy
SMP_01735,air_leak_hiss,8,7,test,fsd_277360,fsd50k,data/processed/features/test/SMP_01735.npy
SMP_01734,air_leak_hiss,8,7,train,fsd_326960,fsd50k,data/processed/features/train/SMP_01734.npy
SMP_01736,air_leak_hiss,8,7,val,fsd_137174,fsd50k,data/processed/features/val/SMP_01736.npy
SMP_01737,air_leak_hiss,8,7,train,fsd_180174,fsd50k,data/processed/features/train/SMP_01737.npy
SMP_01738,air_leak_hiss,8,7,train,fsd_417608,fsd50k,data/processed/features/train/SMP_01738.npy
SMP_01739,air_leak_hiss,8,7,val,fsd_25718,fsd50k,data/processed/features/val/SMP_01739.npy
SMP_01740,air_leak_hiss,8,7,train,fsd_344723,fsd50k,data/processed/features/train/SMP_01740.npy
SMP_01741,air_leak_hiss,8,7,test,fsd_184789,fsd50k,data/processed/features/test/SMP_01741.npy
SMP_01742,air_leak_hiss,8,7,train,fsd_405425,fsd50k,data/processed/features/train/SMP_01742.npy
SMP_01743,air_leak_hiss,8,7,train,fsd_382718,fsd50k,data/processed/features/train/SMP_01743.npy
SMP_01744,air_leak_hiss,8,7,train,fsd_365495,fsd50k,data/processed/features/train/SMP_01744.npy
SMP_01745,air_leak_hiss,8,7,train,fsd_26401,fsd50k,data/processed/features/train/SMP_01745.npy
SMP_01746,air_leak_hiss,8,7,train,fsd_160350,fsd50k,data/processed/features/train/SMP_01746.npy
SMP_01747,air_leak_hiss,8,7,train,fsd_170739,fsd50k,data/processed/features/train/SMP_01747.npy
SMP_01748,air_leak_hiss,8,7,train,fsd_184606,fsd50k,data/processed/features/train/SMP_01748.npy
SMP_01749,air_leak_hiss,8,7,val,fsd_178900,fsd50k,data/processed/features/val/SMP_01749.npy
SMP_01750,air_leak_hiss,8,7,test,fsd_184519,fsd50k,data/processed/features/test/SMP_01750.npy
SMP_01751,air_leak_hiss,8,7,val,fsd_216012,fsd50k,data/processed/features/val/SMP_01751.npy
SMP_01752,air_leak_hiss,8,7,test,fsd_170738,fsd50k,data/processed/features/test/SMP_01752.npy
SMP_01753,air_leak_hiss,8,7,train,fsd_343091,fsd50k,data/processed/features/train/SMP_01753.npy
SMP_01754,air_leak_hiss,8,7,train,fsd_344224,fsd50k,data/processed/features/train/SMP_01754.npy
SMP_01755,air_leak_hiss,8,7,train,fsd_333450,fsd50k,data/processed/features/train/SMP_01755.npy
SMP_01756,air_leak_hiss,8,7,train,fsd_363103,fsd50k,data/processed/features/train/SMP_01756.npy
SMP_01757,air_leak_hiss,8,7,val,fsd_108842,fsd50k,data/processed/features/val/SMP_01757.npy
SMP_01758,air_leak_hiss,8,7,test,fsd_101799,fsd50k,data/processed/features/test/SMP_01758.npy
SMP_01759,air_leak_hiss,8,7,test,fsd_187332,fsd50k,data/processed/features/test/SMP_01759.npy
SMP_01760,air_leak_hiss,8,7,train,fsd_234782,fsd50k,data/processed/features/train/SMP_01760.npy
SMP_01761,air_leak_hiss,8,7,train,fsd_140716,fsd50k,data/processed/features/train/SMP_01761.npy
SMP_01762,air_leak_hiss,8,7,train,fsd_51227,fsd50k,data/processed/features/train/SMP_01762.npy
SMP_01763,air_leak_hiss,8,7,train,fsd_66109,fsd50k,data/processed/features/train/SMP_01763.npy
SMP_01764,air_leak_hiss,8,7,val,fsd_213150,fsd50k,data/processed/features/val/SMP_01764.npy
SMP_01765,air_leak_hiss,8,7,train,fsd_381737,fsd50k,data/processed/features/train/SMP_01765.npy
SMP_01766,air_leak_hiss,8,7,train,fsd_207135,fsd50k,data/processed/features/train/SMP_01766.npy
SMP_01767,air_leak_hiss,8,7,train,fsd_263116,fsd50k,data/processed/features/train/SMP_01767.npy
SMP_01768,air_leak_hiss,8,7,train,fsd_399548,fsd50k,data/processed/features/train/SMP_01768.npy
SMP_01769,air_leak_hiss,8,7,train,fsd_395296,fsd50k,data/processed/features/train/SMP_01769.npy
SMP_01770,air_leak_hiss,8,7,test,fsd_182359,fsd50k,data/processed/features/test/SMP_01770.npy
SMP_01771,air_leak_hiss,8,7,test,fsd_343743,fsd50k,data/processed/features/test/SMP_01771.npy
SMP_01772,air_leak_hiss,8,7,train,fsd_96928,fsd50k,data/processed/features/train/SMP_01772.npy
SMP_01773,air_leak_hiss,8,7,val,fsd_241925,fsd50k,data/processed/features/val/SMP_01773.npy
SMP_01774,air_leak_hiss,8,7,train,fsd_141365,fsd50k,data/processed/features/train/SMP_01774.npy
SMP_01775,air_leak_hiss,8,7,train,fsd_387239,fsd50k,data/processed/features/train/SMP_01775.npy
SMP_01776,air_leak_hiss,8,7,val,fsd_365104,fsd50k,data/processed/features/val/SMP_01776.npy
SMP_01777,air_leak_hiss,8,7,train,fsd_332975,fsd50k,data/processed/features/train/SMP_01777.npy
SMP_01778,air_leak_hiss,8,7,train,fsd_172748,fsd50k,data/processed/features/train/SMP_01778.npy
SMP_01779,air_leak_hiss,8,7,train,fsd_254339,fsd50k,data/processed/features/train/SMP_01779.npy
SMP_01780,air_leak_hiss,8,7,val,fsd_265366,fsd50k,data/processed/features/val/SMP_01780.npy
SMP_01781,air_leak_hiss,8,7,train,fsd_174628,fsd50k,data/processed/features/train/SMP_01781.npy
SMP_01782,air_leak_hiss,8,7,train,fsd_40138,fsd50k,data/processed/features/train/SMP_01782.npy
SMP_01783,air_leak_hiss,8,7,train,fsd_201899,fsd50k,data/processed/features/train/SMP_01783.npy
SMP_01784,air_leak_hiss,8,7,train,fsd_112379,fsd50k,data/processed/features/train/SMP_01784.npy
SMP_01785,air_leak_hiss,8,7,test,fsd_395883,fsd50k,data/processed/features/test/SMP_01785.npy
SMP_01786,air_leak_hiss,8,7,val,fsd_426571,fsd50k,data/processed/features/val/SMP_01786.npy
SMP_01787,air_leak_hiss,8,7,val,fsd_389708,fsd50k,data/processed/features/val/SMP_01787.npy
SMP_01788,air_leak_hiss,8,7,train,fsd_406129,fsd50k,data/processed/features/train/SMP_01788.npy
SMP_01789,air_leak_hiss,8,7,train,fsd_265579,fsd50k,data/processed/features/train/SMP_01789.npy
SMP_01790,air_leak_hiss,8,7,train,fsd_395475,fsd50k,data/processed/features/train/SMP_01790.npy
SMP_01791,air_leak_hiss,8,7,train,fsd_316682,fsd50k,data/processed/features/train/SMP_01791.npy
SMP_01792,air_leak_hiss,8,7,test,fsd_218840,fsd50k,data/processed/features/test/SMP_01792.npy
SMP_01793,air_leak_hiss,8,7,train,fsd_258226,fsd50k,data/processed/features/train/SMP_01793.npy
SMP_01794,air_leak_hiss,8,7,train,fsd_241921,fsd50k,data/processed/features/train/SMP_01794.npy
SMP_01795,air_leak_hiss,8,7,val,fsd_118202,fsd50k,data/processed/features/val/SMP_01795.npy
SMP_01796,air_leak_hiss,8,7,train,fsd_369961,fsd50k,data/processed/features/train/SMP_01796.npy
SMP_01797,air_leak_hiss,8,7,val,fsd_340255,fsd50k,data/processed/features/val/SMP_01797.npy
SMP_01798,air_leak_hiss,8,7,train,fsd_344002,fsd50k,data/processed/features/train/SMP_01798.npy
SMP_01800,air_leak_hiss,8,7,train,fsd_91277,fsd50k,data/processed/features/train/SMP_01800.npy
SMP_01799,air_leak_hiss,8,7,train,fsd_49730,fsd50k,data/processed/features/train/SMP_01799.npy
SMP_01801,air_leak_hiss,8,7,train,fsd_415287,fsd50k,data/processed/features/train/SMP_01801.npy
SMP_01802,air_leak_hiss,8,7,test,fsd_119741,fsd50k,data/processed/features/test/SMP_01802.npy
SMP_01803,air_leak_hiss,8,7,train,fsd_118099,fsd50k,data/processed/features/train/SMP_01803.npy
SMP_01804,air_leak_hiss,8,7,train,fsd_327534,fsd50k,data/processed/features/train/SMP_01804.npy
SMP_01805,air_leak_hiss,8,7,train,fsd_54911,fsd50k,data/processed/features/train/SMP_01805.npy
SMP_01806,air_leak_hiss,8,7,train,fsd_60385,fsd50k,data/processed/features/train/SMP_01806.npy
SMP_01808,air_leak_hiss,8,7,test,fsd_405407,fsd50k,data/processed/features/test/SMP_01808.npy
SMP_01807,air_leak_hiss,8,7,train,fsd_45579,fsd50k,data/processed/features/train/SMP_01807.npy
SMP_01809,air_leak_hiss,8,7,train,fsd_327550,fsd50k,data/processed/features/train/SMP_01809.npy
SMP_01810,air_leak_hiss,8,7,train,fsd_50620,fsd50k,data/processed/features/train/SMP_01810.npy
SMP_01812,air_leak_hiss,8,7,train,fsd_415540,fsd50k,data/processed/features/train/SMP_01812.npy
SMP_01814,air_leak_hiss,8,7,train,fsd_327120,fsd50k,data/processed/features/train/SMP_01814.npy
SMP_01811,air_leak_hiss,8,7,test,fsd_405431,fsd50k,data/processed/features/test/SMP_01811.npy
SMP_01813,air_leak_hiss,8,7,val,fsd_408101,fsd50k,data/processed/features/val/SMP_01813.npy
SMP_01815,air_leak_hiss,8,7,train,fsd_122803,fsd50k,data/processed/features/train/SMP_01815.npy
SMP_01816,air_leak_hiss,8,7,train,fsd_390188,fsd50k,data/processed/features/train/SMP_01816.npy
SMP_01817,air_leak_hiss,8,7,train,fsd_407658,fsd50k,data/processed/features/train/SMP_01817.npy
SMP_01818,air_leak_hiss,8,7,train,fsd_390381,fsd50k,data/processed/features/train/SMP_01818.npy
SMP_01819,air_leak_hiss,8,7,train,fsd_398077,fsd50k,data/processed/features/train/SMP_01819.npy
SMP_01820,air_leak_hiss,8,7,train,fsd_2155,fsd50k,data/processed/features/train/SMP_01820.npy
SMP_01821,air_leak_hiss,8,7,train,fsd_208765,fsd50k,data/processed/features/train/SMP_01821.npy
SMP_01822,air_leak_hiss,8,7,train,fsd_340253,fsd50k,data/processed/features/train/SMP_01822.npy
SMP_01823,air_leak_hiss,8,7,train,fsd_128013,fsd50k,data/processed/features/train/SMP_01823.npy
SMP_01824,air_leak_hiss,8,7,test,fsd_24925,fsd50k,data/processed/features/test/SMP_01824.npy
SMP_01825,air_leak_hiss,8,7,train,fsd_101468,fsd50k,data/processed/features/train/SMP_01825.npy
SMP_01826,air_leak_hiss,8,7,val,fsd_50357,fsd50k,data/processed/features/val/SMP_01826.npy
SMP_01827,air_leak_hiss,8,7,train,fsd_146962,fsd50k,data/processed/features/train/SMP_01827.npy
SMP_01828,air_leak_hiss,8,7,test,fsd_213802,fsd50k,data/processed/features/test/SMP_01828.npy
SMP_01829,air_leak_hiss,8,7,test,fsd_405753,fsd50k,data/processed/features/test/SMP_01829.npy
SMP_01830,air_leak_hiss,8,7,val,fsd_323178,fsd50k,data/processed/features/val/SMP_01830.npy
SMP_01831,air_leak_hiss,8,7,train,fsd_254205,fsd50k,data/processed/features/train/SMP_01831.npy
SMP_01832,air_leak_hiss,8,7,train,fsd_238313,fsd50k,data/processed/features/train/SMP_01832.npy
SMP_01833,air_leak_hiss,8,7,train,fsd_231550,fsd50k,data/processed/features/train/SMP_01833.npy
SMP_01834,air_leak_hiss,8,7,train,fsd_28167,fsd50k,data/processed/features/train/SMP_01834.npy
SMP_01835,air_leak_hiss,8,7,test,fsd_97333,fsd50k,data/processed/features/test/SMP_01835.npy
SMP_01836,air_leak_hiss,8,7,test,fsd_316915,fsd50k,data/processed/features/test/SMP_01836.npy
SMP_01837,air_leak_hiss,8,7,train,fsd_246059,fsd50k,data/processed/features/train/SMP_01837.npy
SMP_01838,air_leak_hiss,8,7,train,fsd_367165,fsd50k,data/processed/features/train/SMP_01838.npy
SMP_01839,air_leak_hiss,8,7,train,fsd_170737,fsd50k,data/processed/features/train/SMP_01839.npy
SMP_01840,air_leak_hiss,8,7,train,fsd_394383,fsd50k,data/processed/features/train/SMP_01840.npy
SMP_01841,air_leak_hiss,8,7,val,fsd_323174,fsd50k,data/processed/features/val/SMP_01841.npy
SMP_01842,air_leak_hiss,8,7,train,fsd_57837,fsd50k,data/processed/features/train/SMP_01842.npy
SMP_01843,air_leak_hiss,8,7,val,fsd_338687,fsd50k,data/processed/features/val/SMP_01843.npy
SMP_01844,air_leak_hiss,8,7,train,fsd_253973,fsd50k,data/processed/features/train/SMP_01844.npy
SMP_01845,air_leak_hiss,8,7,test,fsd_344596,fsd50k,data/processed/features/test/SMP_01845.npy
SMP_01846,air_leak_hiss,8,7,val,fsd_333449,fsd50k,data/processed/features/val/SMP_01846.npy
SMP_01847,air_leak_hiss,8,7,train,fsd_338686,fsd50k,data/processed/features/train/SMP_01847.npy
SMP_01848,air_leak_hiss,8,7,train,fsd_398977,fsd50k,data/processed/features/train/SMP_01848.npy
SMP_01849,air_leak_hiss,8,7,val,fsd_254340,fsd50k,data/processed/features/val/SMP_01849.npy
SMP_01850,air_leak_hiss,8,7,train,fsd_146963,fsd50k,data/processed/features/train/SMP_01850.npy
SMP_01851,air_leak_hiss,8,7,val,fsd_154636,fsd50k,data/processed/features/val/SMP_01851.npy
SMP_01852,air_leak_hiss,8,7,val,fsd_326706,fsd50k,data/processed/features/val/SMP_01852.npy
SMP_01853,air_leak_hiss,8,7,train,fsd_236285,fsd50k,data/processed/features/train/SMP_01853.npy
SMP_01854,air_leak_hiss,8,7,test,fsd_241924,fsd50k,data/processed/features/test/SMP_01854.npy
SMP_01855,air_leak_hiss,8,7,train,fsd_118804,fsd50k,data/processed/features/train/SMP_01855.npy
SMP_01856,air_leak_hiss,8,7,train,fsd_334672,fsd50k,data/processed/features/train/SMP_01856.npy
SMP_01857,air_leak_hiss,8,7,train,fsd_69299,fsd50k,data/processed/features/train/SMP_01857.npy
SMP_01858,air_leak_hiss,8,7,train,fsd_272353,fsd50k,data/processed/features/train/SMP_01858.npy
SMP_01859,air_leak_hiss,8,7,test,fsd_326055,fsd50k,data/processed/features/test/SMP_01859.npy
SMP_01860,air_leak_hiss,8,7,train,fsd_365102,fsd50k,data/processed/features/train/SMP_01860.npy
SMP_01861,air_leak_hiss,8,7,train,fsd_84623,fsd50k,data/processed/features/train/SMP_01861.npy
SMP_01862,air_leak_hiss,8,7,train,fsd_153290,fsd50k,data/processed/features/train/SMP_01862.npy
SMP_01863,air_leak_hiss,8,7,test,fsd_381194,fsd50k,data/processed/features/test/SMP_01863.npy
SMP_01864,air_leak_hiss,8,7,train,fsd_58323,fsd50k,data/processed/features/train/SMP_01864.npy
SMP_01865,air_leak_hiss,8,7,train,fsd_155660,fsd50k,data/processed/features/train/SMP_01865.npy
SMP_01866,air_leak_hiss,8,7,train,fsd_176338,fsd50k,data/processed/features/train/SMP_01866.npy
SMP_01867,air_leak_hiss,8,7,train,fsd_45809,fsd50k,data/processed/features/train/SMP_01867.npy
SMP_01868,air_leak_hiss,8,7,train,fsd_181490,fsd50k,data/processed/features/train/SMP_01868.npy
SMP_01869,air_leak_hiss,8,7,test,fsd_377337,fsd50k,data/processed/features/test/SMP_01869.npy
SMP_01870,air_leak_hiss,8,7,train,fsd_170736,fsd50k,data/processed/features/train/SMP_01870.npy
SMP_01871,air_leak_hiss,8,7,train,fsd_181481,fsd50k,data/processed/features/train/SMP_01871.npy
SMP_01872,air_leak_hiss,8,7,train,fsd_406089,fsd50k,data/processed/features/train/SMP_01872.npy
SMP_01873,air_leak_hiss,8,7,train,fsd_395820,fsd50k,data/processed/features/train/SMP_01873.npy
SMP_01874,air_leak_hiss,8,7,train,fsd_100646,fsd50k,data/processed/features/train/SMP_01874.npy
SMP_01875,air_leak_hiss,8,7,train,fsd_132894,fsd50k,data/processed/features/train/SMP_01875.npy
SMP_01876,air_leak_hiss,8,7,train,fsd_176157,fsd50k,data/processed/features/train/SMP_01876.npy
SMP_01877,air_leak_hiss,8,7,val,fsd_204416,fsd50k,data/processed/features/val/SMP_01877.npy
SMP_01878,air_leak_hiss,8,7,train,fsd_135429,fsd50k,data/processed/features/train/SMP_01878.npy
SMP_01879,air_leak_hiss,8,7,train,fsd_126706,fsd50k,data/processed/features/train/SMP_01879.npy
SMP_01880,air_leak_hiss,8,7,train,fsd_343928,fsd50k,data/processed/features/train/SMP_01880.npy
SMP_01881,air_leak_hiss,8,7,train,fsd_6858,fsd50k,data/processed/features/train/SMP_01881.npy
SMP_01882,air_leak_hiss,8,7,train,fsd_347947,fsd50k,data/processed/features/train/SMP_01882.npy
SMP_01883,air_leak_hiss,8,7,train,fsd_383368,fsd50k,data/processed/features/train/SMP_01883.npy
SMP_01884,air_leak_hiss,8,7,train,fsd_24222,fsd50k,data/processed/features/train/SMP_01884.npy
SMP_01885,air_leak_hiss,8,7,train,fsd_82422,fsd50k,data/processed/features/train/SMP_01885.npy
SMP_01886,air_leak_hiss,8,7,test,fsd_265581,fsd50k,data/processed/features/test/SMP_01886.npy
SMP_01887,air_leak_hiss,8,7,test,fsd_334674,fsd50k,data/processed/features/test/SMP_01887.npy
SMP_01888,air_leak_hiss,8,7,val,fsd_67444,fsd50k,data/processed/features/val/SMP_01888.npy
SMP_01889,air_leak_hiss,8,7,train,fsd_82319,fsd50k,data/processed/features/train/SMP_01889.npy
SMP_01890,air_leak_hiss,8,7,val,fsd_36266,fsd50k,data/processed/features/val/SMP_01890.npy
SMP_01891,air_leak_hiss,8,7,test,fsd_108431,fsd50k,data/processed/features/test/SMP_01891.npy
SMP_01892,air_leak_hiss,8,7,train,fsd_398461,fsd50k,data/processed/features/train/SMP_01892.npy
SMP_01893,air_leak_hiss,8,7,train,fsd_174203,fsd50k,data/processed/features/train/SMP_01893.npy
SMP_01894,air_leak_hiss,8,7,train,fsd_400075,fsd50k,data/processed/features/train/SMP_01894.npy
SMP_01895,air_leak_hiss,8,7,test,fsd_318671,fsd50k,data/processed/features/test/SMP_01895.npy
SMP_01896,air_leak_hiss,8,7,train,fsd_317665,fsd50k,data/processed/features/train/SMP_01896.npy
SMP_01897,air_leak_hiss,8,7,val,fsd_87078,fsd50k,data/processed/features/val/SMP_01897.npy
SMP_01898,air_leak_hiss,8,7,train,fsd_316914,fsd50k,data/processed/features/train/SMP_01898.npy
SMP_01899,air_leak_hiss,8,7,val,fsd_405756,fsd50k,data/processed/features/val/SMP_01899.npy
SMP_01900,air_leak_hiss,8,7,train,fsd_120229,fsd50k,data/processed/features/train/SMP_01900.npy
SMP_01901,air_leak_hiss,8,7,train,fsd_390160,fsd50k,data/processed/features/train/SMP_01901.npy
SMP_01902,air_leak_hiss,8,7,train,fsd_21066,fsd50k,data/processed/features/train/SMP_01902.npy
SMP_01903,air_leak_hiss,8,7,train,fsd_84620,fsd50k,data/processed/features/train/SMP_01903.npy
SMP_01904,air_leak_hiss,8,7,train,fsd_49729,fsd50k,data/processed/features/train/SMP_01904.npy
SMP_01905,air_leak_hiss,8,7,train,fsd_181485,fsd50k,data/processed/features/train/SMP_01905.npy
SMP_01906,air_leak_hiss,8,7,train,fsd_327494,fsd50k,data/processed/features/train/SMP_01906.npy
SMP_01907,air_leak_hiss,8,7,train,fsd_65923,fsd50k,data/processed/features/train/SMP_01907.npy
SMP_01908,air_leak_hiss,8,7,train,fsd_330377,fsd50k,data/processed/features/train/SMP_01908.npy
SMP_01909,air_leak_hiss,8,7,train,fsd_179048,fsd50k,data/processed/features/train/SMP_01909.npy
SMP_01910,air_leak_hiss,8,7,train,fsd_34865,fsd50k,data/processed/features/train/SMP_01910.npy
SMP_01911,air_leak_hiss,8,7,train,fsd_274256,fsd50k,data/processed/features/train/SMP_01911.npy
SMP_01912,air_leak_hiss,8,7,train,fsd_351778,fsd50k,data/processed/features/train/SMP_01912.npy
SMP_01913,air_leak_hiss,8,7,train,fsd_146961,fsd50k,data/processed/features/train/SMP_01913.npy
SMP_01914,air_leak_hiss,8,7,test,fsd_178751,fsd50k,data/processed/features/test/SMP_01914.npy
SMP_01915,air_leak_hiss,8,7,test,fsd_71778,fsd50k,data/processed/features/test/SMP_01915.npy
SMP_01916,air_leak_hiss,8,7,train,fsd_136991,fsd50k,data/processed/features/train/SMP_01916.npy
SMP_01917,air_leak_hiss,8,7,train,fsd_1942,fsd50k,data/processed/features/train/SMP_01917.npy
SMP_01918,air_leak_hiss,8,7,train,fsd_382634,fsd50k,data/processed/features/train/SMP_01918.npy
SMP_01919,air_leak_hiss,8,7,train,fsd_195228,fsd50k,data/processed/features/train/SMP_01919.npy
SMP_01920,air_leak_hiss,8,7,train,fsd_277361,fsd50k,data/processed/features/train/SMP_01920.npy
SMP_01921,air_leak_hiss,8,7,val,fsd_425046,fsd50k,data/processed/features/val/SMP_01921.npy
SMP_01922,air_leak_hiss,8,7,test,fsd_181482,fsd50k,data/processed/features/test/SMP_01922.npy
SMP_01923,air_leak_hiss,8,7,test,fsd_193883,fsd50k,data/processed/features/test/SMP_01923.npy
SMP_01924,air_leak_hiss,8,7,train,fsd_405755,fsd50k,data/processed/features/train/SMP_01924.npy
SMP_01925,air_leak_hiss,8,7,train,fsd_407394,fsd50k,data/processed/features/train/SMP_01925.npy
SMP_01926,air_leak_hiss,8,7,train,fsd_164305,fsd50k,data/processed/features/train/SMP_01926.npy
SMP_01927,air_leak_hiss,8,7,train,fsd_182789,fsd50k,data/processed/features/train/SMP_01927.npy
SMP_01928,air_leak_hiss,8,7,train,fsd_77935,fsd50k,data/processed/features/train/SMP_01928.npy
SMP_01929,air_leak_hiss,8,7,test,fsd_57836,fsd50k,data/processed/features/test/SMP_01929.npy
SMP_01930,air_leak_hiss,8,7,val,fsd_203175,fsd50k,data/processed/features/val/SMP_01930.npy
SMP_01931,air_leak_hiss,8,7,train,fsd_327438,fsd50k,data/processed/features/train/SMP_01931.npy
SMP_01932,air_leak_hiss,8,7,train,fsd_235824,fsd50k,data/processed/features/train/SMP_01932.npy
SMP_01933,air_leak_hiss,8,7,train,fsd_367125,fsd50k,data/processed/features/train/SMP_01933.npy
SMP_01934,air_leak_hiss,8,7,test,fsd_181486,fsd50k,data/processed/features/test/SMP_01934.npy
SMP_01935,air_leak_hiss,8,7,train,fsd_326964,fsd50k,data/processed/features/train/SMP_01935.npy
SMP_01936,air_leak_hiss,8,7,train,fsd_401676,fsd50k,data/processed/features/train/SMP_01936.npy
SMP_01937,background_normal,9,8,train,fsd_117812,fsd50k,data/processed/features/train/SMP_01937.npy
SMP_01938,background_normal,9,8,train,fsd_340053,fsd50k,data/processed/features/train/SMP_01938.npy
SMP_01939,background_normal,9,8,train,fsd_236464,fsd50k,data/processed/features/train/SMP_01939.npy
SMP_01940,background_normal,9,8,test,fsd_257867,fsd50k,data/processed/features/test/SMP_01940.npy
SMP_01941,background_normal,9,8,train,fsd_210048,fsd50k,data/processed/features/train/SMP_01941.npy
SMP_01942,background_normal,9,8,val,fsd_166289,fsd50k,data/processed/features/val/SMP_01942.npy
SMP_01943,background_normal,9,8,test,fsd_69544,fsd50k,data/processed/features/test/SMP_01943.npy
SMP_01944,background_normal,9,8,train,fsd_369164,fsd50k,data/processed/features/train/SMP_01944.npy
SMP_01945,background_normal,9,8,train,fsd_101843,fsd50k,data/processed/features/train/SMP_01945.npy
SMP_01946,background_normal,9,8,train,fsd_114428,fsd50k,data/processed/features/train/SMP_01946.npy
SMP_01947,background_normal,9,8,val,fsd_107808,fsd50k,data/processed/features/val/SMP_01947.npy
SMP_01948,background_normal,9,8,train,fsd_331327,fsd50k,data/processed/features/train/SMP_01948.npy
SMP_01949,background_normal,9,8,train,fsd_249893,fsd50k,data/processed/features/train/SMP_01949.npy
SMP_01950,background_normal,9,8,train,fsd_161359,fsd50k,data/processed/features/train/SMP_01950.npy
SMP_01951,background_normal,9,8,train,fsd_418239,fsd50k,data/processed/features/train/SMP_01951.npy
SMP_01952,background_normal,9,8,train,fsd_368456,fsd50k,data/processed/features/train/SMP_01952.npy
SMP_01953,background_normal,9,8,train,fsd_25328,fsd50k,data/processed/features/train/SMP_01953.npy
SMP_01954,background_normal,9,8,train,fsd_231787,fsd50k,data/processed/features/train/SMP_01954.npy
SMP_01955,background_normal,9,8,train,fsd_93863,fsd50k,data/processed/features/train/SMP_01955.npy
SMP_01956,background_normal,9,8,train,fsd_115234,fsd50k,data/processed/features/train/SMP_01956.npy
SMP_01957,background_normal,9,8,train,fsd_235126,fsd50k,data/processed/features/train/SMP_01957.npy
SMP_01958,background_normal,9,8,train,fsd_101072,fsd50k,data/processed/features/train/SMP_01958.npy
SMP_01959,background_normal,9,8,test,fsd_67639,fsd50k,data/processed/features/test/SMP_01959.npy
SMP_01960,background_normal,9,8,val,fsd_271605,fsd50k,data/processed/features/val/SMP_01960.npy
SMP_01961,background_normal,9,8,train,fsd_334987,fsd50k,data/processed/features/train/SMP_01961.npy
SMP_01962,background_normal,9,8,val,fsd_188433,fsd50k,data/processed/features/val/SMP_01962.npy
SMP_01963,background_normal,9,8,train,fsd_338332,fsd50k,data/processed/features/train/SMP_01963.npy
SMP_01964,background_normal,9,8,train,fsd_95675,fsd50k,data/processed/features/train/SMP_01964.npy
SMP_01965,background_normal,9,8,train,fsd_113238,fsd50k,data/processed/features/train/SMP_01965.npy
SMP_01966,background_normal,9,8,train,fsd_93856,fsd50k,data/processed/features/train/SMP_01966.npy
SMP_01967,background_normal,9,8,test,fsd_221599,fsd50k,data/processed/features/test/SMP_01967.npy
SMP_01968,background_normal,9,8,train,fsd_422718,fsd50k,data/processed/features/train/SMP_01968.npy
SMP_01969,background_normal,9,8,train,fsd_381454,fsd50k,data/processed/features/train/SMP_01969.npy
SMP_01970,background_normal,9,8,train,fsd_429380,fsd50k,data/processed/features/train/SMP_01970.npy
SMP_01971,background_normal,9,8,train,fsd_148443,fsd50k,data/processed/features/train/SMP_01971.npy
SMP_01972,background_normal,9,8,train,fsd_67628,fsd50k,data/processed/features/train/SMP_01972.npy
SMP_01973,background_normal,9,8,train,fsd_277005,fsd50k,data/processed/features/train/SMP_01973.npy
SMP_01974,background_normal,9,8,train,fsd_422949,fsd50k,data/processed/features/train/SMP_01974.npy
SMP_01975,background_normal,9,8,train,fsd_388579,fsd50k,data/processed/features/train/SMP_01975.npy
SMP_01976,background_normal,9,8,train,fsd_406243,fsd50k,data/processed/features/train/SMP_01976.npy
SMP_01977,background_normal,9,8,test,fsd_189389,fsd50k,data/processed/features/test/SMP_01977.npy
SMP_01978,background_normal,9,8,train,fsd_186427,fsd50k,data/processed/features/train/SMP_01978.npy
SMP_01979,background_normal,9,8,train,fsd_396992,fsd50k,data/processed/features/train/SMP_01979.npy
SMP_01980,background_normal,9,8,train,fsd_77412,fsd50k,data/processed/features/train/SMP_01980.npy
SMP_01981,background_normal,9,8,train,fsd_192002,fsd50k,data/processed/features/train/SMP_01981.npy
SMP_01982,background_normal,9,8,train,fsd_235110,fsd50k,data/processed/features/train/SMP_01982.npy
SMP_01983,background_normal,9,8,train,fsd_191999,fsd50k,data/processed/features/train/SMP_01983.npy
SMP_01984,background_normal,9,8,test,fsd_414063,fsd50k,data/processed/features/test/SMP_01984.npy
SMP_01985,background_normal,9,8,train,fsd_120662,fsd50k,data/processed/features/train/SMP_01985.npy
SMP_01986,background_normal,9,8,val,fsd_147692,fsd50k,data/processed/features/val/SMP_01986.npy
SMP_01987,background_normal,9,8,train,fsd_83340,fsd50k,data/processed/features/train/SMP_01987.npy
SMP_01988,background_normal,9,8,train,fsd_236420,fsd50k,data/processed/features/train/SMP_01988.npy
SMP_01989,background_normal,9,8,train,fsd_200386,fsd50k,data/processed/features/train/SMP_01989.npy
SMP_01990,background_normal,9,8,train,fsd_236486,fsd50k,data/processed/features/train/SMP_01990.npy
SMP_01991,background_normal,9,8,train,fsd_193945,fsd50k,data/processed/features/train/SMP_01991.npy
SMP_01992,background_normal,9,8,train,fsd_258016,fsd50k,data/processed/features/train/SMP_01992.npy
SMP_01993,background_normal,9,8,train,fsd_184880,fsd50k,data/processed/features/train/SMP_01993.npy
SMP_01994,background_normal,9,8,val,fsd_86450,fsd50k,data/processed/features/val/SMP_01994.npy
SMP_01995,background_normal,9,8,train,fsd_71136,fsd50k,data/processed/features/train/SMP_01995.npy
SMP_01996,background_normal,9,8,train,fsd_2824,fsd50k,data/processed/features/train/SMP_01996.npy
SMP_01997,background_normal,9,8,train,fsd_77326,fsd50k,data/processed/features/train/SMP_01997.npy
SMP_01998,background_normal,9,8,train,fsd_379212,fsd50k,data/processed/features/train/SMP_01998.npy
SMP_01999,background_normal,9,8,train,fsd_139049,fsd50k,data/processed/features/train/SMP_01999.npy
SMP_02000,background_normal,9,8,train,fsd_92972,fsd50k,data/processed/features/train/SMP_02000.npy
SMP_02001,background_normal,9,8,train,fsd_106793,fsd50k,data/processed/features/train/SMP_02001.npy
SMP_02002,background_normal,9,8,train,fsd_87681,fsd50k,data/processed/features/train/SMP_02002.npy
SMP_02003,background_normal,9,8,val,fsd_152803,fsd50k,data/processed/features/val/SMP_02003.npy
SMP_02004,background_normal,9,8,train,fsd_109918,fsd50k,data/processed/features/train/SMP_02004.npy
SMP_02005,background_normal,9,8,train,fsd_45112,fsd50k,data/processed/features/train/SMP_02005.npy
SMP_02006,background_normal,9,8,train,fsd_252653,fsd50k,data/processed/features/train/SMP_02006.npy
SMP_02007,background_normal,9,8,test,fsd_330850,fsd50k,data/processed/features/test/SMP_02007.npy
SMP_02008,background_normal,9,8,train,fsd_93895,fsd50k,data/processed/features/train/SMP_02008.npy
SMP_02009,background_normal,9,8,train,fsd_118607,fsd50k,data/processed/features/train/SMP_02009.npy
SMP_02010,background_normal,9,8,train,fsd_181264,fsd50k,data/processed/features/train/SMP_02010.npy
SMP_02011,background_normal,9,8,test,fsd_137939,fsd50k,data/processed/features/test/SMP_02011.npy
SMP_02012,background_normal,9,8,test,fsd_189764,fsd50k,data/processed/features/test/SMP_02012.npy
SMP_02013,background_normal,9,8,train,fsd_201319,fsd50k,data/processed/features/train/SMP_02013.npy
SMP_02014,background_normal,9,8,val,fsd_193970,fsd50k,data/processed/features/val/SMP_02014.npy
SMP_02015,background_normal,9,8,val,fsd_162043,fsd50k,data/processed/features/val/SMP_02015.npy
SMP_02016,background_normal,9,8,train,fsd_235016,fsd50k,data/processed/features/train/SMP_02016.npy
SMP_02017,background_normal,9,8,train,fsd_84720,fsd50k,data/processed/features/train/SMP_02017.npy
SMP_02018,background_normal,9,8,train,fsd_235514,fsd50k,data/processed/features/train/SMP_02018.npy
SMP_02019,background_normal,9,8,val,fsd_72009,fsd50k,data/processed/features/val/SMP_02019.npy
SMP_02020,background_normal,9,8,train,fsd_269847,fsd50k,data/processed/features/train/SMP_02020.npy
SMP_02021,background_normal,9,8,test,fsd_343427,fsd50k,data/processed/features/test/SMP_02021.npy
SMP_02022,background_normal,9,8,train,fsd_351110,fsd50k,data/processed/features/train/SMP_02022.npy
SMP_02023,background_normal,9,8,val,fsd_32635,fsd50k,data/processed/features/val/SMP_02023.npy
SMP_02024,background_normal,9,8,train,fsd_80207,fsd50k,data/processed/features/train/SMP_02024.npy
SMP_02025,background_normal,9,8,test,fsd_267504,fsd50k,data/processed/features/test/SMP_02025.npy
SMP_02026,background_normal,9,8,train,fsd_189363,fsd50k,data/processed/features/train/SMP_02026.npy
SMP_02027,background_normal,9,8,train,fsd_236443,fsd50k,data/processed/features/train/SMP_02027.npy
SMP_02028,background_normal,9,8,train,fsd_236682,fsd50k,data/processed/features/train/SMP_02028.npy
SMP_02029,background_normal,9,8,train,fsd_101027,fsd50k,data/processed/features/train/SMP_02029.npy
SMP_02030,background_normal,9,8,train,fsd_93850,fsd50k,data/processed/features/train/SMP_02030.npy
SMP_02031,background_normal,9,8,train,fsd_164824,fsd50k,data/processed/features/train/SMP_02031.npy
SMP_02032,background_normal,9,8,train,fsd_84718,fsd50k,data/processed/features/train/SMP_02032.npy
SMP_02033,background_normal,9,8,val,fsd_196849,fsd50k,data/processed/features/val/SMP_02033.npy
SMP_02034,background_normal,9,8,train,fsd_400736,fsd50k,data/processed/features/train/SMP_02034.npy
SMP_02035,background_normal,9,8,train,fsd_209969,fsd50k,data/processed/features/train/SMP_02035.npy
SMP_02036,background_normal,9,8,val,fsd_205887,fsd50k,data/processed/features/val/SMP_02036.npy
